split,task_id,bundle_id,task_type,expected_action,protocol,spec_id,oracle_type,agent_visible_hash,boundary_group_id,invariance_group_id,interrupt_group_id
dev,sgchem_v1.0__bundle__00004__abstain_contradiction__04,sgchem_v1.0__bundle__00004,abstain_contradiction,ABSTAIN,L1,spec_v2_ro5_balanced_test,unsat_certificate,sha256:470cd6e74f32cd073dc02e6909e1110cd05b9a05e1d66216c62545883faebdd5,,,
dev,sgchem_v1.0__bundle__00004__audit_accept__02,sgchem_v1.0__bundle__00004,audit_accept,ACCEPT,L2,spec_v2_ro5_balanced_test,feasible_witness,sha256:2e02bda9884dbcb25446863f4ccd200974375bd07e67d67f100d9066a0c2a5f9,,,
dev,sgchem_v1.0__bundle__00004__audit_reject__03,sgchem_v1.0__bundle__00004,audit_reject,REJECT,L3,spec_v2_ro5_balanced_test,violation_certificate,sha256:fe2a869aa8b06b04484e8e9927336850c49912c000873c76b4b3442b65861289,,,
dev,sgchem_v1.0__bundle__00004__construct_feasible__01,sgchem_v1.0__bundle__00004,construct_feasible,ACCEPT,L1,spec_v2_ro5_balanced_test,feasible_witness,sha256:63f6cbfc7c86c14c58213ea35fa5432f02a99af785e5cf6b673845cb70cc95a9,,,
dev,sgchem_v1.0__bundle__00004__smiles_invariance__05,sgchem_v1.0__bundle__00004,smiles_invariance,ACCEPT,L1,spec_v2_ro5_balanced_test,equivalence_certificate,sha256:c2218bd4d24c50bdceae4e0a26b4076175d35f26d3cea418744dc0835659bfc2,,sgchem_v1.0__bundle__00004__invariance,
dev,sgchem_v1.0__bundle__00004__smiles_invariance__06,sgchem_v1.0__bundle__00004,smiles_invariance,ACCEPT,L1,spec_v2_ro5_balanced_test,equivalence_certificate,sha256:428629e1158c006fba606c0efb0ce0f697fe2d9979f713ff85971d9e9d79a224,,sgchem_v1.0__bundle__00004__invariance,
dev,sgchem_v1.0__bundle__00006__abstain_contradiction__04,sgchem_v1.0__bundle__00006,abstain_contradiction,ABSTAIN,L1,spec_v2_sa_strict_test,unsat_certificate,sha256:080ba623e8e7c3c062e9ce125ccb4b9645397cee11fd4aa5e568ad450230a8e3,,,
dev,sgchem_v1.0__bundle__00006__audit_accept__02,sgchem_v1.0__bundle__00006,audit_accept,ACCEPT,L1,spec_v2_sa_strict_test,feasible_witness,sha256:643dc0f1c8baa2d5b148ab0a5eea851b8cc46801560dd1813e95b96f9015ee4c,,,
dev,sgchem_v1.0__bundle__00006__audit_reject__03,sgchem_v1.0__bundle__00006,audit_reject,REJECT,L2,spec_v2_sa_strict_test,violation_certificate,sha256:f4186609aad884ebf90e9fa32f156b79f58883899de1bcb7306235a00a707956,,,
dev,sgchem_v1.0__bundle__00006__construct_feasible__01,sgchem_v1.0__bundle__00006,construct_feasible,ACCEPT,L3,spec_v2_sa_strict_test,feasible_witness,sha256:382d61cd96021b8077faccb51233d42cf99914195d1eb1b7e1554d4de928ab0f,,,
dev,sgchem_v1.0__bundle__00006__tool_forced_l3__05,sgchem_v1.0__bundle__00006,tool_forced_l3,ACCEPT,L3,spec_v2_sa_strict_test,repair_witness,sha256:fe2dc5c35fdf63ecabb5afee6e44b048b5ffad057269ddec6de3b92fb9cb2d3b,,,
dev,sgchem_v1.0__bundle__00007__abstain_contradiction__04,sgchem_v1.0__bundle__00007,abstain_contradiction,ABSTAIN,L1,spec_v1_basic,unsat_certificate,sha256:e73fa2a703edc7ad0ef750b0e6c3c8bce2d138cb2cbed1c6ea04bbf95c34ec04,,,
dev,sgchem_v1.0__bundle__00007__audit_accept__02,sgchem_v1.0__bundle__00007,audit_accept,ACCEPT,L2,spec_v1_basic,feasible_witness,sha256:21d94d18546809b6894c7aa3efb64ae20f208f8418109873eef034cd272e2bda,,,
dev,sgchem_v1.0__bundle__00007__audit_reject__03,sgchem_v1.0__bundle__00007,audit_reject,REJECT,L3,spec_v1_basic,violation_certificate,sha256:3814ee21aecf1b80ad390cfa48ed8f7c46ec310e1a8d9b3e748833b455319540,,,
dev,sgchem_v1.0__bundle__00007__construct_feasible__01,sgchem_v1.0__bundle__00007,construct_feasible,ACCEPT,L1,spec_v1_basic,feasible_witness,sha256:f9bd3b165de644e6659ba51a39ad0f2e9c5c401ba15250bd59a4bfc6b0179031,,,
dev,sgchem_v1.0__bundle__00007__repair_near_miss__05,sgchem_v1.0__bundle__00007,repair_near_miss,ACCEPT,L2,spec_v1_basic,repair_witness,sha256:b708cdf7f02978c434a788a9d2080fe68d4ea1a542ae8ca4a0edced8f476da42,,,
dev,sgchem_v1.0__bundle__00011__abstain_contradiction__04,sgchem_v1.0__bundle__00011,abstain_contradiction,ABSTAIN,L1,spec_v2_aromatic_pref_test,unsat_certificate,sha256:8e8264005490d70cfca8aceaf2af50e69621b9906e39c9a0065f1b3c2aa065ac,,,
dev,sgchem_v1.0__bundle__00011__audit_accept__02,sgchem_v1.0__bundle__00011,audit_accept,ACCEPT,L3,spec_v2_aromatic_pref_test,feasible_witness,sha256:bcca764c4680852ca8a7b6eb5bea8da9e6a7a72716249d65019af09dd687bcef,,,
dev,sgchem_v1.0__bundle__00011__audit_reject__03,sgchem_v1.0__bundle__00011,audit_reject,REJECT,L1,spec_v2_aromatic_pref_test,violation_certificate,sha256:aa29ff381943487c52c6b2fa282b8a357070da492d1bb13c15ba54025939c6f6,,,
dev,sgchem_v1.0__bundle__00011__construct_feasible__01,sgchem_v1.0__bundle__00011,construct_feasible,ACCEPT,L2,spec_v2_aromatic_pref_test,feasible_witness,sha256:07b34d01a8ad4d69111991ffa432424209f823b0f0eab8ee6cdd6dac70051735,,,
dev,sgchem_v1.0__bundle__00011__interrupt_resume__05,sgchem_v1.0__bundle__00011,interrupt_resume,ACCEPT,L3,spec_v2_aromatic_pref_test,interrupt_certificate,sha256:2d97d3a5ee122a8bbef8bc357ff78e3c6ba41bfb3e54811c0c03a99b6f062962,,,sgchem_v1.0__bundle__00011__interrupt
dev,sgchem_v1.0__bundle__00012__abstain_contradiction__04,sgchem_v1.0__bundle__00012,abstain_contradiction,ABSTAIN,L1,spec_v2_cns_like_test,unsat_certificate,sha256:bb9e2bda273d7394dfd10ec04c7ff060223e633d9f09b919dc5e2099703ca834,,,
dev,sgchem_v1.0__bundle__00012__audit_accept__02,sgchem_v1.0__bundle__00012,audit_accept,ACCEPT,L1,spec_v2_cns_like_test,feasible_witness,sha256:9a9decd58f574af96003a9f9e1d41647ae011b10fd453d26a5e0b2cd680e061d,,,
dev,sgchem_v1.0__bundle__00012__audit_reject__03,sgchem_v1.0__bundle__00012,audit_reject,REJECT,L2,spec_v2_cns_like_test,violation_certificate,sha256:5bcc438690992e1b5d6630056461ca7303bc0e7eac2f9e062f8315bf516b4149,,,
dev,sgchem_v1.0__bundle__00012__construct_feasible__01,sgchem_v1.0__bundle__00012,construct_feasible,ACCEPT,L3,spec_v2_cns_like_test,feasible_witness,sha256:2d6fb946c370f51033d281051b9713637aaf192b83dc18d9cc64a2244c947b82,,,
dev,sgchem_v1.0__bundle__00012__tool_forced_l3__05,sgchem_v1.0__bundle__00012,tool_forced_l3,ACCEPT,L3,spec_v2_cns_like_test,repair_witness,sha256:e7cea5dc227152d535312f7b2fb90e60b817bd0845b9b32589d670c7a35250ba,,,
dev,sgchem_v1.0__bundle__00014__abstain_contradiction__04,sgchem_v1.0__bundle__00014,abstain_contradiction,ABSTAIN,L1,spec_v2_fragment_ultra_dev,unsat_certificate,sha256:5c9957fc65fd9dad786f08404b0ebb513f1fb83b1d2084b39564cb8f44b99198,,,
dev,sgchem_v1.0__bundle__00014__audit_accept__02,sgchem_v1.0__bundle__00014,audit_accept,ACCEPT,L3,spec_v2_fragment_ultra_dev,feasible_witness,sha256:26d954746f00c514137bdc10c914bb702c5c2caf4a4158377d9ad685598682c8,,,
dev,sgchem_v1.0__bundle__00014__audit_reject__03,sgchem_v1.0__bundle__00014,audit_reject,REJECT,L1,spec_v2_fragment_ultra_dev,violation_certificate,sha256:b56ea2a0dd073d507830dc6b3dc868698e75187de7e3096c78896bd9b4cc8b0e,,,
dev,sgchem_v1.0__bundle__00014__construct_feasible__01,sgchem_v1.0__bundle__00014,construct_feasible,ACCEPT,L2,spec_v2_fragment_ultra_dev,feasible_witness,sha256:9875a0d1f0a013818304ed9577520d2e0f83a1c3714d625338b7aeffc812c967,,,
dev,sgchem_v1.0__bundle__00014__repair_multi_violation__05,sgchem_v1.0__bundle__00014,repair_multi_violation,ACCEPT,L3,spec_v2_fragment_ultra_dev,repair_witness,sha256:6d7208f25234a9218dea77080ccd7bbd9e79c8ef92d4305b63a21c4d50040b76,,,
dev,sgchem_v1.0__bundle__00019__abstain_contradiction__04,sgchem_v1.0__bundle__00019,abstain_contradiction,ABSTAIN,L1,spec_v2_sa_strict_test,unsat_certificate,sha256:48f38f8314630c3656ec3ea6ed9e40f3885f8146c537700e12543ca93675271b,,,
dev,sgchem_v1.0__bundle__00019__audit_accept__02,sgchem_v1.0__bundle__00019,audit_accept,ACCEPT,L2,spec_v2_sa_strict_test,feasible_witness,sha256:9d5d2eb9a37b9367a1b323917404fa44a9ce2af74051a0c05b4ea57643140a02,,,
dev,sgchem_v1.0__bundle__00019__audit_reject__03,sgchem_v1.0__bundle__00019,audit_reject,REJECT,L3,spec_v2_sa_strict_test,violation_certificate,sha256:9c6dbadfe9fe5ef56a397c3affe0fbddec65ee0fb9f95545a1e3fe334219142b,,,
dev,sgchem_v1.0__bundle__00019__construct_feasible__01,sgchem_v1.0__bundle__00019,construct_feasible,ACCEPT,L1,spec_v2_sa_strict_test,feasible_witness,sha256:1c145a05088e7a8c56192fb44c02300731e2cbca968bfacdede97adb358ed49e,,,
dev,sgchem_v1.0__bundle__00019__repair_near_miss__05,sgchem_v1.0__bundle__00019,repair_near_miss,ACCEPT,L2,spec_v2_sa_strict_test,repair_witness,sha256:63c42f75635b6288ffdeaf9ffce9cd7825d3065d845e17c39795f15df6a86767,,,
dev,sgchem_v1.0__bundle__00025__abstain_contradiction__04,sgchem_v1.0__bundle__00025,abstain_contradiction,ABSTAIN,L1,spec_v2_cns_like_test,unsat_certificate,sha256:68b93a5ae7f20c43e02731cd4eb18cc1c1554e194f0a109cfbc2d749a9a391fd,,,
dev,sgchem_v1.0__bundle__00025__audit_accept__02,sgchem_v1.0__bundle__00025,audit_accept,ACCEPT,L2,spec_v2_cns_like_test,feasible_witness,sha256:4238269091aae5b6b112118730c06b250003b7e5caa2d1e48c493e44d4502c37,,,
dev,sgchem_v1.0__bundle__00025__audit_reject__03,sgchem_v1.0__bundle__00025,audit_reject,REJECT,L3,spec_v2_cns_like_test,violation_certificate,sha256:75dd812901768dac12ce38784d39e1c5f5d08d0305475877b45d2067c5f45aa4,,,
dev,sgchem_v1.0__bundle__00025__construct_feasible__01,sgchem_v1.0__bundle__00025,construct_feasible,ACCEPT,L1,spec_v2_cns_like_test,feasible_witness,sha256:f45722d76b68b053fa0da9410ee100d635eb43877c929ab7375c49aa76e6be81,,,
dev,sgchem_v1.0__bundle__00025__repair_near_miss__05,sgchem_v1.0__bundle__00025,repair_near_miss,ACCEPT,L2,spec_v2_cns_like_test,repair_witness,sha256:7116ad36a51a3648eb8972b20ff7a7a933dd942225456446404562d97d052c39,,,
dev,sgchem_v1.0__bundle__00026__abstain_contradiction__04,sgchem_v1.0__bundle__00026,abstain_contradiction,ABSTAIN,L1,spec_v2_fragment_tight_train,unsat_certificate,sha256:b4f0c9216b98b629676748428948abdb2706da15337481c17faad341eeadd87f,,,
dev,sgchem_v1.0__bundle__00026__audit_accept__02,sgchem_v1.0__bundle__00026,audit_accept,ACCEPT,L3,spec_v2_fragment_tight_train,feasible_witness,sha256:01c17eb5760cfccd2e3d4489616fa0a9d7496f4ef00b57bbdc91dc202a92a54f,,,
dev,sgchem_v1.0__bundle__00026__audit_reject__03,sgchem_v1.0__bundle__00026,audit_reject,REJECT,L1,spec_v2_fragment_tight_train,violation_certificate,sha256:3905ec9b3a7ed70ff0829432094e670fe95b3b3cb6345c252c9fbfcc32bded0d,,,
dev,sgchem_v1.0__bundle__00026__construct_feasible__01,sgchem_v1.0__bundle__00026,construct_feasible,ACCEPT,L2,spec_v2_fragment_tight_train,feasible_witness,sha256:01409f96f4c582a8d130668a08cb459ccf9517c767866ef1e6fd89055e7481fc,,,
dev,sgchem_v1.0__bundle__00026__repair_multi_violation__05,sgchem_v1.0__bundle__00026,repair_multi_violation,ACCEPT,L3,spec_v2_fragment_tight_train,repair_witness,sha256:6bafc3ecfa17d9bd3f5964dd497bd730c054b5cebd74830c51ed992d4c5fbcc3,,,
dev,sgchem_v1.0__bundle__00031__abstain_contradiction__04,sgchem_v1.0__bundle__00031,abstain_contradiction,ABSTAIN,L1,spec_v2_sa_relaxed_dev,unsat_certificate,sha256:b71d4f6fc885d9cd4f012c49ac417939beebc6cf157122cc8fa29063e17896ab,,,
dev,sgchem_v1.0__bundle__00031__audit_accept__02,sgchem_v1.0__bundle__00031,audit_accept,ACCEPT,L2,spec_v2_sa_relaxed_dev,feasible_witness,sha256:bb0b4dc611fbbca693fc68b666e9957058f74882d938adfa7519ca3c55553505,,,
dev,sgchem_v1.0__bundle__00031__audit_reject__03,sgchem_v1.0__bundle__00031,audit_reject,REJECT,L3,spec_v2_sa_relaxed_dev,violation_certificate,sha256:a511eb2b3bf9ba8af10fcbec4a8ad77f12ee6237a9d387658cff658d22a0c0f9,,,
dev,sgchem_v1.0__bundle__00031__construct_feasible__01,sgchem_v1.0__bundle__00031,construct_feasible,ACCEPT,L1,spec_v2_sa_relaxed_dev,feasible_witness,sha256:cafde86c67079068202312fe9d96c2d916573987b428f45a73b79e3f16fdbc83,,,
dev,sgchem_v1.0__bundle__00031__repair_near_miss__05,sgchem_v1.0__bundle__00031,repair_near_miss,ACCEPT,L2,spec_v2_sa_relaxed_dev,repair_witness,sha256:0bb6ca2ace886dab007eb96c54dc388c81481fffb2a286a4e4ba7354a39430a5,,,
dev,sgchem_v1.0__bundle__00035__abstain_contradiction__04,sgchem_v1.0__bundle__00035,abstain_contradiction,ABSTAIN,L1,spec_v2_alert_strict_dev,unsat_certificate,sha256:98e0e1e0b9135f0f8627d9ea9171b275e4837e6449402fc09b70b9bc4bdf5c38,,,
dev,sgchem_v1.0__bundle__00035__audit_accept__02,sgchem_v1.0__bundle__00035,audit_accept,ACCEPT,L3,spec_v2_alert_strict_dev,feasible_witness,sha256:430e1e1ed35cb6d4b2067cf2ccea5a1692d9c0d38511fa7c7957ee433636726c,,,
dev,sgchem_v1.0__bundle__00035__audit_reject__03,sgchem_v1.0__bundle__00035,audit_reject,REJECT,L1,spec_v2_alert_strict_dev,violation_certificate,sha256:425574eacd02254f38675b0b77bba23de132f21d324c5e4c597ee94ce949b048,,,
dev,sgchem_v1.0__bundle__00035__construct_feasible__01,sgchem_v1.0__bundle__00035,construct_feasible,ACCEPT,L2,spec_v2_alert_strict_dev,feasible_witness,sha256:5bf08ba94e7468d8e69c7e9cffe1f701e1f51dab55e17520844450bc495deb10,,,
dev,sgchem_v1.0__bundle__00035__interrupt_resume__05,sgchem_v1.0__bundle__00035,interrupt_resume,ACCEPT,L3,spec_v2_alert_strict_dev,interrupt_certificate,sha256:547c51d0ebbdabd5460d68f326ffaf59b451437810430477291045950e613b26,,,sgchem_v1.0__bundle__00035__interrupt
dev,sgchem_v1.0__bundle__00047__abstain_contradiction__04,sgchem_v1.0__bundle__00047,abstain_contradiction,ABSTAIN,L1,spec_v2_alert_soft_train,unsat_certificate,sha256:1b79620b794aa550ffe11987e17ac07739587d4a692157d8aa4a1ca8c6363fd4,,,
dev,sgchem_v1.0__bundle__00047__audit_accept__02,sgchem_v1.0__bundle__00047,audit_accept,ACCEPT,L3,spec_v2_alert_soft_train,feasible_witness,sha256:2048b24283419065dcb20327e4c3e1e49c5553f08004ed3afe7de4905242d777,,,
dev,sgchem_v1.0__bundle__00047__audit_reject__03,sgchem_v1.0__bundle__00047,audit_reject,REJECT,L1,spec_v2_alert_soft_train,violation_certificate,sha256:47ba7d519431c3634064513982cdae341d8c1e460e0712b09b63873b0f009635,,,
dev,sgchem_v1.0__bundle__00047__construct_feasible__01,sgchem_v1.0__bundle__00047,construct_feasible,ACCEPT,L2,spec_v2_alert_soft_train,feasible_witness,sha256:c958e1a54e01b36edb8e4ffb0e7ab5d9d95b5316ca652b0ea3f796dac8de4eab,,,
dev,sgchem_v1.0__bundle__00047__interrupt_resume__05,sgchem_v1.0__bundle__00047,interrupt_resume,ACCEPT,L3,spec_v2_alert_soft_train,interrupt_certificate,sha256:2a9e689e7b3a15d7d4cc91288800409a5b1ef77d3e45c710d17041ef7fdc4871,,,sgchem_v1.0__bundle__00047__interrupt
dev,sgchem_v1.0__bundle__00053__abstain_contradiction__04,sgchem_v1.0__bundle__00053,abstain_contradiction,ABSTAIN,L1,spec_v2_fragment_ultra_dev,unsat_certificate,sha256:6135f5f209537e080f06fa58e42b8c8db75698f49ee411456704691694c86d10,,,
dev,sgchem_v1.0__bundle__00053__audit_accept__02,sgchem_v1.0__bundle__00053,audit_accept,ACCEPT,L3,spec_v2_fragment_ultra_dev,feasible_witness,sha256:f8dd9b1e5073b73464c5378bf5736bef2b5107c2ac86fabdfdb802bf03f7bd48,,,
dev,sgchem_v1.0__bundle__00053__audit_reject__03,sgchem_v1.0__bundle__00053,audit_reject,REJECT,L1,spec_v2_fragment_ultra_dev,violation_certificate,sha256:ff2d5078433c6c05a6a2548a2ebc7f895dd71bf71cf23e038f55d95d2f684758,,,
dev,sgchem_v1.0__bundle__00053__construct_feasible__01,sgchem_v1.0__bundle__00053,construct_feasible,ACCEPT,L2,spec_v2_fragment_ultra_dev,feasible_witness,sha256:31221c04318531168b9eaad94bed93682e8e509583bb1815500c7f89bb223e83,,,
dev,sgchem_v1.0__bundle__00053__interrupt_resume__05,sgchem_v1.0__bundle__00053,interrupt_resume,ACCEPT,L3,spec_v2_fragment_ultra_dev,interrupt_certificate,sha256:ceccd67abfe54e0465708cca361dcc19da2883db14573e0c623f40d007e0a143,,,sgchem_v1.0__bundle__00053__interrupt
dev,sgchem_v1.0__bundle__00064__abstain_contradiction__04,sgchem_v1.0__bundle__00064,abstain_contradiction,ABSTAIN,L1,spec_v2_cns_like_test,unsat_certificate,sha256:6fd2ed139f9e45eaf2f3e7f3ec1b7088e3b1fc245b56bf27a57047f10b3d1179,,,
dev,sgchem_v1.0__bundle__00064__audit_accept__02,sgchem_v1.0__bundle__00064,audit_accept,ACCEPT,L2,spec_v2_cns_like_test,feasible_witness,sha256:7acfe50bce06a952e9f33317298acc9ace7afae994913312b2f7bd9aae8f62bd,,,
dev,sgchem_v1.0__bundle__00064__audit_reject__03,sgchem_v1.0__bundle__00064,audit_reject,REJECT,L3,spec_v2_cns_like_test,violation_certificate,sha256:8bdb5788ab48dc1abee7e29e4eb592b1684bacefa272a77223a9ff6ee9597291,,,
dev,sgchem_v1.0__bundle__00064__construct_feasible__01,sgchem_v1.0__bundle__00064,construct_feasible,ACCEPT,L1,spec_v2_cns_like_test,feasible_witness,sha256:8181b576101ee5b7a842d9a2ef5d8912de61d629bb2a57009b61273ad776526b,,,
dev,sgchem_v1.0__bundle__00064__smiles_invariance__05,sgchem_v1.0__bundle__00064,smiles_invariance,ACCEPT,L1,spec_v2_cns_like_test,equivalence_certificate,sha256:1e8fbcb2af76ab53edb2a49935d878c0c14eea078a771a43039da1148a67c792,,sgchem_v1.0__bundle__00064__invariance,
dev,sgchem_v1.0__bundle__00064__smiles_invariance__06,sgchem_v1.0__bundle__00064,smiles_invariance,ACCEPT,L1,spec_v2_cns_like_test,equivalence_certificate,sha256:10bc8adb17490b58054330b8f98e1f8fdb4eb30fa5ab64ea95c0b79c2326f6e3,,sgchem_v1.0__bundle__00064__invariance,
dev,sgchem_v1.0__bundle__00071__abstain_contradiction__04,sgchem_v1.0__bundle__00071,abstain_contradiction,ABSTAIN,L1,spec_v2_sa_strict_test,unsat_certificate,sha256:5655a249681f11a07ca717e0584b86257f9650fbc54b237ef8bbbba2549920ea,,,
dev,sgchem_v1.0__bundle__00071__audit_accept__02,sgchem_v1.0__bundle__00071,audit_accept,ACCEPT,L3,spec_v2_sa_strict_test,feasible_witness,sha256:8c7ce696d1a83e48a3b87f83bd941900d87cb0f3440e26e87cea613d87b597be,,,
dev,sgchem_v1.0__bundle__00071__audit_reject__03,sgchem_v1.0__bundle__00071,audit_reject,REJECT,L1,spec_v2_sa_strict_test,violation_certificate,sha256:03ac14b557d41ee9f989d621f4da3dd1485fb26298b7988c38c8f54e1f1c4c14,,,
dev,sgchem_v1.0__bundle__00071__construct_feasible__01,sgchem_v1.0__bundle__00071,construct_feasible,ACCEPT,L2,spec_v2_sa_strict_test,feasible_witness,sha256:500a3d6a16a751cc07fe6761972c7c261898a2c785dc18968ebe07bce440190c,,,
dev,sgchem_v1.0__bundle__00071__interrupt_resume__05,sgchem_v1.0__bundle__00071,interrupt_resume,ACCEPT,L3,spec_v2_sa_strict_test,interrupt_certificate,sha256:50b3d9ecae027cc991a1680d06d817da480411209dc3055bb32d8102bef7d633,,,sgchem_v1.0__bundle__00071__interrupt
dev,sgchem_v1.0__bundle__00077__abstain_contradiction__04,sgchem_v1.0__bundle__00077,abstain_contradiction,ABSTAIN,L1,spec_v2_cns_like_test,unsat_certificate,sha256:1faf31dbb07bbe3b1b8059db2d4a1a07621116677d4c437f7d6a27355ada7ae8,,,
dev,sgchem_v1.0__bundle__00077__audit_accept__02,sgchem_v1.0__bundle__00077,audit_accept,ACCEPT,L3,spec_v2_cns_like_test,feasible_witness,sha256:fd7bb19b361f0dd262903235c4e74b1b0e37ce9f315f38394e9dce9c27379f9c,,,
dev,sgchem_v1.0__bundle__00077__audit_reject__03,sgchem_v1.0__bundle__00077,audit_reject,REJECT,L1,spec_v2_cns_like_test,violation_certificate,sha256:c06e8c02a8af665fd9d6832734c91515364738245dbe5457427334a6ab252677,,,
dev,sgchem_v1.0__bundle__00077__construct_feasible__01,sgchem_v1.0__bundle__00077,construct_feasible,ACCEPT,L2,spec_v2_cns_like_test,feasible_witness,sha256:fc9ee80925a0ead0a4a7ad3634a3528e9ccffd3a4bbb5b5de5750c40c9abff52,,,
dev,sgchem_v1.0__bundle__00077__interrupt_resume__05,sgchem_v1.0__bundle__00077,interrupt_resume,ACCEPT,L3,spec_v2_cns_like_test,interrupt_certificate,sha256:cb3a78ff6c841c1bb460551fd4a6965ff35412ba56f65a319b599272cb815a67,,,sgchem_v1.0__bundle__00077__interrupt
dev,sgchem_v1.0__bundle__00078__abstain_contradiction__04,sgchem_v1.0__bundle__00078,abstain_contradiction,ABSTAIN,L1,spec_v2_fragment_tight_train,unsat_certificate,sha256:7381a1b728acfdd544d7f4c836273df872ee2989e7e167443ea10da49a5bd8ef,,,
dev,sgchem_v1.0__bundle__00078__audit_accept__02,sgchem_v1.0__bundle__00078,audit_accept,ACCEPT,L1,spec_v2_fragment_tight_train,feasible_witness,sha256:05c16f8e969ebd2f170f800b5e5772b1c747312a94c99fe62bcd898c7ded2026,,,
dev,sgchem_v1.0__bundle__00078__audit_reject__03,sgchem_v1.0__bundle__00078,audit_reject,REJECT,L2,spec_v2_fragment_tight_train,violation_certificate,sha256:200ea7bd0875b0991b644786e685d4576277edf4331339fdcd213d70a90c31a2,,,
dev,sgchem_v1.0__bundle__00078__construct_feasible__01,sgchem_v1.0__bundle__00078,construct_feasible,ACCEPT,L3,spec_v2_fragment_tight_train,feasible_witness,sha256:d9383ae17a15754f2ebc9aaab6d6a53b2586ebf72481a7526f3f4929c8436cbb,,,
dev,sgchem_v1.0__bundle__00078__tool_forced_l3__05,sgchem_v1.0__bundle__00078,tool_forced_l3,ACCEPT,L3,spec_v2_fragment_tight_train,repair_witness,sha256:e5f53ee4fad720751dc97ce9543cc227b9fc6270da2c4a4b3cd9fa687c69966c,,,
dev,sgchem_v1.0__bundle__00079__abstain_contradiction__04,sgchem_v1.0__bundle__00079,abstain_contradiction,ABSTAIN,L1,spec_v2_fragment_ultra_dev,unsat_certificate,sha256:681bb10b8ea1030045932b22bfcc7bc6d79aa077758a2578f1f890e92743ccab,,,
dev,sgchem_v1.0__bundle__00079__audit_accept__02,sgchem_v1.0__bundle__00079,audit_accept,ACCEPT,L2,spec_v2_fragment_ultra_dev,feasible_witness,sha256:1c506461dac777ab16f0670cde5c23167ce24b277081e89331cd0148fe03a60c,,,
dev,sgchem_v1.0__bundle__00079__audit_reject__03,sgchem_v1.0__bundle__00079,audit_reject,REJECT,L3,spec_v2_fragment_ultra_dev,violation_certificate,sha256:a2d6bea29d3cbd5e23d8e71b8ffa4f1d991d4cdfa8ed31acd67afc0cf53e26ca,,,
dev,sgchem_v1.0__bundle__00079__construct_feasible__01,sgchem_v1.0__bundle__00079,construct_feasible,ACCEPT,L1,spec_v2_fragment_ultra_dev,feasible_witness,sha256:1b16e7e70f8efbcdc6130718a8e0f27f0048b0e5f0a254d9778717b3d881d745,,,
dev,sgchem_v1.0__bundle__00079__repair_near_miss__05,sgchem_v1.0__bundle__00079,repair_near_miss,ACCEPT,L2,spec_v2_fragment_ultra_dev,repair_witness,sha256:d19319a970056a2813fd3585094da88c58c45f58c498920141339016417789fb,,,
dev,sgchem_v1.0__bundle__00080__abstain_contradiction__04,sgchem_v1.0__bundle__00080,abstain_contradiction,ABSTAIN,L1,spec_v2_low_rotor_train,unsat_certificate,sha256:b1aef83a5fbd492f9020d53fc596dfdef8d973e8a6e61096f2cd7512cc05ff57,,,
dev,sgchem_v1.0__bundle__00080__audit_accept__02,sgchem_v1.0__bundle__00080,audit_accept,ACCEPT,L3,spec_v2_low_rotor_train,feasible_witness,sha256:d2692f7aa0e0ca881f20614497ef9d6412121d849f98550412edca41311584fd,,,
dev,sgchem_v1.0__bundle__00080__audit_reject__03,sgchem_v1.0__bundle__00080,audit_reject,REJECT,L1,spec_v2_low_rotor_train,violation_certificate,sha256:0f517c67db73722a7cc871b0184143f5757579beed0b9f1c7cb0bc57aeafa4fd,,,
dev,sgchem_v1.0__bundle__00080__construct_feasible__01,sgchem_v1.0__bundle__00080,construct_feasible,ACCEPT,L2,spec_v2_low_rotor_train,feasible_witness,sha256:a533084b6efb86b6701d35b30f4cb9d9bae16edf2858776f3f0256ebd4313dd0,,,
dev,sgchem_v1.0__bundle__00080__repair_multi_violation__05,sgchem_v1.0__bundle__00080,repair_multi_violation,ACCEPT,L3,spec_v2_low_rotor_train,repair_witness,sha256:44be84c053c68f1e5117aa8b591dd89a90ff8c8ae1ac7a60aa2b9602aa0fe441,,,
dev,sgchem_v1.0__bundle__00082__abstain_contradiction__04,sgchem_v1.0__bundle__00082,abstain_contradiction,ABSTAIN,L1,spec_v2_ro5_balanced_test,unsat_certificate,sha256:b2bad0c156cfd5e566e7eb8e0b36d3978bcfcc733aca345ec4919ab1ce7b7b73,,,
dev,sgchem_v1.0__bundle__00082__audit_accept__02,sgchem_v1.0__bundle__00082,audit_accept,ACCEPT,L2,spec_v2_ro5_balanced_test,feasible_witness,sha256:6ba0c137788005ff7ad57a0b836f0b2f4ea98faaeae44e6505fa13091070bf0e,,,
dev,sgchem_v1.0__bundle__00082__audit_reject__03,sgchem_v1.0__bundle__00082,audit_reject,REJECT,L3,spec_v2_ro5_balanced_test,violation_certificate,sha256:ae757735c780745715022dfeed35edd6bde431683e73a29f14859a471b484fc4,,,
dev,sgchem_v1.0__bundle__00082__construct_feasible__01,sgchem_v1.0__bundle__00082,construct_feasible,ACCEPT,L1,spec_v2_ro5_balanced_test,feasible_witness,sha256:da7607a863d67fce1b00601c35528795328ef75b833029679dc9308abf36b886,,,
dev,sgchem_v1.0__bundle__00082__smiles_invariance__05,sgchem_v1.0__bundle__00082,smiles_invariance,ACCEPT,L1,spec_v2_ro5_balanced_test,equivalence_certificate,sha256:b688cde4631596d5ace064be1623118ba3dedb21141c06dd1193ec99d822d22a,,sgchem_v1.0__bundle__00082__invariance,
dev,sgchem_v1.0__bundle__00082__smiles_invariance__06,sgchem_v1.0__bundle__00082,smiles_invariance,ACCEPT,L1,spec_v2_ro5_balanced_test,equivalence_certificate,sha256:bb1c9b107c3722449374582ff92e4a49933e1a304a78a8d1f46ab990361d6d3b,,sgchem_v1.0__bundle__00082__invariance,
dev,sgchem_v1.0__bundle__00096__abstain_contradiction__04,sgchem_v1.0__bundle__00096,abstain_contradiction,ABSTAIN,L1,spec_v2_sa_relaxed_dev,unsat_certificate,sha256:81096f2003277eb50950d24178c0f423fc9eeb105be97f5c1f98b24d6ee0d972,,,
dev,sgchem_v1.0__bundle__00096__audit_accept__02,sgchem_v1.0__bundle__00096,audit_accept,ACCEPT,L1,spec_v2_sa_relaxed_dev,feasible_witness,sha256:aee03a21125034bc8c089066956e3159af92002847c9b97c73b99584e7592426,,,
dev,sgchem_v1.0__bundle__00096__audit_reject__03,sgchem_v1.0__bundle__00096,audit_reject,REJECT,L2,spec_v2_sa_relaxed_dev,violation_certificate,sha256:3d20a1c1c48d4337c8799e17ffff4df333bb11ad03cf61131999549b77d52f89,,,
dev,sgchem_v1.0__bundle__00096__construct_feasible__01,sgchem_v1.0__bundle__00096,construct_feasible,ACCEPT,L3,spec_v2_sa_relaxed_dev,feasible_witness,sha256:50a6a91ba387de049d017eb6adf49e0bb137540fecc4fcfab3e8166b4091343e,,,
dev,sgchem_v1.0__bundle__00096__tool_forced_l3__05,sgchem_v1.0__bundle__00096,tool_forced_l3,ACCEPT,L3,spec_v2_sa_relaxed_dev,repair_witness,sha256:c4a6ce48e95d88a4ec9d4a6502c880ab82d79cd80494157c8f3fef095c8a47b6,,,
dev,sgchem_v1.0__bundle__00100__abstain_contradiction__04,sgchem_v1.0__bundle__00100,abstain_contradiction,ABSTAIN,L1,spec_v2_alert_strict_dev,unsat_certificate,sha256:92e4d3ccd4e221c53fd7d32faee3565c18a57d52c47fac8547e4631902a07641,,,
dev,sgchem_v1.0__bundle__00100__audit_accept__02,sgchem_v1.0__bundle__00100,audit_accept,ACCEPT,L2,spec_v2_alert_strict_dev,feasible_witness,sha256:f45b7f936e4a50633302f66ad3c0eb7bf9e871289284db00aef3e7e1fc8f585b,,,
dev,sgchem_v1.0__bundle__00100__audit_reject__03,sgchem_v1.0__bundle__00100,audit_reject,REJECT,L3,spec_v2_alert_strict_dev,violation_certificate,sha256:9c91a40e0192603f4f8d6ac97d42e6fe08e3b10a14a173aa5b387a818de27979,,,
dev,sgchem_v1.0__bundle__00100__construct_feasible__01,sgchem_v1.0__bundle__00100,construct_feasible,ACCEPT,L1,spec_v2_alert_strict_dev,feasible_witness,sha256:bea5e9c20acf542e501ba6a57476f22cd864786a8cddccef25a329d7a659ae79,,,
dev,sgchem_v1.0__bundle__00100__smiles_invariance__05,sgchem_v1.0__bundle__00100,smiles_invariance,ACCEPT,L1,spec_v2_alert_strict_dev,equivalence_certificate,sha256:0ba5126dc69ea9decfcf419ce87309764b564f6f7755d21e21703886b2918c43,,sgchem_v1.0__bundle__00100__invariance,
dev,sgchem_v1.0__bundle__00100__smiles_invariance__06,sgchem_v1.0__bundle__00100,smiles_invariance,ACCEPT,L1,spec_v2_alert_strict_dev,equivalence_certificate,sha256:2a48663ea5d35140f6152aa866fbc9b927c9d6741f451fa8ac21fc33b7a57ca1,,sgchem_v1.0__bundle__00100__invariance,
dev,sgchem_v1.0__bundle__00102__abstain_contradiction__04,sgchem_v1.0__bundle__00102,abstain_contradiction,ABSTAIN,L1,spec_v2_aromatic_pref_test,unsat_certificate,sha256:a1bd0093605482261d2e6be7d0c141d10750a894fd3c549ec69e04e8b93e1a77,,,
dev,sgchem_v1.0__bundle__00102__audit_accept__02,sgchem_v1.0__bundle__00102,audit_accept,ACCEPT,L1,spec_v2_aromatic_pref_test,feasible_witness,sha256:c2269a1de3133b5af774d753cb35dc8374d5bd5b8cbc1ec3a1b3f07d57dffccf,,,
dev,sgchem_v1.0__bundle__00102__audit_reject__03,sgchem_v1.0__bundle__00102,audit_reject,REJECT,L2,spec_v2_aromatic_pref_test,violation_certificate,sha256:199cd0634e33f955b7a02a89d2295dd36e4770ed362c34469cd6763b0f68d010,,,
dev,sgchem_v1.0__bundle__00102__construct_feasible__01,sgchem_v1.0__bundle__00102,construct_feasible,ACCEPT,L3,spec_v2_aromatic_pref_test,feasible_witness,sha256:117cf07b1277695d23680c6d3bbfa623ec19bb5cc2ad9e3d827b14a8f6705022,,,
dev,sgchem_v1.0__bundle__00102__tool_forced_l3__05,sgchem_v1.0__bundle__00102,tool_forced_l3,ACCEPT,L3,spec_v2_aromatic_pref_test,repair_witness,sha256:eed082f4763dfa787d9aac25188f105dff0fe8a9e6ab7b17f10e03f0ebb4098b,,,
dev,sgchem_v1.0__bundle__00118__abstain_contradiction__04,sgchem_v1.0__bundle__00118,abstain_contradiction,ABSTAIN,L1,spec_v2_fragment_ultra_dev,unsat_certificate,sha256:0998777812204f7c734c4c72bf35f1168caf2a8019ddc021de6400dd48a86d7b,,,
dev,sgchem_v1.0__bundle__00118__audit_accept__02,sgchem_v1.0__bundle__00118,audit_accept,ACCEPT,L2,spec_v2_fragment_ultra_dev,feasible_witness,sha256:81cb56367fe408e66acfc20cb0bd0674073df5ff7b31d94c506e5bd12e87a866,,,
dev,sgchem_v1.0__bundle__00118__audit_reject__03,sgchem_v1.0__bundle__00118,audit_reject,REJECT,L3,spec_v2_fragment_ultra_dev,violation_certificate,sha256:43f182027fd249eebd2a698bd376549441df6dd282449ceaa32812305f5798c7,,,
dev,sgchem_v1.0__bundle__00118__construct_feasible__01,sgchem_v1.0__bundle__00118,construct_feasible,ACCEPT,L1,spec_v2_fragment_ultra_dev,feasible_witness,sha256:9143a329031d713835d9839a5ca4ae09b1ab8a41f469d498184b8ecb5e07277a,,,
dev,sgchem_v1.0__bundle__00118__smiles_invariance__05,sgchem_v1.0__bundle__00118,smiles_invariance,ACCEPT,L1,spec_v2_fragment_ultra_dev,equivalence_certificate,sha256:b7c5b858236139dd5b15822def3611ab73b2ffe996dbb311fc3af761f57ade3f,,sgchem_v1.0__bundle__00118__invariance,
dev,sgchem_v1.0__bundle__00118__smiles_invariance__06,sgchem_v1.0__bundle__00118,smiles_invariance,ACCEPT,L1,spec_v2_fragment_ultra_dev,equivalence_certificate,sha256:a4870d7b21c7277b54a7d6c3494f65aa27474a0270efb7b1a4216fa604223b31,,sgchem_v1.0__bundle__00118__invariance,
test,sgchem_v1.0__bundle__00002__abstain_contradiction__04,sgchem_v1.0__bundle__00002,abstain_contradiction,ABSTAIN,L1,spec_v2_low_rotor_train,unsat_certificate,sha256:436706fbb1e0eb51d7126e2d8d4ab77bb5d0f93339a1c25ce7b707d0c8ef6f2c,,,
test,sgchem_v1.0__bundle__00002__audit_accept__02,sgchem_v1.0__bundle__00002,audit_accept,ACCEPT,L3,spec_v2_low_rotor_train,feasible_witness,sha256:805a6c80b83ebd8d176d5b9f93d2acd719e70c8fbadaf33a1102bfb393592bf5,,,
test,sgchem_v1.0__bundle__00002__audit_reject__03,sgchem_v1.0__bundle__00002,audit_reject,REJECT,L1,spec_v2_low_rotor_train,violation_certificate,sha256:f70b75285df98547ac7ccacf18a8598cd415b98204612b71c5a732fc34fe6705,,,
test,sgchem_v1.0__bundle__00002__boundary_precision__06,sgchem_v1.0__bundle__00002,boundary_precision,ACCEPT,L2,spec_v2_low_rotor_train,boundary_certificate,sha256:1e409abd6762d41063dbfb2403f50b004798bef461201ee47da2dc96f4a10007,sgchem_v1.0__bundle__00002__boundary,,
test,sgchem_v1.0__bundle__00002__boundary_precision__07,sgchem_v1.0__bundle__00002,boundary_precision,REJECT,L2,spec_v2_low_rotor_train,boundary_certificate,sha256:37ed7a9f22bf85d3d059e8649f01abab00849ab4e3f7affa1f749d3d1926d763,sgchem_v1.0__bundle__00002__boundary,,
test,sgchem_v1.0__bundle__00002__construct_feasible__01,sgchem_v1.0__bundle__00002,construct_feasible,ACCEPT,L2,spec_v2_low_rotor_train,feasible_witness,sha256:d2e880ac534f0816df334e959ed5daca4a5192732178fc2eab1d652e7de52330,,,
test,sgchem_v1.0__bundle__00002__interrupt_resume__08,sgchem_v1.0__bundle__00002,interrupt_resume,ACCEPT,L3,spec_v2_low_rotor_train,interrupt_certificate,sha256:d6af34936186058b949d873ab04acbd944dc8498efaadc01090ea56e902f838c,,,sgchem_v1.0__bundle__00002__interrupt
test,sgchem_v1.0__bundle__00002__repair_multi_violation__05,sgchem_v1.0__bundle__00002,repair_multi_violation,ACCEPT,L3,spec_v2_low_rotor_train,repair_witness,sha256:822ce51896cfce022edc77f7005836adda37c1974521c8dcf8d09e782b658b5d,,,
test,sgchem_v1.0__bundle__00002__repair_near_miss__09,sgchem_v1.0__bundle__00002,repair_near_miss,ACCEPT,L2,spec_v2_low_rotor_train,repair_witness,sha256:853845c72f71f3fd0c26b856c5b1be2e21b2dbfaa83d0258515827a6f04f983f,,,
test,sgchem_v1.0__bundle__00002__smiles_invariance__10,sgchem_v1.0__bundle__00002,smiles_invariance,ACCEPT,L1,spec_v2_low_rotor_train,equivalence_certificate,sha256:f7e2da6550ed37c33c95f31dff5d990ba89950e6149e7f3629668644f2ac57ee,,sgchem_v1.0__bundle__00002__invariance,
test,sgchem_v1.0__bundle__00002__smiles_invariance__11,sgchem_v1.0__bundle__00002,smiles_invariance,ACCEPT,L1,spec_v2_low_rotor_train,equivalence_certificate,sha256:cb61b331bcc36ff3ac1eb5d47297f91f94ac803d7c3266b0685e6fdd0c2b6262,,sgchem_v1.0__bundle__00002__invariance,
test,sgchem_v1.0__bundle__00002__tool_forced_l3__12,sgchem_v1.0__bundle__00002,tool_forced_l3,ACCEPT,L3,spec_v2_low_rotor_train,repair_witness,sha256:025b1acfd7a6097e44d57fe33bb050ed74da45803b2691d2c92d1adf587b926d,,,
test,sgchem_v1.0__bundle__00003__abstain_contradiction__04,sgchem_v1.0__bundle__00003,abstain_contradiction,ABSTAIN,L1,spec_v2_polar_bias_train,unsat_certificate,sha256:3f4c100ec41bf598f033921f8c51c64a942198bbbb15779d5810f7932bbb0ff0,,,
test,sgchem_v1.0__bundle__00003__audit_accept__02,sgchem_v1.0__bundle__00003,audit_accept,ACCEPT,L1,spec_v2_polar_bias_train,feasible_witness,sha256:b0ebac0ee4ebfd4d6c8440446b7260c61e96b64e210b786146a6a79dcaf801ea,,,
test,sgchem_v1.0__bundle__00003__audit_reject__03,sgchem_v1.0__bundle__00003,audit_reject,REJECT,L2,spec_v2_polar_bias_train,violation_certificate,sha256:163b8bdabc75f7e0e81854a8d9a681bb9c10f2aa85a10d8131ed9b32be46c2b1,,,
test,sgchem_v1.0__bundle__00003__boundary_precision__05,sgchem_v1.0__bundle__00003,boundary_precision,ACCEPT,L2,spec_v2_polar_bias_train,boundary_certificate,sha256:73ded3e3856fb0c5c12b075e885bd3989fc7328d3b7658170ead285ff52d6889,sgchem_v1.0__bundle__00003__boundary,,
test,sgchem_v1.0__bundle__00003__boundary_precision__06,sgchem_v1.0__bundle__00003,boundary_precision,REJECT,L2,spec_v2_polar_bias_train,boundary_certificate,sha256:b98bb2f5605e1a9dcbede998857a94acef3fbd1a56956985cefee7659c4280eb,sgchem_v1.0__bundle__00003__boundary,,
test,sgchem_v1.0__bundle__00003__construct_feasible__01,sgchem_v1.0__bundle__00003,construct_feasible,ACCEPT,L3,spec_v2_polar_bias_train,feasible_witness,sha256:2d6b8742a502c5eec2f275bec08429ea691a294165a6ca5dae1bf87361908552,,,
test,sgchem_v1.0__bundle__00003__interrupt_resume__07,sgchem_v1.0__bundle__00003,interrupt_resume,ACCEPT,L3,spec_v2_polar_bias_train,interrupt_certificate,sha256:16c14c4d4ae89e7cfb25e5063d4d7b3d1c0f93489bd6c2b61a00ee971faed241,,,sgchem_v1.0__bundle__00003__interrupt
test,sgchem_v1.0__bundle__00003__repair_multi_violation__08,sgchem_v1.0__bundle__00003,repair_multi_violation,ACCEPT,L3,spec_v2_polar_bias_train,repair_witness,sha256:49994e633c2541c72d4a5865ecef404ad2c34ccc13c2792570254431d85a69df,,,
test,sgchem_v1.0__bundle__00003__repair_near_miss__09,sgchem_v1.0__bundle__00003,repair_near_miss,ACCEPT,L2,spec_v2_polar_bias_train,repair_witness,sha256:33e3112d40d1faa09bc1098c0e41e543c3b1353e0f325a0f7a49193d5ee909a6,,,
test,sgchem_v1.0__bundle__00003__smiles_invariance__10,sgchem_v1.0__bundle__00003,smiles_invariance,ACCEPT,L1,spec_v2_polar_bias_train,equivalence_certificate,sha256:f0cd12f6574ec62d46ddaa39585f36e4afc2adf2f239c74bbbf60d58ea64964e,,sgchem_v1.0__bundle__00003__invariance,
test,sgchem_v1.0__bundle__00003__smiles_invariance__11,sgchem_v1.0__bundle__00003,smiles_invariance,ACCEPT,L1,spec_v2_polar_bias_train,equivalence_certificate,sha256:da2be609ed13c9f8ef3d188eac0727bda0f2bdd84c94cb4aeb05b702445fc3e3,,sgchem_v1.0__bundle__00003__invariance,
test,sgchem_v1.0__bundle__00003__tool_forced_l3__12,sgchem_v1.0__bundle__00003,tool_forced_l3,ACCEPT,L3,spec_v2_polar_bias_train,repair_witness,sha256:d74bd6e336e49117855155f0f895dee30c1de02e796037e7b591c5cd52c13094,,,
test,sgchem_v1.0__bundle__00008__abstain_contradiction__04,sgchem_v1.0__bundle__00008,abstain_contradiction,ABSTAIN,L1,spec_v2_alert_soft_train,unsat_certificate,sha256:73cb7732344115241daaa668c5bf75a5f240d14def60c93c7f658ba5873b0e83,,,
test,sgchem_v1.0__bundle__00008__audit_accept__02,sgchem_v1.0__bundle__00008,audit_accept,ACCEPT,L3,spec_v2_alert_soft_train,feasible_witness,sha256:38da4ccc9073fcb400a82350e20f73b7881b6b285a0a94046de4e44ea934cda1,,,
test,sgchem_v1.0__bundle__00008__audit_reject__03,sgchem_v1.0__bundle__00008,audit_reject,REJECT,L1,spec_v2_alert_soft_train,violation_certificate,sha256:4b4eafdf961730a7537e2c33cfe4538fd61236b66597081e0143a9e99d00c472,,,
test,sgchem_v1.0__bundle__00008__boundary_precision__06,sgchem_v1.0__bundle__00008,boundary_precision,ACCEPT,L2,spec_v2_alert_soft_train,boundary_certificate,sha256:936d52d104d742011a6dac0ee9b311be4e04c7eff0d68533bb5ab5e806ac5630,sgchem_v1.0__bundle__00008__boundary,,
test,sgchem_v1.0__bundle__00008__boundary_precision__07,sgchem_v1.0__bundle__00008,boundary_precision,REJECT,L2,spec_v2_alert_soft_train,boundary_certificate,sha256:e2ce3a0d7d4b3e461f8d549d791ef038039f90cd351db3887acac28a8180f542,sgchem_v1.0__bundle__00008__boundary,,
test,sgchem_v1.0__bundle__00008__construct_feasible__01,sgchem_v1.0__bundle__00008,construct_feasible,ACCEPT,L2,spec_v2_alert_soft_train,feasible_witness,sha256:a3ee065b198ad196375a2450e46199f0ace05af52fa5f0a1eab2060168952bed,,,
test,sgchem_v1.0__bundle__00008__interrupt_resume__08,sgchem_v1.0__bundle__00008,interrupt_resume,ACCEPT,L3,spec_v2_alert_soft_train,interrupt_certificate,sha256:567024ff29129c74659145e67d8b1d5a6c419ba6e202a328c04909888af20f29,,,sgchem_v1.0__bundle__00008__interrupt
test,sgchem_v1.0__bundle__00008__repair_multi_violation__05,sgchem_v1.0__bundle__00008,repair_multi_violation,ACCEPT,L3,spec_v2_alert_soft_train,repair_witness,sha256:9bb11fd3fc9b9a2df2368dbaaac102916eecd0ec94a0b189132025c2a68973b3,,,
test,sgchem_v1.0__bundle__00008__repair_near_miss__09,sgchem_v1.0__bundle__00008,repair_near_miss,ACCEPT,L2,spec_v2_alert_soft_train,repair_witness,sha256:70247267dc90252d84e131619f48763392ee062d2aa20ca0c82f6bd5e6d1076d,,,
test,sgchem_v1.0__bundle__00008__tool_forced_l3__10,sgchem_v1.0__bundle__00008,tool_forced_l3,ACCEPT,L3,spec_v2_alert_soft_train,repair_witness,sha256:4fced2ac8bb31de2c8863f0098bf3e83f5dd3f28843fa9f4966b48ad64e4bbef,,,
test,sgchem_v1.0__bundle__00010__abstain_contradiction__04,sgchem_v1.0__bundle__00010,abstain_contradiction,ABSTAIN,L1,spec_v2_amide_friendly_dev,unsat_certificate,sha256:a1c8f7c24c9391b1729560caee2180b34b251a670a9f46ecdd35c74995f69e84,,,
test,sgchem_v1.0__bundle__00010__audit_accept__02,sgchem_v1.0__bundle__00010,audit_accept,ACCEPT,L2,spec_v2_amide_friendly_dev,feasible_witness,sha256:f809ee22a5eb6dbd3cf00f1125ef13b5deb4718d2ba45f17525fbeee31bcb1a0,,,
test,sgchem_v1.0__bundle__00010__audit_reject__03,sgchem_v1.0__bundle__00010,audit_reject,REJECT,L3,spec_v2_amide_friendly_dev,violation_certificate,sha256:f12acb030749a7697330b696c8f6abeb88daa4124032ed657bc82c7ca02c4bec,,,
test,sgchem_v1.0__bundle__00010__construct_feasible__01,sgchem_v1.0__bundle__00010,construct_feasible,ACCEPT,L1,spec_v2_amide_friendly_dev,feasible_witness,sha256:e9f359a4dbb6fb5fe53f25590725b3d21b0c0b04a4485dbae86f01a9116b44d8,,,
test,sgchem_v1.0__bundle__00010__interrupt_resume__07,sgchem_v1.0__bundle__00010,interrupt_resume,ACCEPT,L3,spec_v2_amide_friendly_dev,interrupt_certificate,sha256:fa6f63372005c390778ef329328edc8dc96ea67c2248fed652ff3303f2849e07,,,sgchem_v1.0__bundle__00010__interrupt
test,sgchem_v1.0__bundle__00010__repair_multi_violation__08,sgchem_v1.0__bundle__00010,repair_multi_violation,ACCEPT,L3,spec_v2_amide_friendly_dev,repair_witness,sha256:a43d65ea1c028b7df60485ef8a9febd4163aad4115899475c1b7f259f997acad,,,
test,sgchem_v1.0__bundle__00010__repair_near_miss__09,sgchem_v1.0__bundle__00010,repair_near_miss,ACCEPT,L2,spec_v2_amide_friendly_dev,repair_witness,sha256:f8ec314ff541792f19f555fe809bac95ad15f2144cd78f0a248a77973f1f2941,,,
test,sgchem_v1.0__bundle__00010__smiles_invariance__05,sgchem_v1.0__bundle__00010,smiles_invariance,ACCEPT,L1,spec_v2_amide_friendly_dev,equivalence_certificate,sha256:9410b6cf0932d8cd0061d5e4fa134cbaca77343dbcb2cc01b8a4bb660b50564f,,sgchem_v1.0__bundle__00010__invariance,
test,sgchem_v1.0__bundle__00010__smiles_invariance__06,sgchem_v1.0__bundle__00010,smiles_invariance,ACCEPT,L1,spec_v2_amide_friendly_dev,equivalence_certificate,sha256:c40229778a184726f99aab0938eefcce2bc63e74795f57f78374785c32dbcaf9,,sgchem_v1.0__bundle__00010__invariance,
test,sgchem_v1.0__bundle__00010__tool_forced_l3__10,sgchem_v1.0__bundle__00010,tool_forced_l3,ACCEPT,L3,spec_v2_amide_friendly_dev,repair_witness,sha256:6e53d93989e4792a15e269c7c70a24c88f46d8b28145eaf28e2555976433470c,,,
test,sgchem_v1.0__bundle__00016__abstain_contradiction__04,sgchem_v1.0__bundle__00016,abstain_contradiction,ABSTAIN,L1,spec_v2_polar_bias_train,unsat_certificate,sha256:4b21cccdfc9909ea93772da621a5d548585e8085b40dd73b632d5eed9a026338,,,
test,sgchem_v1.0__bundle__00016__audit_accept__02,sgchem_v1.0__bundle__00016,audit_accept,ACCEPT,L2,spec_v2_polar_bias_train,feasible_witness,sha256:d651bc65fee66e0f2f56479b73f4f30768a67bf3177d2a98b5d1fa3f12df1578,,,
test,sgchem_v1.0__bundle__00016__audit_reject__03,sgchem_v1.0__bundle__00016,audit_reject,REJECT,L3,spec_v2_polar_bias_train,violation_certificate,sha256:50cf77cc993810e5bf4335771a514503497b3d0af5f54f1529489e486655729b,,,
test,sgchem_v1.0__bundle__00016__construct_feasible__01,sgchem_v1.0__bundle__00016,construct_feasible,ACCEPT,L1,spec_v2_polar_bias_train,feasible_witness,sha256:24fdbcc1c502c6c89b4709a322c9322c41c64fe3c758b77550f8455ebb8ade08,,,
test,sgchem_v1.0__bundle__00016__interrupt_resume__07,sgchem_v1.0__bundle__00016,interrupt_resume,ACCEPT,L3,spec_v2_polar_bias_train,interrupt_certificate,sha256:25dc44e46f64395f52cab474c84490be8f227e959719cd1cdf676fe8c659c17b,,,sgchem_v1.0__bundle__00016__interrupt
test,sgchem_v1.0__bundle__00016__repair_multi_violation__08,sgchem_v1.0__bundle__00016,repair_multi_violation,ACCEPT,L3,spec_v2_polar_bias_train,repair_witness,sha256:50c1f0a613e55fda1d8a3e59ece0cc97dd0794de23d9eaaca5005e055f842882,,,
test,sgchem_v1.0__bundle__00016__repair_near_miss__09,sgchem_v1.0__bundle__00016,repair_near_miss,ACCEPT,L2,spec_v2_polar_bias_train,repair_witness,sha256:8237b6c126ab9e60b3446144e42198f9a3f26e34fa4c273a0776defd99b2190a,,,
test,sgchem_v1.0__bundle__00016__smiles_invariance__05,sgchem_v1.0__bundle__00016,smiles_invariance,ACCEPT,L1,spec_v2_polar_bias_train,equivalence_certificate,sha256:c4cab185ce754d4f4148fd77f7f6acacd47af4e4c715717fada518caf6678159,,sgchem_v1.0__bundle__00016__invariance,
test,sgchem_v1.0__bundle__00016__smiles_invariance__06,sgchem_v1.0__bundle__00016,smiles_invariance,ACCEPT,L1,spec_v2_polar_bias_train,equivalence_certificate,sha256:f88134eb4df0d849ddd8466c63a9ec1ed5f21fc963acaf217f9ad5441ee10968,,sgchem_v1.0__bundle__00016__invariance,
test,sgchem_v1.0__bundle__00016__tool_forced_l3__10,sgchem_v1.0__bundle__00016,tool_forced_l3,ACCEPT,L3,spec_v2_polar_bias_train,repair_witness,sha256:34c978c179b8390cc455fe12c4f9155971e063435259b2c24074b3656446bb96,,,
test,sgchem_v1.0__bundle__00017__abstain_contradiction__04,sgchem_v1.0__bundle__00017,abstain_contradiction,ABSTAIN,L1,spec_v2_ro5_balanced_test,unsat_certificate,sha256:61bce1e04a01266e7edb5807c5acbccc5469597042669033b954b4286eaf838d,,,
test,sgchem_v1.0__bundle__00017__audit_accept__02,sgchem_v1.0__bundle__00017,audit_accept,ACCEPT,L3,spec_v2_ro5_balanced_test,feasible_witness,sha256:3eba75c4b35b5b49f6c7e109a52a35a9bd32bdaee290dfcc8bd9c1f6c28a7ed5,,,
test,sgchem_v1.0__bundle__00017__audit_reject__03,sgchem_v1.0__bundle__00017,audit_reject,REJECT,L1,spec_v2_ro5_balanced_test,violation_certificate,sha256:dea948945a14af4d923d517c0151847adf3a99b828470ceae2448ef32e1e7f3c,,,
test,sgchem_v1.0__bundle__00017__construct_feasible__01,sgchem_v1.0__bundle__00017,construct_feasible,ACCEPT,L2,spec_v2_ro5_balanced_test,feasible_witness,sha256:466f97a7f617b167fa2043621246f4e25155ff3f37e280b67f3171b346a70ece,,,
test,sgchem_v1.0__bundle__00017__interrupt_resume__05,sgchem_v1.0__bundle__00017,interrupt_resume,ACCEPT,L3,spec_v2_ro5_balanced_test,interrupt_certificate,sha256:e2706d7e39aa721cd7dccb30d7dc3e6d4b5ea48c3fb63b9951b47ebefbd2dcd5,,,sgchem_v1.0__bundle__00017__interrupt
test,sgchem_v1.0__bundle__00017__repair_multi_violation__06,sgchem_v1.0__bundle__00017,repair_multi_violation,ACCEPT,L3,spec_v2_ro5_balanced_test,repair_witness,sha256:a28a626a70e2dc3cc787190dfae73abddd4e429bf338c0213983643d21745399,,,
test,sgchem_v1.0__bundle__00017__repair_near_miss__07,sgchem_v1.0__bundle__00017,repair_near_miss,ACCEPT,L2,spec_v2_ro5_balanced_test,repair_witness,sha256:3dfe2f83bc937c090310b5cf520fa08367d10a14b4be423f22a09efde68a2b80,,,
test,sgchem_v1.0__bundle__00017__tool_forced_l3__08,sgchem_v1.0__bundle__00017,tool_forced_l3,ACCEPT,L3,spec_v2_ro5_balanced_test,repair_witness,sha256:1ce11c1e84a6c4c77225613a2e9ac039ea3a6405d9c24afb1c201d14dc188b37,,,
test,sgchem_v1.0__bundle__00020__abstain_contradiction__04,sgchem_v1.0__bundle__00020,abstain_contradiction,ABSTAIN,L1,spec_v1_basic,unsat_certificate,sha256:7166e21fcd441a04b049c99fc3570dfbdb00001cb110f5c8d8620fe48e69e9e6,,,
test,sgchem_v1.0__bundle__00020__audit_accept__02,sgchem_v1.0__bundle__00020,audit_accept,ACCEPT,L3,spec_v1_basic,feasible_witness,sha256:b91a5954b488c808711127a139a1e33a4f121c138584a2909c8cc402230e9274,,,
test,sgchem_v1.0__bundle__00020__audit_reject__03,sgchem_v1.0__bundle__00020,audit_reject,REJECT,L1,spec_v1_basic,violation_certificate,sha256:fb07ab4448e4ea5a3a91de1c3b9dd1d77db9e36eb2f7aa9ca3bcfcfb7bea8e28,,,
test,sgchem_v1.0__bundle__00020__construct_feasible__01,sgchem_v1.0__bundle__00020,construct_feasible,ACCEPT,L2,spec_v1_basic,feasible_witness,sha256:0fbee4b91d730442cf39e28dc56b3936c367e4f8a5cf32b15c63c3d82ccdd402,,,
test,sgchem_v1.0__bundle__00020__interrupt_resume__06,sgchem_v1.0__bundle__00020,interrupt_resume,ACCEPT,L3,spec_v1_basic,interrupt_certificate,sha256:eddb2d37451d3c14f0f56d0cb20b82d5d98fcb17cb7b0325230b38b860064ff3,,,sgchem_v1.0__bundle__00020__interrupt
test,sgchem_v1.0__bundle__00020__repair_multi_violation__05,sgchem_v1.0__bundle__00020,repair_multi_violation,ACCEPT,L3,spec_v1_basic,repair_witness,sha256:1b90c4bb0ef40186a09e3ef28cfedbe437e4bb5d6a5ae9f702bfaa19915dde34,,,
test,sgchem_v1.0__bundle__00020__repair_near_miss__07,sgchem_v1.0__bundle__00020,repair_near_miss,ACCEPT,L2,spec_v1_basic,repair_witness,sha256:6051783052fefc4613bc55d51daa64ffc61623a76c18c0a3e61d76e9a595b5d1,,,
test,sgchem_v1.0__bundle__00020__tool_forced_l3__08,sgchem_v1.0__bundle__00020,tool_forced_l3,ACCEPT,L3,spec_v1_basic,repair_witness,sha256:4c1903ca9eb5cca4875c30dc906839e7e3121d8d537493881e3dda54b057d050,,,
test,sgchem_v1.0__bundle__00021__abstain_contradiction__04,sgchem_v1.0__bundle__00021,abstain_contradiction,ABSTAIN,L1,spec_v2_alert_soft_train,unsat_certificate,sha256:fe762ee0d4c42b38ed3d7bc0db2f8a7d83ae6adb00ad70f76b3e9c818939a509,,,
test,sgchem_v1.0__bundle__00021__audit_accept__02,sgchem_v1.0__bundle__00021,audit_accept,ACCEPT,L1,spec_v2_alert_soft_train,feasible_witness,sha256:46f61ff362b9dd7d6bf97b8bd53f09a542625103747164fe425a569601baf483,,,
test,sgchem_v1.0__bundle__00021__audit_reject__03,sgchem_v1.0__bundle__00021,audit_reject,REJECT,L2,spec_v2_alert_soft_train,violation_certificate,sha256:4ecfc85ed71de713e73f9e08940d5873389bda4508cd591aac66f6672aa073b0,,,
test,sgchem_v1.0__bundle__00021__boundary_precision__05,sgchem_v1.0__bundle__00021,boundary_precision,ACCEPT,L2,spec_v2_alert_soft_train,boundary_certificate,sha256:e8db41d3b8c6fcf28885752382ff2f818f2bea279de79dc13147bf9c3cf3bcfc,sgchem_v1.0__bundle__00021__boundary,,
test,sgchem_v1.0__bundle__00021__boundary_precision__06,sgchem_v1.0__bundle__00021,boundary_precision,REJECT,L2,spec_v2_alert_soft_train,boundary_certificate,sha256:799fe573a6ac77398cc815ba688db620b8b3b2a081317946e1ba5267609e6c88,sgchem_v1.0__bundle__00021__boundary,,
test,sgchem_v1.0__bundle__00021__construct_feasible__01,sgchem_v1.0__bundle__00021,construct_feasible,ACCEPT,L3,spec_v2_alert_soft_train,feasible_witness,sha256:aa5bce6452c6917b015459c032c1d11c579c61d98167912ae96cd376d854ab98,,,
test,sgchem_v1.0__bundle__00021__interrupt_resume__07,sgchem_v1.0__bundle__00021,interrupt_resume,ACCEPT,L3,spec_v2_alert_soft_train,interrupt_certificate,sha256:c91ce3d308177648c6cbc7cb7e0a5d1c7418c5d539492bea2d4f9e0589292621,,,sgchem_v1.0__bundle__00021__interrupt
test,sgchem_v1.0__bundle__00021__repair_multi_violation__08,sgchem_v1.0__bundle__00021,repair_multi_violation,ACCEPT,L3,spec_v2_alert_soft_train,repair_witness,sha256:3afd32ba6c6963f40fa0c59fb4cfa82f3015ccbf7837572d75a32441dcda3662,,,
test,sgchem_v1.0__bundle__00021__repair_near_miss__09,sgchem_v1.0__bundle__00021,repair_near_miss,ACCEPT,L2,spec_v2_alert_soft_train,repair_witness,sha256:937687ebdf47672cc6dd7d4bec16b96b3b2e77b21ddda4923d2071cda3dff71a,,,
test,sgchem_v1.0__bundle__00022__abstain_contradiction__04,sgchem_v1.0__bundle__00022,abstain_contradiction,ABSTAIN,L1,spec_v2_alert_strict_dev,unsat_certificate,sha256:cce7f9e1dc847c22202173e87eb9c94ec7bf5e839371d4b60f7ce656d159c23f,,,
test,sgchem_v1.0__bundle__00022__audit_accept__02,sgchem_v1.0__bundle__00022,audit_accept,ACCEPT,L2,spec_v2_alert_strict_dev,feasible_witness,sha256:af54b48ddbf7f7ea583cb0e09dd91ed5412ecb12f179be5dc475310929ff8033,,,
test,sgchem_v1.0__bundle__00022__audit_reject__03,sgchem_v1.0__bundle__00022,audit_reject,REJECT,L3,spec_v2_alert_strict_dev,violation_certificate,sha256:ecbed41f50a70c581e2740303d00e92601094e326fd41a925ab49a99b57199a5,,,
test,sgchem_v1.0__bundle__00022__construct_feasible__01,sgchem_v1.0__bundle__00022,construct_feasible,ACCEPT,L1,spec_v2_alert_strict_dev,feasible_witness,sha256:ea9b10e743a8d25ba8ce4d677a5ccc4392480d1a7a5350c4867c87fd825304be,,,
test,sgchem_v1.0__bundle__00022__repair_multi_violation__07,sgchem_v1.0__bundle__00022,repair_multi_violation,ACCEPT,L3,spec_v2_alert_strict_dev,repair_witness,sha256:1f3144be7be9b5a835282d765f801f98a535c2e563e7211c7bc83682e6466fb7,,,
test,sgchem_v1.0__bundle__00022__repair_near_miss__08,sgchem_v1.0__bundle__00022,repair_near_miss,ACCEPT,L2,spec_v2_alert_strict_dev,repair_witness,sha256:3126b54eeb19d583ede5a65d5aa20b9e58ebdb4d2ace42c3824fab352bd25ff1,,,
test,sgchem_v1.0__bundle__00022__smiles_invariance__05,sgchem_v1.0__bundle__00022,smiles_invariance,ACCEPT,L1,spec_v2_alert_strict_dev,equivalence_certificate,sha256:1dcce44c30506c2163fa21dbb66f08872f91360175e07d37990d9a1f59718fa1,,sgchem_v1.0__bundle__00022__invariance,
test,sgchem_v1.0__bundle__00022__smiles_invariance__06,sgchem_v1.0__bundle__00022,smiles_invariance,ACCEPT,L1,spec_v2_alert_strict_dev,equivalence_certificate,sha256:4876cf629299777750150c44106ecc9edf873716324808d2dc3578ea101ae505,,sgchem_v1.0__bundle__00022__invariance,
test,sgchem_v1.0__bundle__00030__abstain_contradiction__04,sgchem_v1.0__bundle__00030,abstain_contradiction,ABSTAIN,L1,spec_v2_ro5_balanced_test,unsat_certificate,sha256:8415a44eb991e4347e3f55803933c4a07202b3dac1e62ac3b91420583d9c1aa0,,,
test,sgchem_v1.0__bundle__00030__audit_accept__02,sgchem_v1.0__bundle__00030,audit_accept,ACCEPT,L1,spec_v2_ro5_balanced_test,feasible_witness,sha256:1f41ad28b12be38b0f1e4ad5385c6b4971555a395164558493f5875198abbd89,,,
test,sgchem_v1.0__bundle__00030__audit_reject__03,sgchem_v1.0__bundle__00030,audit_reject,REJECT,L2,spec_v2_ro5_balanced_test,violation_certificate,sha256:c5b7139ad94a4c748fd0f710422a2ea45a661252ac8a61ad06184ff77c37c4ea,,,
test,sgchem_v1.0__bundle__00030__construct_feasible__01,sgchem_v1.0__bundle__00030,construct_feasible,ACCEPT,L3,spec_v2_ro5_balanced_test,feasible_witness,sha256:aeb671c29781d098da80d94f2ae3e532abc44f35459e2bed4d4be2686070141a,,,
test,sgchem_v1.0__bundle__00030__repair_multi_violation__06,sgchem_v1.0__bundle__00030,repair_multi_violation,ACCEPT,L3,spec_v2_ro5_balanced_test,repair_witness,sha256:cc0ccb112bb245321551929361e272da07e96e1bf089f2f9258ba18ab4d4c88c,,,
test,sgchem_v1.0__bundle__00030__repair_near_miss__07,sgchem_v1.0__bundle__00030,repair_near_miss,ACCEPT,L2,spec_v2_ro5_balanced_test,repair_witness,sha256:5a9944d62ae59e699173deb9c4e07f9692ce56ca243e9fc29686662ce7a81fd1,,,
test,sgchem_v1.0__bundle__00030__tool_forced_l3__05,sgchem_v1.0__bundle__00030,tool_forced_l3,ACCEPT,L3,spec_v2_ro5_balanced_test,repair_witness,sha256:a9ccc5c335d6fa470072633abf94435ea336a5b439f2e6ca76e888e14a39ea48,,,
test,sgchem_v1.0__bundle__00036__abstain_contradiction__04,sgchem_v1.0__bundle__00036,abstain_contradiction,ABSTAIN,L1,spec_v2_amide_friendly_dev,unsat_certificate,sha256:82eeb146a15e5e5f3e1028de7b731afedcf87bc3f7e459246d66c2e0849860cc,,,
test,sgchem_v1.0__bundle__00036__audit_accept__02,sgchem_v1.0__bundle__00036,audit_accept,ACCEPT,L1,spec_v2_amide_friendly_dev,feasible_witness,sha256:4f06d454c080b417c251392646972c79ec7d2c974a9cf06e6dafda0b73155a3c,,,
test,sgchem_v1.0__bundle__00036__audit_reject__03,sgchem_v1.0__bundle__00036,audit_reject,REJECT,L2,spec_v2_amide_friendly_dev,violation_certificate,sha256:af48f62ae1b6d4d0698e141b9d70f48a6416dc93a65eaf403c53f6cafecfed25,,,
test,sgchem_v1.0__bundle__00036__construct_feasible__01,sgchem_v1.0__bundle__00036,construct_feasible,ACCEPT,L3,spec_v2_amide_friendly_dev,feasible_witness,sha256:17ad77267ec1cd0fe450f962b1699671c3b0d57f9a6ec583ce8260a9749e764d,,,
test,sgchem_v1.0__bundle__00036__repair_multi_violation__06,sgchem_v1.0__bundle__00036,repair_multi_violation,ACCEPT,L3,spec_v2_amide_friendly_dev,repair_witness,sha256:c6203b836ad9c35a1e6db187ee9388534c7144480830fabb76a1d71ef2ee9704,,,
test,sgchem_v1.0__bundle__00036__repair_near_miss__07,sgchem_v1.0__bundle__00036,repair_near_miss,ACCEPT,L2,spec_v2_amide_friendly_dev,repair_witness,sha256:a156f25669ef4387d7adb722991a63966b01aecc9e0f76f329cb324c3da081c9,,,
test,sgchem_v1.0__bundle__00036__tool_forced_l3__05,sgchem_v1.0__bundle__00036,tool_forced_l3,ACCEPT,L3,spec_v2_amide_friendly_dev,repair_witness,sha256:51c18c65591556dcb10fc031f5c7ed9ab09e14f4ba755e5c70c3746d3ea1d488,,,
test,sgchem_v1.0__bundle__00037__abstain_contradiction__04,sgchem_v1.0__bundle__00037,abstain_contradiction,ABSTAIN,L1,spec_v2_aromatic_pref_test,unsat_certificate,sha256:407a35a33892f32eccd7b5be7f3ae829e7da96f85ed6affd71c7dfbff71096d7,,,
test,sgchem_v1.0__bundle__00037__audit_accept__02,sgchem_v1.0__bundle__00037,audit_accept,ACCEPT,L2,spec_v2_aromatic_pref_test,feasible_witness,sha256:79afb60a77b491ca621b8e3c74f574f50458f4d9e91c6e0d339d962edc1344cf,,,
test,sgchem_v1.0__bundle__00037__audit_reject__03,sgchem_v1.0__bundle__00037,audit_reject,REJECT,L3,spec_v2_aromatic_pref_test,violation_certificate,sha256:e4f8bd8c6077fb721ea6fc4990820139b56d7a9db61ec76db28d3e43cf3e5c24,,,
test,sgchem_v1.0__bundle__00037__construct_feasible__01,sgchem_v1.0__bundle__00037,construct_feasible,ACCEPT,L1,spec_v2_aromatic_pref_test,feasible_witness,sha256:bfbb5de94132b96009e6456ac78c00bdbcb667cafd29b23513ce6ddba5305559,,,
test,sgchem_v1.0__bundle__00037__repair_multi_violation__06,sgchem_v1.0__bundle__00037,repair_multi_violation,ACCEPT,L3,spec_v2_aromatic_pref_test,repair_witness,sha256:ca572ff838fbe15ed31b85fe64ad29b0034e0e33c4f8bb2fd31e1fa5262d3944,,,
test,sgchem_v1.0__bundle__00037__repair_near_miss__05,sgchem_v1.0__bundle__00037,repair_near_miss,ACCEPT,L2,spec_v2_aromatic_pref_test,repair_witness,sha256:f874d50b58a13b95637ce2acbbf16a0f08d8a59d02ca8b9eb82c70fe8a7a08cc,,,
test,sgchem_v1.0__bundle__00038__abstain_contradiction__04,sgchem_v1.0__bundle__00038,abstain_contradiction,ABSTAIN,L1,spec_v2_cns_like_test,unsat_certificate,sha256:76252898ebae4133864d6519ea41fc166136cf9c12099d665b05fab5612bdc2d,,,
test,sgchem_v1.0__bundle__00038__audit_accept__02,sgchem_v1.0__bundle__00038,audit_accept,ACCEPT,L3,spec_v2_cns_like_test,feasible_witness,sha256:71366940596072909cf5cce667ce744d17ca0c453dc184520789681226a25f0d,,,
test,sgchem_v1.0__bundle__00038__audit_reject__03,sgchem_v1.0__bundle__00038,audit_reject,REJECT,L1,spec_v2_cns_like_test,violation_certificate,sha256:7b3b73dbbbc377ff0958983ea5e6749935b8bba96566701f78066ffaa87f0926,,,
test,sgchem_v1.0__bundle__00038__construct_feasible__01,sgchem_v1.0__bundle__00038,construct_feasible,ACCEPT,L2,spec_v2_cns_like_test,feasible_witness,sha256:e2814289dd73b20a6e4cd16578521ddd54237e1d365fc7dba0d8836b2b8d96e8,,,
test,sgchem_v1.0__bundle__00038__repair_multi_violation__05,sgchem_v1.0__bundle__00038,repair_multi_violation,ACCEPT,L3,spec_v2_cns_like_test,repair_witness,sha256:e7abb2c3ff5e4465042426a90423dfe3eee252859e1cceb68626cbbf2a453780,,,
test,sgchem_v1.0__bundle__00038__repair_near_miss__06,sgchem_v1.0__bundle__00038,repair_near_miss,ACCEPT,L2,spec_v2_cns_like_test,repair_witness,sha256:59dd15065f75f2e918aed03d04781346aa90b5f1ee2efe89ca8cc13c23d9bf63,,,
test,sgchem_v1.0__bundle__00040__abstain_contradiction__04,sgchem_v1.0__bundle__00040,abstain_contradiction,ABSTAIN,L1,spec_v2_fragment_ultra_dev,unsat_certificate,sha256:fe473a7a1d49a021dd54bed69ca554a557d7c73ec1eedfa7525c9123a16f7c19,,,
test,sgchem_v1.0__bundle__00040__audit_accept__02,sgchem_v1.0__bundle__00040,audit_accept,ACCEPT,L2,spec_v2_fragment_ultra_dev,feasible_witness,sha256:d6f410ee04f9dc9df4dc0eb38144bdaba8378e35346f9d48efbe5fb8c1141639,,,
test,sgchem_v1.0__bundle__00040__audit_reject__03,sgchem_v1.0__bundle__00040,audit_reject,REJECT,L3,spec_v2_fragment_ultra_dev,violation_certificate,sha256:9e9df2eabc9af0045b1c4da42a8155f83c63a2502946ef077d5cf0648cd40406,,,
test,sgchem_v1.0__bundle__00040__construct_feasible__01,sgchem_v1.0__bundle__00040,construct_feasible,ACCEPT,L1,spec_v2_fragment_ultra_dev,feasible_witness,sha256:7064f132a44c61256eb21e95d8e5d47c122aaf61acc79a6681155576b912baf8,,,
test,sgchem_v1.0__bundle__00040__repair_multi_violation__07,sgchem_v1.0__bundle__00040,repair_multi_violation,ACCEPT,L3,spec_v2_fragment_ultra_dev,repair_witness,sha256:c9f3859d7abf56a7a4f6c244d99be8e3157bb847e5714caa5076ac6bf7d470b8,,,
test,sgchem_v1.0__bundle__00040__repair_near_miss__08,sgchem_v1.0__bundle__00040,repair_near_miss,ACCEPT,L2,spec_v2_fragment_ultra_dev,repair_witness,sha256:02022a97802e5367bc6af07a6377f26fec0ab9f65a48471d11870c0793e02f44,,,
test,sgchem_v1.0__bundle__00040__smiles_invariance__05,sgchem_v1.0__bundle__00040,smiles_invariance,ACCEPT,L1,spec_v2_fragment_ultra_dev,equivalence_certificate,sha256:a4d03b849dc8305f8664198c5f9fe6bca700ce68028146cee3b55aa5a03a75e0,,sgchem_v1.0__bundle__00040__invariance,
test,sgchem_v1.0__bundle__00040__smiles_invariance__06,sgchem_v1.0__bundle__00040,smiles_invariance,ACCEPT,L1,spec_v2_fragment_ultra_dev,equivalence_certificate,sha256:ab838f9f6bce4353e5e96b212deb6bb9359e77c3d4884225a29bd5b3575d7f9e,,sgchem_v1.0__bundle__00040__invariance,
test,sgchem_v1.0__bundle__00044__abstain_contradiction__04,sgchem_v1.0__bundle__00044,abstain_contradiction,ABSTAIN,L1,spec_v2_sa_relaxed_dev,unsat_certificate,sha256:4f16c378ac53cb8a3f4fbcf00a9f66ddce46bfcfed1651ab34f1762af31007d4,,,
test,sgchem_v1.0__bundle__00044__audit_accept__02,sgchem_v1.0__bundle__00044,audit_accept,ACCEPT,L3,spec_v2_sa_relaxed_dev,feasible_witness,sha256:1056a875cc88e5785a14172cb9fb2a006e841ecdc4bdab43f771c906b262a379,,,
test,sgchem_v1.0__bundle__00044__audit_reject__03,sgchem_v1.0__bundle__00044,audit_reject,REJECT,L1,spec_v2_sa_relaxed_dev,violation_certificate,sha256:8ec1c7ebd63872ac95081240c6d7b42908f3ee7d602a958e6989993d6eda24a3,,,
test,sgchem_v1.0__bundle__00044__construct_feasible__01,sgchem_v1.0__bundle__00044,construct_feasible,ACCEPT,L2,spec_v2_sa_relaxed_dev,feasible_witness,sha256:263a059007d2a3b410a7468828826cbd5301e47d5e1bd319b28cbcafd6a5daa9,,,
test,sgchem_v1.0__bundle__00044__repair_multi_violation__05,sgchem_v1.0__bundle__00044,repair_multi_violation,ACCEPT,L3,spec_v2_sa_relaxed_dev,repair_witness,sha256:62787485bb8eee54e1f8093577f132f5a83fcd39b79ea9e13f6bfad4d21257ca,,,
test,sgchem_v1.0__bundle__00044__repair_near_miss__06,sgchem_v1.0__bundle__00044,repair_near_miss,ACCEPT,L2,spec_v2_sa_relaxed_dev,repair_witness,sha256:55979bb6abaf3d10b5db6f6935a4903abebb49f4b3d9021317c446293c6c3315,,,
test,sgchem_v1.0__bundle__00046__abstain_contradiction__04,sgchem_v1.0__bundle__00046,abstain_contradiction,ABSTAIN,L1,spec_v1_basic,unsat_certificate,sha256:694786d00e8456c6b5aed55a07be96856a89b93b7af87b6a4ca92e28b46c92fe,,,
test,sgchem_v1.0__bundle__00046__audit_accept__02,sgchem_v1.0__bundle__00046,audit_accept,ACCEPT,L2,spec_v1_basic,feasible_witness,sha256:fc6abca4b5ee40c2ff83fa93b1c254124c4087c8481740ec3f73a635f2acba5d,,,
test,sgchem_v1.0__bundle__00046__audit_reject__03,sgchem_v1.0__bundle__00046,audit_reject,REJECT,L3,spec_v1_basic,violation_certificate,sha256:b53835ad892297e5b0bb14bcee88e3d98b5a5c95460b1b969950727550374d85,,,
test,sgchem_v1.0__bundle__00046__construct_feasible__01,sgchem_v1.0__bundle__00046,construct_feasible,ACCEPT,L1,spec_v1_basic,feasible_witness,sha256:72ac04c4b356e9c7c3b1e3436dad1e7f53b04595cc70f196778c155b60b4058c,,,
test,sgchem_v1.0__bundle__00046__repair_near_miss__07,sgchem_v1.0__bundle__00046,repair_near_miss,ACCEPT,L2,spec_v1_basic,repair_witness,sha256:97d8a556b14deb6f363bbeb7f216a07d23864f496a3306dc8031c7f50233c6e0,,,
test,sgchem_v1.0__bundle__00046__smiles_invariance__05,sgchem_v1.0__bundle__00046,smiles_invariance,ACCEPT,L1,spec_v1_basic,equivalence_certificate,sha256:369e22cf4cf3c09ccb96ff448b199fb1a6b71a1157519c7d79af6d8b225498fb,,sgchem_v1.0__bundle__00046__invariance,
test,sgchem_v1.0__bundle__00046__smiles_invariance__06,sgchem_v1.0__bundle__00046,smiles_invariance,ACCEPT,L1,spec_v1_basic,equivalence_certificate,sha256:4db5c08b734f1e6379e52b4a0d025cddbd9031fb995e9b7dff67640318282030,,sgchem_v1.0__bundle__00046__invariance,
test,sgchem_v1.0__bundle__00050__abstain_contradiction__04,sgchem_v1.0__bundle__00050,abstain_contradiction,ABSTAIN,L1,spec_v2_aromatic_pref_test,unsat_certificate,sha256:4b7f77e6d4304fef947a4f4d6229ae56ea323b26f597eb2547ee9f956b4a2723,,,
test,sgchem_v1.0__bundle__00050__audit_accept__02,sgchem_v1.0__bundle__00050,audit_accept,ACCEPT,L3,spec_v2_aromatic_pref_test,feasible_witness,sha256:567e03f9b2c8b2894cd6cfb8eb9e1720fd0acbdc04a01c98cd2d60ca3c45bbf9,,,
test,sgchem_v1.0__bundle__00050__audit_reject__03,sgchem_v1.0__bundle__00050,audit_reject,REJECT,L1,spec_v2_aromatic_pref_test,violation_certificate,sha256:5021f15e6bb6a97df749032db71f1a03f09ed08fc874ec651b79de80747a229d,,,
test,sgchem_v1.0__bundle__00050__construct_feasible__01,sgchem_v1.0__bundle__00050,construct_feasible,ACCEPT,L2,spec_v2_aromatic_pref_test,feasible_witness,sha256:689cd3e0b7681193846859425bc9cce3bb2d8e5bf5fb18ef48facb79c9a9029e,,,
test,sgchem_v1.0__bundle__00050__repair_multi_violation__05,sgchem_v1.0__bundle__00050,repair_multi_violation,ACCEPT,L3,spec_v2_aromatic_pref_test,repair_witness,sha256:905c424bcd31e5d42ceee6e94742312fe8e688ed621e0dd5763e745b857afe2f,,,
test,sgchem_v1.0__bundle__00050__repair_near_miss__06,sgchem_v1.0__bundle__00050,repair_near_miss,ACCEPT,L2,spec_v2_aromatic_pref_test,repair_witness,sha256:9ac5d9086e65b2240f3ea2ac3295c0e8dcd3bfff46f54592a0f654c83e5cff04,,,
test,sgchem_v1.0__bundle__00051__abstain_contradiction__04,sgchem_v1.0__bundle__00051,abstain_contradiction,ABSTAIN,L1,spec_v2_cns_like_test,unsat_certificate,sha256:93d60df48e529464d0d25ed31bf85a673752456b42370da01a655692b8abb5b1,,,
test,sgchem_v1.0__bundle__00051__audit_accept__02,sgchem_v1.0__bundle__00051,audit_accept,ACCEPT,L1,spec_v2_cns_like_test,feasible_witness,sha256:a6e0ef3f8f46a0dd868ba834f08e0ee140e04058ce8bc580ca5deccc2ae566c1,,,
test,sgchem_v1.0__bundle__00051__audit_reject__03,sgchem_v1.0__bundle__00051,audit_reject,REJECT,L2,spec_v2_cns_like_test,violation_certificate,sha256:571d02f1f0701e2067810b685350ebdcc6d63b0e9ec8718443380e5d8f5454ee,,,
test,sgchem_v1.0__bundle__00051__boundary_precision__05,sgchem_v1.0__bundle__00051,boundary_precision,ACCEPT,L2,spec_v2_cns_like_test,boundary_certificate,sha256:cafaff438c5f0ac1697d5aa568f5abdbc1de5d147ff5dcc533b0506d071ed404,sgchem_v1.0__bundle__00051__boundary,,
test,sgchem_v1.0__bundle__00051__boundary_precision__06,sgchem_v1.0__bundle__00051,boundary_precision,REJECT,L2,spec_v2_cns_like_test,boundary_certificate,sha256:e915bde8f3bdc8d381f6a99febe6d7de9c1cfa12417f6413ec25a15965971311,sgchem_v1.0__bundle__00051__boundary,,
test,sgchem_v1.0__bundle__00051__construct_feasible__01,sgchem_v1.0__bundle__00051,construct_feasible,ACCEPT,L3,spec_v2_cns_like_test,feasible_witness,sha256:abd29592ad2791dd14db459eff4020e24a1f8783bc18c063c0f81cd5b96153e5,,,
test,sgchem_v1.0__bundle__00056__abstain_contradiction__04,sgchem_v1.0__bundle__00056,abstain_contradiction,ABSTAIN,L1,spec_v2_ro5_balanced_test,unsat_certificate,sha256:ac584552b0d62f3eddcc5a629756df397a56940b771a6f72488656f7eb5307e0,,,
test,sgchem_v1.0__bundle__00056__audit_accept__02,sgchem_v1.0__bundle__00056,audit_accept,ACCEPT,L3,spec_v2_ro5_balanced_test,feasible_witness,sha256:a60baccb84db00877a698cf6d88867c7a08146a80596551f632eb44d0d0322aa,,,
test,sgchem_v1.0__bundle__00056__audit_reject__03,sgchem_v1.0__bundle__00056,audit_reject,REJECT,L1,spec_v2_ro5_balanced_test,violation_certificate,sha256:79c73b4ac4c3aabc93645bac216d7f1416e1a414cdef31664260c7e8b1fbe696,,,
test,sgchem_v1.0__bundle__00056__construct_feasible__01,sgchem_v1.0__bundle__00056,construct_feasible,ACCEPT,L2,spec_v2_ro5_balanced_test,feasible_witness,sha256:58989491a693cc06a3595d5641002b0edcea855642521b58e172538ffb9c8c3f,,,
test,sgchem_v1.0__bundle__00056__repair_multi_violation__05,sgchem_v1.0__bundle__00056,repair_multi_violation,ACCEPT,L3,spec_v2_ro5_balanced_test,repair_witness,sha256:0d5969899356d8510e30c8b37f6fcdddd324918ff8c8af14198b7e6d1175ba59,,,
test,sgchem_v1.0__bundle__00058__abstain_contradiction__04,sgchem_v1.0__bundle__00058,abstain_contradiction,ABSTAIN,L1,spec_v2_sa_strict_test,unsat_certificate,sha256:b53d37e1f0e3bd3bc3bdb3efe1eaa9b69d68a77291727cb3fcc5c830eb10d69f,,,
test,sgchem_v1.0__bundle__00058__audit_accept__02,sgchem_v1.0__bundle__00058,audit_accept,ACCEPT,L2,spec_v2_sa_strict_test,feasible_witness,sha256:1ea7771987ba47e5d220d44aefd5932e1ad9bf37d6bbe5243d05814bfa2ada7b,,,
test,sgchem_v1.0__bundle__00058__audit_reject__03,sgchem_v1.0__bundle__00058,audit_reject,REJECT,L3,spec_v2_sa_strict_test,violation_certificate,sha256:b111dc57f4cbb13ec89f9d6d85ed1e2f4a9148e8650434e5a4c9ae3434d35e7b,,,
test,sgchem_v1.0__bundle__00058__construct_feasible__01,sgchem_v1.0__bundle__00058,construct_feasible,ACCEPT,L1,spec_v2_sa_strict_test,feasible_witness,sha256:62caba9ad8206779ab92165c018f8b0adeaf91c59362285b83aa21339856c672,,,
test,sgchem_v1.0__bundle__00058__smiles_invariance__05,sgchem_v1.0__bundle__00058,smiles_invariance,ACCEPT,L1,spec_v2_sa_strict_test,equivalence_certificate,sha256:b8c2ccc9731dfe1357a9da7136aaccf290adf9c7d04d235edcf47f565a47123b,,sgchem_v1.0__bundle__00058__invariance,
test,sgchem_v1.0__bundle__00058__smiles_invariance__06,sgchem_v1.0__bundle__00058,smiles_invariance,ACCEPT,L1,spec_v2_sa_strict_test,equivalence_certificate,sha256:ca4eebf181ed012a0df4144bf94a6109f662ee61a9e546d85a6fa7567927a5c0,,sgchem_v1.0__bundle__00058__invariance,
test,sgchem_v1.0__bundle__00060__abstain_contradiction__04,sgchem_v1.0__bundle__00060,abstain_contradiction,ABSTAIN,L1,spec_v2_alert_soft_train,unsat_certificate,sha256:f7fbf0773ead939756ea50c5808c6410ab73b37a9ba308eb80041ecb550fdf6d,,,
test,sgchem_v1.0__bundle__00060__audit_accept__02,sgchem_v1.0__bundle__00060,audit_accept,ACCEPT,L1,spec_v2_alert_soft_train,feasible_witness,sha256:ea98879a1cdcc8ce795dab4dcb4258e684618f2e8c80edf28977c08eae9f3091,,,
test,sgchem_v1.0__bundle__00060__audit_reject__03,sgchem_v1.0__bundle__00060,audit_reject,REJECT,L2,spec_v2_alert_soft_train,violation_certificate,sha256:56bc4638834911b506531eb6c360aa7e6954cb536b17687ff333b92243c17e6b,,,
test,sgchem_v1.0__bundle__00060__construct_feasible__01,sgchem_v1.0__bundle__00060,construct_feasible,ACCEPT,L3,spec_v2_alert_soft_train,feasible_witness,sha256:67d3399c69f6529583a44c57abc32a40d3930035034319cb65a65c723fa14bc2,,,
test,sgchem_v1.0__bundle__00060__tool_forced_l3__05,sgchem_v1.0__bundle__00060,tool_forced_l3,ACCEPT,L3,spec_v2_alert_soft_train,repair_witness,sha256:9a54be968e04e7462414a3a0d7699144d76109bf918036cf6156e9997cdbd183,,,
test,sgchem_v1.0__bundle__00062__abstain_contradiction__04,sgchem_v1.0__bundle__00062,abstain_contradiction,ABSTAIN,L1,spec_v2_amide_friendly_dev,unsat_certificate,sha256:7a0835c82c1c4a5c39a3188cbb143c1a4a08fb0c2721409535392f5f22f58c04,,,
test,sgchem_v1.0__bundle__00062__audit_accept__02,sgchem_v1.0__bundle__00062,audit_accept,ACCEPT,L3,spec_v2_amide_friendly_dev,feasible_witness,sha256:197e1f73a5b7310fb7ae8178737b72d9d12882c35dadbb1c54232f0a59292167,,,
test,sgchem_v1.0__bundle__00062__audit_reject__03,sgchem_v1.0__bundle__00062,audit_reject,REJECT,L1,spec_v2_amide_friendly_dev,violation_certificate,sha256:b71bab49e8099d4f159fc1ba1e7a57c350123d228625c3ca49ae67abf7d8e923,,,
test,sgchem_v1.0__bundle__00062__construct_feasible__01,sgchem_v1.0__bundle__00062,construct_feasible,ACCEPT,L2,spec_v2_amide_friendly_dev,feasible_witness,sha256:68ff7f5caaab1860673177cbb9b3c54783d648f0e6aec97a348b7b8218ac0ca8,,,
test,sgchem_v1.0__bundle__00062__repair_multi_violation__05,sgchem_v1.0__bundle__00062,repair_multi_violation,ACCEPT,L3,spec_v2_amide_friendly_dev,repair_witness,sha256:85f594884113d234c055fe1e0f107374041377ee466d5c8bfe56d20435a821db,,,
test,sgchem_v1.0__bundle__00063__abstain_contradiction__04,sgchem_v1.0__bundle__00063,abstain_contradiction,ABSTAIN,L1,spec_v2_aromatic_pref_test,unsat_certificate,sha256:d64c52f921db1522d5ad8b2e9de5f816220571c3acc1a757ad35655127a9dddb,,,
test,sgchem_v1.0__bundle__00063__audit_accept__02,sgchem_v1.0__bundle__00063,audit_accept,ACCEPT,L1,spec_v2_aromatic_pref_test,feasible_witness,sha256:e6f810120c276f6c51109b8b8487914e2101863d3fbbff4974f2e3f8ce7ed8e9,,,
test,sgchem_v1.0__bundle__00063__audit_reject__03,sgchem_v1.0__bundle__00063,audit_reject,REJECT,L2,spec_v2_aromatic_pref_test,violation_certificate,sha256:a0dc4222886b80ea89db0875bea2ecc8e2cb7e87e18969327e1a0adf95f8afc7,,,
test,sgchem_v1.0__bundle__00063__boundary_precision__05,sgchem_v1.0__bundle__00063,boundary_precision,ACCEPT,L2,spec_v2_aromatic_pref_test,boundary_certificate,sha256:a8d5419d108b22944d579653e407f1a7939ed853378eccc08a5f81818ad5ad3a,sgchem_v1.0__bundle__00063__boundary,,
test,sgchem_v1.0__bundle__00063__boundary_precision__06,sgchem_v1.0__bundle__00063,boundary_precision,REJECT,L2,spec_v2_aromatic_pref_test,boundary_certificate,sha256:eacd2e68664719f6bd9036befc30b9e3f47f6541dffe713052fb1f7226b49b73,sgchem_v1.0__bundle__00063__boundary,,
test,sgchem_v1.0__bundle__00063__construct_feasible__01,sgchem_v1.0__bundle__00063,construct_feasible,ACCEPT,L3,spec_v2_aromatic_pref_test,feasible_witness,sha256:8e83cf60f212cab357a7cb93103341c9a55f1a755739a99d8c5ef59074883301,,,
test,sgchem_v1.0__bundle__00069__abstain_contradiction__04,sgchem_v1.0__bundle__00069,abstain_contradiction,ABSTAIN,L1,spec_v2_ro5_balanced_test,unsat_certificate,sha256:41cfa0ef7e3d3f039541dd4a7d4722051e8edd1931394095634c41bcd3fbe6f1,,,
test,sgchem_v1.0__bundle__00069__audit_accept__02,sgchem_v1.0__bundle__00069,audit_accept,ACCEPT,L1,spec_v2_ro5_balanced_test,feasible_witness,sha256:9a9b6683849147e0f6e0a846a21f2225371a5281fb4b7cda6bf318278c7183f1,,,
test,sgchem_v1.0__bundle__00069__audit_reject__03,sgchem_v1.0__bundle__00069,audit_reject,REJECT,L2,spec_v2_ro5_balanced_test,violation_certificate,sha256:0ff6cdce34c52a17785c6f08c3a0c62126fb91d280c10005ee8c330b341ee7af,,,
test,sgchem_v1.0__bundle__00069__boundary_precision__05,sgchem_v1.0__bundle__00069,boundary_precision,ACCEPT,L2,spec_v2_ro5_balanced_test,boundary_certificate,sha256:1d40cf14c7fdeb1a587714c09ae07ed8bf70ef9211396146b4438a27f27283d3,sgchem_v1.0__bundle__00069__boundary,,
test,sgchem_v1.0__bundle__00069__boundary_precision__06,sgchem_v1.0__bundle__00069,boundary_precision,REJECT,L2,spec_v2_ro5_balanced_test,boundary_certificate,sha256:578efc997be227ab2a5d1494a5e4c439efaef6da5d8ac5f32163354402c8a96b,sgchem_v1.0__bundle__00069__boundary,,
test,sgchem_v1.0__bundle__00069__construct_feasible__01,sgchem_v1.0__bundle__00069,construct_feasible,ACCEPT,L3,spec_v2_ro5_balanced_test,feasible_witness,sha256:5e4be9d2872e881c62a89bb97a7fbd620ad0618fb1fbbbbbd81368734178bf77,,,
test,sgchem_v1.0__bundle__00070__abstain_contradiction__04,sgchem_v1.0__bundle__00070,abstain_contradiction,ABSTAIN,L1,spec_v2_sa_relaxed_dev,unsat_certificate,sha256:3c41912a0fd8962c3d78217e2049fb9998564992a255aa305f8ae814a02ea055,,,
test,sgchem_v1.0__bundle__00070__audit_accept__02,sgchem_v1.0__bundle__00070,audit_accept,ACCEPT,L2,spec_v2_sa_relaxed_dev,feasible_witness,sha256:f97ab24ab8d280bb067fbc9e8061955284ef2e621385e5a4141c73245911b2a0,,,
test,sgchem_v1.0__bundle__00070__audit_reject__03,sgchem_v1.0__bundle__00070,audit_reject,REJECT,L3,spec_v2_sa_relaxed_dev,violation_certificate,sha256:c7ea1eeedae459cab54e124f3d6a13441ef81028bd26624dbd27448e3d7fccd7,,,
test,sgchem_v1.0__bundle__00070__construct_feasible__01,sgchem_v1.0__bundle__00070,construct_feasible,ACCEPT,L1,spec_v2_sa_relaxed_dev,feasible_witness,sha256:aaf09a6774b5eecf827d3769b1ea5ee78330e42a36436480c50eae1dcb293607,,,
test,sgchem_v1.0__bundle__00070__smiles_invariance__05,sgchem_v1.0__bundle__00070,smiles_invariance,ACCEPT,L1,spec_v2_sa_relaxed_dev,equivalence_certificate,sha256:cf8109b0497fa61b3011951c76078282f9d66fc1c1b115fdf8a6c9e37ccd903d,,sgchem_v1.0__bundle__00070__invariance,
test,sgchem_v1.0__bundle__00070__smiles_invariance__06,sgchem_v1.0__bundle__00070,smiles_invariance,ACCEPT,L1,spec_v2_sa_relaxed_dev,equivalence_certificate,sha256:c04a819b7379f3c29b3ca344fa7b516155995d0514ae09e56c8c50b073b17396,,sgchem_v1.0__bundle__00070__invariance,
test,sgchem_v1.0__bundle__00075__abstain_contradiction__04,sgchem_v1.0__bundle__00075,abstain_contradiction,ABSTAIN,L1,spec_v2_amide_friendly_dev,unsat_certificate,sha256:f563361daa523bbadd83135250e8d0ed0ba5a822def0db531ef71dcb3803e209,,,
test,sgchem_v1.0__bundle__00075__audit_accept__02,sgchem_v1.0__bundle__00075,audit_accept,ACCEPT,L1,spec_v2_amide_friendly_dev,feasible_witness,sha256:c121d16724a7a9af106d3e57c3c2ef1a857a85b7f458364d8d148e66f2fac5a1,,,
test,sgchem_v1.0__bundle__00075__audit_reject__03,sgchem_v1.0__bundle__00075,audit_reject,REJECT,L2,spec_v2_amide_friendly_dev,violation_certificate,sha256:2fa837f3a8c9975d77f8ac50219fa16bb46a5d63f0b6a7e00be4056eb07a2631,,,
test,sgchem_v1.0__bundle__00075__boundary_precision__05,sgchem_v1.0__bundle__00075,boundary_precision,ACCEPT,L2,spec_v2_amide_friendly_dev,boundary_certificate,sha256:4d07322792a3d8062349999f27f26d884742767d367cacbb647a6476cedd3dcd,sgchem_v1.0__bundle__00075__boundary,,
test,sgchem_v1.0__bundle__00075__boundary_precision__06,sgchem_v1.0__bundle__00075,boundary_precision,REJECT,L2,spec_v2_amide_friendly_dev,boundary_certificate,sha256:942d4f1d1d45daaece05c54f781dd1553370471b88488f22dd9186570e71a8ec,sgchem_v1.0__bundle__00075__boundary,,
test,sgchem_v1.0__bundle__00075__construct_feasible__01,sgchem_v1.0__bundle__00075,construct_feasible,ACCEPT,L3,spec_v2_amide_friendly_dev,feasible_witness,sha256:50c86c3cb0c5c3eb69655bca6ff1464c0e36bafa3191b678088a79681a8ed5a3,,,
test,sgchem_v1.0__bundle__00085__abstain_contradiction__04,sgchem_v1.0__bundle__00085,abstain_contradiction,ABSTAIN,L1,spec_v1_basic,unsat_certificate,sha256:bf016aec458711cfeeaf3d13198727b28fda2955bcef716d9340050f591d697f,,,
test,sgchem_v1.0__bundle__00085__audit_accept__02,sgchem_v1.0__bundle__00085,audit_accept,ACCEPT,L2,spec_v1_basic,feasible_witness,sha256:8e39fea3f2c08b3dd2852ff91b114cbf5b9dbae569204fd53ef4dff3d4387bc8,,,
test,sgchem_v1.0__bundle__00085__audit_reject__03,sgchem_v1.0__bundle__00085,audit_reject,REJECT,L3,spec_v1_basic,violation_certificate,sha256:a50c9e8074106b6884a0fc41aecd716ffdc084bf704f982d0a219932ed10da11,,,
test,sgchem_v1.0__bundle__00085__construct_feasible__01,sgchem_v1.0__bundle__00085,construct_feasible,ACCEPT,L1,spec_v1_basic,feasible_witness,sha256:1ee1719e558bc980fad635ad9db69e214bf12bbcce9af4e16c70134a105607f9,,,
test,sgchem_v1.0__bundle__00085__repair_near_miss__05,sgchem_v1.0__bundle__00085,repair_near_miss,ACCEPT,L2,spec_v1_basic,repair_witness,sha256:b6e3fe841a79ca63fd9c2e4788966fb245c4645947ad0aa9a1c56e4779152def,,,
test,sgchem_v1.0__bundle__00092__abstain_contradiction__04,sgchem_v1.0__bundle__00092,abstain_contradiction,ABSTAIN,L1,spec_v2_fragment_ultra_dev,unsat_certificate,sha256:bc90c6b3e9d02cf25e7c3c17e35e804ce96ba22b14d94832171dc570410d5bb1,,,
test,sgchem_v1.0__bundle__00092__audit_accept__02,sgchem_v1.0__bundle__00092,audit_accept,ACCEPT,L3,spec_v2_fragment_ultra_dev,feasible_witness,sha256:20e3d11a7fdde470aa3a8c3c8a4bc423146e2679ed378bd9e36d0401ed4b5f96,,,
test,sgchem_v1.0__bundle__00092__audit_reject__03,sgchem_v1.0__bundle__00092,audit_reject,REJECT,L1,spec_v2_fragment_ultra_dev,violation_certificate,sha256:532b4f1f86299df1f9e256713c3d9f4221678af5085a2199766493cb0dda182b,,,
test,sgchem_v1.0__bundle__00092__construct_feasible__01,sgchem_v1.0__bundle__00092,construct_feasible,ACCEPT,L2,spec_v2_fragment_ultra_dev,feasible_witness,sha256:1b3f4d2a4f41f207b421c6096b63ba5d270caf89577082c5e8cc51bad1c5cedd,,,
test,sgchem_v1.0__bundle__00092__repair_multi_violation__05,sgchem_v1.0__bundle__00092,repair_multi_violation,ACCEPT,L3,spec_v2_fragment_ultra_dev,repair_witness,sha256:e2062fd09449de7043036765bb68b5fc34e4f4140fb54a3d2e6ebb036b12ac1b,,,
test,sgchem_v1.0__bundle__00093__abstain_contradiction__04,sgchem_v1.0__bundle__00093,abstain_contradiction,ABSTAIN,L1,spec_v2_low_rotor_train,unsat_certificate,sha256:58ae0f4e5191fa9b1677351e1ae1fbee66cffeb0c9138f1a0e314e8cfb6c7f29,,,
test,sgchem_v1.0__bundle__00093__audit_accept__02,sgchem_v1.0__bundle__00093,audit_accept,ACCEPT,L1,spec_v2_low_rotor_train,feasible_witness,sha256:c223515b1195769132a50bdc5f273f53804bf7336ebbe3599daee0d70c2a8b0b,,,
test,sgchem_v1.0__bundle__00093__audit_reject__03,sgchem_v1.0__bundle__00093,audit_reject,REJECT,L2,spec_v2_low_rotor_train,violation_certificate,sha256:2f8755f4b8f7374633b7c97c26e2712db85f78a02e44be4846ae589e9b595025,,,
test,sgchem_v1.0__bundle__00093__boundary_precision__05,sgchem_v1.0__bundle__00093,boundary_precision,ACCEPT,L2,spec_v2_low_rotor_train,boundary_certificate,sha256:bb63e04cf529aea883be20767e1f82a234a4f219ccbe3e35db773b051205718d,sgchem_v1.0__bundle__00093__boundary,,
test,sgchem_v1.0__bundle__00093__boundary_precision__06,sgchem_v1.0__bundle__00093,boundary_precision,REJECT,L2,spec_v2_low_rotor_train,boundary_certificate,sha256:873bb9371f6f88f00fc5863e833494fc9e13eba0baf69a663ad49c0db24d71f9,sgchem_v1.0__bundle__00093__boundary,,
test,sgchem_v1.0__bundle__00093__construct_feasible__01,sgchem_v1.0__bundle__00093,construct_feasible,ACCEPT,L3,spec_v2_low_rotor_train,feasible_witness,sha256:8d836394b619f04a3ee71358b8e0d87e80ac8b4cac4c49118d80854656571f3f,,,
test,sgchem_v1.0__bundle__00095__abstain_contradiction__04,sgchem_v1.0__bundle__00095,abstain_contradiction,ABSTAIN,L1,spec_v2_ro5_balanced_test,unsat_certificate,sha256:4e59bd0944627aa3861beb3be4d7fbdeb372602841513ae2953215bace607ece,,,
test,sgchem_v1.0__bundle__00095__audit_accept__02,sgchem_v1.0__bundle__00095,audit_accept,ACCEPT,L3,spec_v2_ro5_balanced_test,feasible_witness,sha256:999e9fffc9b4fde6cf2a75ac43452aac6f0cc7e682a4777eb0797859a734ab7a,,,
test,sgchem_v1.0__bundle__00095__audit_reject__03,sgchem_v1.0__bundle__00095,audit_reject,REJECT,L1,spec_v2_ro5_balanced_test,violation_certificate,sha256:13f275997527b842ef9f88a1c8946756abe492a6a8034dff421aa93a379dbe30,,,
test,sgchem_v1.0__bundle__00095__construct_feasible__01,sgchem_v1.0__bundle__00095,construct_feasible,ACCEPT,L2,spec_v2_ro5_balanced_test,feasible_witness,sha256:1c5d3c2c6e5e8624f291a2dc2362837f359aa0bd859d23ac105096dd86413db3,,,
test,sgchem_v1.0__bundle__00095__interrupt_resume__05,sgchem_v1.0__bundle__00095,interrupt_resume,ACCEPT,L3,spec_v2_ro5_balanced_test,interrupt_certificate,sha256:a60bf6f0feeeab400dc14012e11f346a555e0b7743f1752dbbc32efbcbbda1b1,,,sgchem_v1.0__bundle__00095__interrupt
test,sgchem_v1.0__bundle__00101__abstain_contradiction__04,sgchem_v1.0__bundle__00101,abstain_contradiction,ABSTAIN,L1,spec_v2_amide_friendly_dev,unsat_certificate,sha256:2e520a36e7da0ce08a86c57a36e1188c46af5f5c65008596ca00e5c83ebe5b9b,,,
test,sgchem_v1.0__bundle__00101__audit_accept__02,sgchem_v1.0__bundle__00101,audit_accept,ACCEPT,L3,spec_v2_amide_friendly_dev,feasible_witness,sha256:d3e709234465ab9679158e21905c7a16ab8e5e4a6d7bd7fd020380eab3d96da8,,,
test,sgchem_v1.0__bundle__00101__audit_reject__03,sgchem_v1.0__bundle__00101,audit_reject,REJECT,L1,spec_v2_amide_friendly_dev,violation_certificate,sha256:843e336177b8e37af75ed4d4c5d83c9fe52120414a2badb456e5b11d23bb692a,,,
test,sgchem_v1.0__bundle__00101__construct_feasible__01,sgchem_v1.0__bundle__00101,construct_feasible,ACCEPT,L2,spec_v2_amide_friendly_dev,feasible_witness,sha256:e3bf1afcc7727b1a4727d1d173aea7b8baf9622081b27565b532d09c04a178a0,,,
test,sgchem_v1.0__bundle__00101__interrupt_resume__05,sgchem_v1.0__bundle__00101,interrupt_resume,ACCEPT,L3,spec_v2_amide_friendly_dev,interrupt_certificate,sha256:d1c0961e5a7f7686a619202ffb190070292c5c4ddfe75d71e37006ccb5834fa6,,,sgchem_v1.0__bundle__00101__interrupt
test,sgchem_v1.0__bundle__00103__abstain_contradiction__04,sgchem_v1.0__bundle__00103,abstain_contradiction,ABSTAIN,L1,spec_v2_cns_like_test,unsat_certificate,sha256:998cf017b6cadcbe177068593c329aab4bf2a050d0d966dc101a18ac7355ee63,,,
test,sgchem_v1.0__bundle__00103__audit_accept__02,sgchem_v1.0__bundle__00103,audit_accept,ACCEPT,L2,spec_v2_cns_like_test,feasible_witness,sha256:213236b5b4451547aaaa92e143cfcbdb5780e185c24950defc9f0338ecd064ba,,,
test,sgchem_v1.0__bundle__00103__audit_reject__03,sgchem_v1.0__bundle__00103,audit_reject,REJECT,L3,spec_v2_cns_like_test,violation_certificate,sha256:8ca7675d896f3c9613ab72fdfd6dd032b1975054efa0cacca6ec479218768d11,,,
test,sgchem_v1.0__bundle__00103__construct_feasible__01,sgchem_v1.0__bundle__00103,construct_feasible,ACCEPT,L1,spec_v2_cns_like_test,feasible_witness,sha256:f7456e8a7b01ecbbc21dc841557b8792de093b4e40ccd1c872dd3a5a6801d905,,,
test,sgchem_v1.0__bundle__00103__repair_near_miss__05,sgchem_v1.0__bundle__00103,repair_near_miss,ACCEPT,L2,spec_v2_cns_like_test,repair_witness,sha256:03b799aea3e2148561b02344f76d76d492245a89593bec174212e0494b175529,,,
test,sgchem_v1.0__bundle__00105__abstain_contradiction__04,sgchem_v1.0__bundle__00105,abstain_contradiction,ABSTAIN,L1,spec_v2_fragment_ultra_dev,unsat_certificate,sha256:eb757e8514fd3c6bd814075a7c2d63d9471704007a47d0694c9fdfdaad2ce062,,,
test,sgchem_v1.0__bundle__00105__audit_accept__02,sgchem_v1.0__bundle__00105,audit_accept,ACCEPT,L1,spec_v2_fragment_ultra_dev,feasible_witness,sha256:08a1a9324b2c36b6263a28b3682f80d44c58d40f9bb51ffd8e810f962fc4bad5,,,
test,sgchem_v1.0__bundle__00105__audit_reject__03,sgchem_v1.0__bundle__00105,audit_reject,REJECT,L2,spec_v2_fragment_ultra_dev,violation_certificate,sha256:57fe6c47a45e03d05daf69672dad45a96457613a971312cdc790fe1c0a4518a6,,,
test,sgchem_v1.0__bundle__00105__boundary_precision__05,sgchem_v1.0__bundle__00105,boundary_precision,ACCEPT,L2,spec_v2_fragment_ultra_dev,boundary_certificate,sha256:48fba2d1b8132b23ba80338182c22827123ffd925a085d3a2b702214c9b82851,sgchem_v1.0__bundle__00105__boundary,,
test,sgchem_v1.0__bundle__00105__boundary_precision__06,sgchem_v1.0__bundle__00105,boundary_precision,REJECT,L2,spec_v2_fragment_ultra_dev,boundary_certificate,sha256:2900567be57d8ab0cf5196b7b7da7bfd1be9b94edad5b56b86e31c0e889fe591,sgchem_v1.0__bundle__00105__boundary,,
test,sgchem_v1.0__bundle__00105__construct_feasible__01,sgchem_v1.0__bundle__00105,construct_feasible,ACCEPT,L3,spec_v2_fragment_ultra_dev,feasible_witness,sha256:318e259d93c510f0ca90c76b8b317a6faaa98c270bc12c96ce0c0493e7af2898,,,
test,sgchem_v1.0__bundle__00109__abstain_contradiction__04,sgchem_v1.0__bundle__00109,abstain_contradiction,ABSTAIN,L1,spec_v2_sa_relaxed_dev,unsat_certificate,sha256:53a69fbc04d6924696095d6948018c969e6d321e9f5ce91b43fa23eb7f85511d,,,
test,sgchem_v1.0__bundle__00109__audit_accept__02,sgchem_v1.0__bundle__00109,audit_accept,ACCEPT,L2,spec_v2_sa_relaxed_dev,feasible_witness,sha256:a42d972c74daf66999877794497caa0c8a6514f7f96a1fcecdc5310ac0fcc6d6,,,
test,sgchem_v1.0__bundle__00109__audit_reject__03,sgchem_v1.0__bundle__00109,audit_reject,REJECT,L3,spec_v2_sa_relaxed_dev,violation_certificate,sha256:98a52fe4734772e8ea53c5e034b543f5c32bda90944660533e03ce3be9a68889,,,
test,sgchem_v1.0__bundle__00109__construct_feasible__01,sgchem_v1.0__bundle__00109,construct_feasible,ACCEPT,L1,spec_v2_sa_relaxed_dev,feasible_witness,sha256:66c2706c6960ed1ab39aaffe3a88bc6dd2f461e76bcb4941cad2d0817be8a2ef,,,
test,sgchem_v1.0__bundle__00109__repair_near_miss__05,sgchem_v1.0__bundle__00109,repair_near_miss,ACCEPT,L2,spec_v2_sa_relaxed_dev,repair_witness,sha256:731b4c1f5cd6b51146d1e24658978fe52b36ae8b61d9d3106e3e4927cb68daa2,,,
test,sgchem_v1.0__bundle__00110__abstain_contradiction__04,sgchem_v1.0__bundle__00110,abstain_contradiction,ABSTAIN,L1,spec_v2_sa_strict_test,unsat_certificate,sha256:9e1152a9e1b94681fd0405f6bb41a48a2d9ab68564b15b3c178ec80b16226b40,,,
test,sgchem_v1.0__bundle__00110__audit_accept__02,sgchem_v1.0__bundle__00110,audit_accept,ACCEPT,L3,spec_v2_sa_strict_test,feasible_witness,sha256:b25d81fd54798985e5cbb6522713f9b3cb9f52c0196cc5627c370cdd6a254aed,,,
test,sgchem_v1.0__bundle__00110__audit_reject__03,sgchem_v1.0__bundle__00110,audit_reject,REJECT,L1,spec_v2_sa_strict_test,violation_certificate,sha256:15a58a2a2238de8c43234a3ab1d2d33f938bb5868d48f46ff5087b0645227636,,,
test,sgchem_v1.0__bundle__00110__construct_feasible__01,sgchem_v1.0__bundle__00110,construct_feasible,ACCEPT,L2,spec_v2_sa_strict_test,feasible_witness,sha256:c28a3663e0c4bf721a244a54b5a67a2ee60d4d7775ec0c89fa2da4a51040f361,,,
test,sgchem_v1.0__bundle__00110__repair_multi_violation__05,sgchem_v1.0__bundle__00110,repair_multi_violation,ACCEPT,L3,spec_v2_sa_strict_test,repair_witness,sha256:84e60f0bfc5a104b17e3da0b3828151151cd6d5c53d55218499fb9399d2077c2,,,
test,sgchem_v1.0__bundle__00112__abstain_contradiction__04,sgchem_v1.0__bundle__00112,abstain_contradiction,ABSTAIN,L1,spec_v2_alert_soft_train,unsat_certificate,sha256:0de174ba776c32a4b1f4bbd46273f9e37798de7399ed59c10770392a24f8b209,,,
test,sgchem_v1.0__bundle__00112__audit_accept__02,sgchem_v1.0__bundle__00112,audit_accept,ACCEPT,L2,spec_v2_alert_soft_train,feasible_witness,sha256:af47aa59342d9cd531b6e2404d587dfb39e9fb82f3c3cc53b1e0f3a038e3bfd8,,,
test,sgchem_v1.0__bundle__00112__audit_reject__03,sgchem_v1.0__bundle__00112,audit_reject,REJECT,L3,spec_v2_alert_soft_train,violation_certificate,sha256:fff9682347b4051afd218e9c78076b6d15fb2daedc4dfa389137a537ccc2df9b,,,
test,sgchem_v1.0__bundle__00112__construct_feasible__01,sgchem_v1.0__bundle__00112,construct_feasible,ACCEPT,L1,spec_v2_alert_soft_train,feasible_witness,sha256:2eeac24c31a0c348a94c41bb746a42786f1da2a3c31ed2c7223475873fc7e4ca,,,
test,sgchem_v1.0__bundle__00112__smiles_invariance__05,sgchem_v1.0__bundle__00112,smiles_invariance,ACCEPT,L1,spec_v2_alert_soft_train,equivalence_certificate,sha256:5dd279ef1961ba30237b9e9c1bbe8d06645ecdb027e38dc3d3e145aed1905496,,sgchem_v1.0__bundle__00112__invariance,
test,sgchem_v1.0__bundle__00112__smiles_invariance__06,sgchem_v1.0__bundle__00112,smiles_invariance,ACCEPT,L1,spec_v2_alert_soft_train,equivalence_certificate,sha256:81d9d671887d01b8140753cadecb1dedb0b44dc05c932157c7e49f4619c7c229,,sgchem_v1.0__bundle__00112__invariance,
train,sgchem_v1.0__bundle__00001__abstain_contradiction__04,sgchem_v1.0__bundle__00001,abstain_contradiction,ABSTAIN,L1,spec_v2_fragment_ultra_dev,unsat_certificate,sha256:14b45fe20e25a67e719c13aace7ce70f10d3de39812db363d0d5d63435819004,,,
train,sgchem_v1.0__bundle__00001__audit_accept__02,sgchem_v1.0__bundle__00001,audit_accept,ACCEPT,L2,spec_v2_fragment_ultra_dev,feasible_witness,sha256:ab80494b98ac8f8531d3b99adb72e5916c41f8a91a0a104533454a844bbfa388,,,
train,sgchem_v1.0__bundle__00001__audit_reject__03,sgchem_v1.0__bundle__00001,audit_reject,REJECT,L3,spec_v2_fragment_ultra_dev,violation_certificate,sha256:91696302c3dd8548588ccbc7b476cd2f7bbe7722155cf020184c63485d397382,,,
train,sgchem_v1.0__bundle__00001__construct_feasible__01,sgchem_v1.0__bundle__00001,construct_feasible,ACCEPT,L1,spec_v2_fragment_ultra_dev,feasible_witness,sha256:7825e77a6f497ca5fb96e2dde7f39f9e8d9f1b6704c2979470dbbe6f3a7cbd76,,,
train,sgchem_v1.0__bundle__00001__repair_near_miss__05,sgchem_v1.0__bundle__00001,repair_near_miss,ACCEPT,L2,spec_v2_fragment_ultra_dev,repair_witness,sha256:ed349f64a0ab7a3a1c5afbf3c2a7189903a8b63043d6ea9f15c63085bb4c179d,,,
train,sgchem_v1.0__bundle__00005__abstain_contradiction__04,sgchem_v1.0__bundle__00005,abstain_contradiction,ABSTAIN,L1,spec_v2_sa_relaxed_dev,unsat_certificate,sha256:8d5667da2b3063f83caf212176a5a09e55ee5d3970e6be9e66bec0afdaefc2f2,,,
train,sgchem_v1.0__bundle__00005__audit_accept__02,sgchem_v1.0__bundle__00005,audit_accept,ACCEPT,L3,spec_v2_sa_relaxed_dev,feasible_witness,sha256:61958845c75c8f76d58f0a58ccbe86ed1c1f602d53c1bf493eab5538d817a6e1,,,
train,sgchem_v1.0__bundle__00005__audit_reject__03,sgchem_v1.0__bundle__00005,audit_reject,REJECT,L1,spec_v2_sa_relaxed_dev,violation_certificate,sha256:9c610cf56ea4b8f9dea6a5eb87776108bf77de2da59900a66efb42d0299d03de,,,
train,sgchem_v1.0__bundle__00005__construct_feasible__01,sgchem_v1.0__bundle__00005,construct_feasible,ACCEPT,L2,spec_v2_sa_relaxed_dev,feasible_witness,sha256:9e47fc1081d33d94163f0b98fed5bb9ccf4a989868cdf86921d87e4baf2741af,,,
train,sgchem_v1.0__bundle__00005__interrupt_resume__05,sgchem_v1.0__bundle__00005,interrupt_resume,ACCEPT,L3,spec_v2_sa_relaxed_dev,interrupt_certificate,sha256:653a7d3c0dc28797834181a116973f8017b354b47801efb26458d5a09faf380a,,,sgchem_v1.0__bundle__00005__interrupt
train,sgchem_v1.0__bundle__00009__abstain_contradiction__04,sgchem_v1.0__bundle__00009,abstain_contradiction,ABSTAIN,L1,spec_v2_alert_strict_dev,unsat_certificate,sha256:5b3df3b275a5f6e44dc5b4c5d398f9ae88a8ff9189e055b7aca943393ac97b25,,,
train,sgchem_v1.0__bundle__00009__audit_accept__02,sgchem_v1.0__bundle__00009,audit_accept,ACCEPT,L1,spec_v2_alert_strict_dev,feasible_witness,sha256:34bfce684d3f7c4145c3731d15e4f4e8e8fd6b0149f7981bd0825cdfca1b7493,,,
train,sgchem_v1.0__bundle__00009__audit_reject__03,sgchem_v1.0__bundle__00009,audit_reject,REJECT,L2,spec_v2_alert_strict_dev,violation_certificate,sha256:190cb262f00a3913e0d0712232a06efc2bdce0bebc73958a9b47aa2e15f627ca,,,
train,sgchem_v1.0__bundle__00009__boundary_precision__05,sgchem_v1.0__bundle__00009,boundary_precision,ACCEPT,L2,spec_v2_alert_strict_dev,boundary_certificate,sha256:23e01324afc9eb9bf17a76cc17d63fb8be458550a690ff17a24cd09ce0e56121,sgchem_v1.0__bundle__00009__boundary,,
train,sgchem_v1.0__bundle__00009__boundary_precision__06,sgchem_v1.0__bundle__00009,boundary_precision,REJECT,L2,spec_v2_alert_strict_dev,boundary_certificate,sha256:90b983ea22ac613681a4deed8a3dda66fc1476bbd6760126613c1ffc1348a874,sgchem_v1.0__bundle__00009__boundary,,
train,sgchem_v1.0__bundle__00009__construct_feasible__01,sgchem_v1.0__bundle__00009,construct_feasible,ACCEPT,L3,spec_v2_alert_strict_dev,feasible_witness,sha256:34b264b668afc5afa7df038a85f23db6a0afc2ed897c4409a76bf9b974a59c4f,,,
train,sgchem_v1.0__bundle__00013__abstain_contradiction__04,sgchem_v1.0__bundle__00013,abstain_contradiction,ABSTAIN,L1,spec_v2_fragment_tight_train,unsat_certificate,sha256:a7171162df02f87f8fea3be97ffb1c1ef2b6233ce344e450bc4e3d855d80f0f5,,,
train,sgchem_v1.0__bundle__00013__audit_accept__02,sgchem_v1.0__bundle__00013,audit_accept,ACCEPT,L2,spec_v2_fragment_tight_train,feasible_witness,sha256:c0ed020997a7a478506654b354abcc6f837973919ffb2702858209e1f7bbda8c,,,
train,sgchem_v1.0__bundle__00013__audit_reject__03,sgchem_v1.0__bundle__00013,audit_reject,REJECT,L3,spec_v2_fragment_tight_train,violation_certificate,sha256:c83f312b3b9682d076895ca8ed59b08d138cb674630005e8cd5376f965937743,,,
train,sgchem_v1.0__bundle__00013__construct_feasible__01,sgchem_v1.0__bundle__00013,construct_feasible,ACCEPT,L1,spec_v2_fragment_tight_train,feasible_witness,sha256:dbfc303a9a6c2c30d724a2acddef6b20eb9596f0740c9fe064ef26cac0062f63,,,
train,sgchem_v1.0__bundle__00013__repair_near_miss__05,sgchem_v1.0__bundle__00013,repair_near_miss,ACCEPT,L2,spec_v2_fragment_tight_train,repair_witness,sha256:31bef629838265c9f0addad3f7b063f3fc447e269fd4c5f42d6f3118bc08bf5c,,,
train,sgchem_v1.0__bundle__00015__abstain_contradiction__04,sgchem_v1.0__bundle__00015,abstain_contradiction,ABSTAIN,L1,spec_v2_low_rotor_train,unsat_certificate,sha256:7e68a36e6db38008defdd8e0560f5315004db1bba05ca11aaa0ab052cdcee6b7,,,
train,sgchem_v1.0__bundle__00015__audit_accept__02,sgchem_v1.0__bundle__00015,audit_accept,ACCEPT,L1,spec_v2_low_rotor_train,feasible_witness,sha256:478f15387d474edf2eaa8101b0834c8753346c41ae349e4c967676172c36e5cf,,,
train,sgchem_v1.0__bundle__00015__audit_reject__03,sgchem_v1.0__bundle__00015,audit_reject,REJECT,L2,spec_v2_low_rotor_train,violation_certificate,sha256:9e34df7c912baf85895fc0322f6603f26d7bc30d5db15aec2f56ab7c56fa21a9,,,
train,sgchem_v1.0__bundle__00015__boundary_precision__05,sgchem_v1.0__bundle__00015,boundary_precision,ACCEPT,L2,spec_v2_low_rotor_train,boundary_certificate,sha256:4062c3b4863b51bdf0d90372d03a0405e774fe242175be495103dc190b37dc03,sgchem_v1.0__bundle__00015__boundary,,
train,sgchem_v1.0__bundle__00015__boundary_precision__06,sgchem_v1.0__bundle__00015,boundary_precision,REJECT,L2,spec_v2_low_rotor_train,boundary_certificate,sha256:bed7f5adcdea8793a01324d36c6e7e9f67e50f7ff91dcc8ed135706eeced8db4,sgchem_v1.0__bundle__00015__boundary,,
train,sgchem_v1.0__bundle__00015__construct_feasible__01,sgchem_v1.0__bundle__00015,construct_feasible,ACCEPT,L3,spec_v2_low_rotor_train,feasible_witness,sha256:04d7baa9c99854833aac062c2664fc31ea4e83a4bb26074b44f39e0c55a16148,,,
train,sgchem_v1.0__bundle__00018__abstain_contradiction__04,sgchem_v1.0__bundle__00018,abstain_contradiction,ABSTAIN,L1,spec_v2_sa_relaxed_dev,unsat_certificate,sha256:6f20cbc8cd8b7461a623e30976a52de7143bd55022e6e45d73f75d9944327fc8,,,
train,sgchem_v1.0__bundle__00018__audit_accept__02,sgchem_v1.0__bundle__00018,audit_accept,ACCEPT,L1,spec_v2_sa_relaxed_dev,feasible_witness,sha256:877c854531fd402380ef3a48f846149eb4bf95f34a91e1e71fca61ac1758d0a1,,,
train,sgchem_v1.0__bundle__00018__audit_reject__03,sgchem_v1.0__bundle__00018,audit_reject,REJECT,L2,spec_v2_sa_relaxed_dev,violation_certificate,sha256:2c7a6cbe1a0e6e946c5391b5c8cf268a209475b448783e78ab1bb1b545a7b33d,,,
train,sgchem_v1.0__bundle__00018__construct_feasible__01,sgchem_v1.0__bundle__00018,construct_feasible,ACCEPT,L3,spec_v2_sa_relaxed_dev,feasible_witness,sha256:ecbacd05965cb07601b8ecaddd4063e72f9601d43bd99d07f0da92e7dbed2408,,,
train,sgchem_v1.0__bundle__00018__tool_forced_l3__05,sgchem_v1.0__bundle__00018,tool_forced_l3,ACCEPT,L3,spec_v2_sa_relaxed_dev,repair_witness,sha256:5019288a56a1d7b05f1fb13acf95404c88091db1fabc6f4db49da9df7faf30c7,,,
train,sgchem_v1.0__bundle__00023__abstain_contradiction__04,sgchem_v1.0__bundle__00023,abstain_contradiction,ABSTAIN,L1,spec_v2_amide_friendly_dev,unsat_certificate,sha256:2bfcd44cc681d0bbd442803b6891c40f9abd57e4bcf89df8e7dcd761e91c7df9,,,
train,sgchem_v1.0__bundle__00023__audit_accept__02,sgchem_v1.0__bundle__00023,audit_accept,ACCEPT,L3,spec_v2_amide_friendly_dev,feasible_witness,sha256:915a746bb2e9928887aa4f82b56dbd5d2a3419af5955e72844b151064c5a064a,,,
train,sgchem_v1.0__bundle__00023__audit_reject__03,sgchem_v1.0__bundle__00023,audit_reject,REJECT,L1,spec_v2_amide_friendly_dev,violation_certificate,sha256:efb51ee1ff4d44df4eb9211ea5692241363b7d6a2da2d7e5834910d7bc20f636,,,
train,sgchem_v1.0__bundle__00023__construct_feasible__01,sgchem_v1.0__bundle__00023,construct_feasible,ACCEPT,L2,spec_v2_amide_friendly_dev,feasible_witness,sha256:eadaa03a0a0248aff5cd1077bd66f925b74b04bfb127714e49314bffa071d92a,,,
train,sgchem_v1.0__bundle__00023__interrupt_resume__05,sgchem_v1.0__bundle__00023,interrupt_resume,ACCEPT,L3,spec_v2_amide_friendly_dev,interrupt_certificate,sha256:98b6c9b00a97201b9c91bbe60a6ad3925b478d8bd3f1a404a101b8c674a3e872,,,sgchem_v1.0__bundle__00023__interrupt
train,sgchem_v1.0__bundle__00024__abstain_contradiction__04,sgchem_v1.0__bundle__00024,abstain_contradiction,ABSTAIN,L1,spec_v2_aromatic_pref_test,unsat_certificate,sha256:aff38cdb7ed1fd1c7e38d87371073af5a73f4b99b057e9dc8c52f3263edf5d84,,,
train,sgchem_v1.0__bundle__00024__audit_accept__02,sgchem_v1.0__bundle__00024,audit_accept,ACCEPT,L1,spec_v2_aromatic_pref_test,feasible_witness,sha256:e4258520b86c643809d875fa2f95b9f9696038e68d56288dfa1034bcc6b6e684,,,
train,sgchem_v1.0__bundle__00024__audit_reject__03,sgchem_v1.0__bundle__00024,audit_reject,REJECT,L2,spec_v2_aromatic_pref_test,violation_certificate,sha256:613dae50b97c4e8771045eefbf59f2f1220e04c7dfeb18c7ef368b1a79e9e395,,,
train,sgchem_v1.0__bundle__00024__construct_feasible__01,sgchem_v1.0__bundle__00024,construct_feasible,ACCEPT,L3,spec_v2_aromatic_pref_test,feasible_witness,sha256:93f367b1cf682681a6a08d8337d5de14652059d394a8e3d6497ee3156bfb1476,,,
train,sgchem_v1.0__bundle__00024__tool_forced_l3__05,sgchem_v1.0__bundle__00024,tool_forced_l3,ACCEPT,L3,spec_v2_aromatic_pref_test,repair_witness,sha256:7edcb8786a1bed1256c5ae40eff56ba7bf796c6c3e189a3ee9e0c4b3522b6e31,,,
train,sgchem_v1.0__bundle__00027__abstain_contradiction__04,sgchem_v1.0__bundle__00027,abstain_contradiction,ABSTAIN,L1,spec_v2_fragment_ultra_dev,unsat_certificate,sha256:81881a87cb34eaf73aa0b2073bb2b180b3eaee0e55f5a8149c2b2f39706f9559,,,
train,sgchem_v1.0__bundle__00027__audit_accept__02,sgchem_v1.0__bundle__00027,audit_accept,ACCEPT,L1,spec_v2_fragment_ultra_dev,feasible_witness,sha256:c1eddf1c7255dba7026ff075a0e53aeb6f43f7a4f321045e1ad666b03482cb67,,,
train,sgchem_v1.0__bundle__00027__audit_reject__03,sgchem_v1.0__bundle__00027,audit_reject,REJECT,L2,spec_v2_fragment_ultra_dev,violation_certificate,sha256:56bdb71031fd4267fcaeca5ac0ca7fd704802356697e8dcfc237c9d7e9e675a6,,,
train,sgchem_v1.0__bundle__00027__boundary_precision__05,sgchem_v1.0__bundle__00027,boundary_precision,ACCEPT,L2,spec_v2_fragment_ultra_dev,boundary_certificate,sha256:cba430180d1bb1f4f29cab31e9c571f51dc0beae59c75c10c490401de7b99cc4,sgchem_v1.0__bundle__00027__boundary,,
train,sgchem_v1.0__bundle__00027__boundary_precision__06,sgchem_v1.0__bundle__00027,boundary_precision,REJECT,L2,spec_v2_fragment_ultra_dev,boundary_certificate,sha256:b09b474d74b6023810873bbde6b40e30b738dfffee64efc6e792362bca128e65,sgchem_v1.0__bundle__00027__boundary,,
train,sgchem_v1.0__bundle__00027__construct_feasible__01,sgchem_v1.0__bundle__00027,construct_feasible,ACCEPT,L3,spec_v2_fragment_ultra_dev,feasible_witness,sha256:939ad14983b21a932ca13f92589e17800eb28ce4c626f5d3aecb8a3a82dbaa26,,,
train,sgchem_v1.0__bundle__00028__abstain_contradiction__04,sgchem_v1.0__bundle__00028,abstain_contradiction,ABSTAIN,L1,spec_v2_low_rotor_train,unsat_certificate,sha256:f43680b7a3c7455359e842eec7a2a779f75c15ba4cf46a41ca4cd142ce7941ba,,,
train,sgchem_v1.0__bundle__00028__audit_accept__02,sgchem_v1.0__bundle__00028,audit_accept,ACCEPT,L2,spec_v2_low_rotor_train,feasible_witness,sha256:142cf70fa7f50f0008cbf65ce3101a5e2f5006d03b16c0d99d70d9b0602d6483,,,
train,sgchem_v1.0__bundle__00028__audit_reject__03,sgchem_v1.0__bundle__00028,audit_reject,REJECT,L3,spec_v2_low_rotor_train,violation_certificate,sha256:6733e6884eb037c7a25c6849af20b671ce1a96001b70403e3045a8331e1bcd97,,,
train,sgchem_v1.0__bundle__00028__construct_feasible__01,sgchem_v1.0__bundle__00028,construct_feasible,ACCEPT,L1,spec_v2_low_rotor_train,feasible_witness,sha256:90eef6c3fc243f73ff98b428cf81f7db2de7c54610124adb24501ae87c132545,,,
train,sgchem_v1.0__bundle__00028__smiles_invariance__05,sgchem_v1.0__bundle__00028,smiles_invariance,ACCEPT,L1,spec_v2_low_rotor_train,equivalence_certificate,sha256:be6c866ecbb95d373d83a63b3bf9704182cdbad82963d7b9a063a5825b4e852f,,sgchem_v1.0__bundle__00028__invariance,
train,sgchem_v1.0__bundle__00028__smiles_invariance__06,sgchem_v1.0__bundle__00028,smiles_invariance,ACCEPT,L1,spec_v2_low_rotor_train,equivalence_certificate,sha256:a89ec1e61245c11dd58694aeaef5cc1e8401c5fc6914fc2231ff344f5e183561,,sgchem_v1.0__bundle__00028__invariance,
train,sgchem_v1.0__bundle__00029__abstain_contradiction__04,sgchem_v1.0__bundle__00029,abstain_contradiction,ABSTAIN,L1,spec_v2_polar_bias_train,unsat_certificate,sha256:9785308f1114703feb3bfcad090c57ae03a1fb38be5222f0f893e57c2e420b7c,,,
train,sgchem_v1.0__bundle__00029__audit_accept__02,sgchem_v1.0__bundle__00029,audit_accept,ACCEPT,L3,spec_v2_polar_bias_train,feasible_witness,sha256:0e28b6bbc2b7a2b72d85d7f422757a96f9c3c358c6e8e6ae3eecf9c69c24091d,,,
train,sgchem_v1.0__bundle__00029__audit_reject__03,sgchem_v1.0__bundle__00029,audit_reject,REJECT,L1,spec_v2_polar_bias_train,violation_certificate,sha256:b4360362ce49420ce995986fe7945e5301d0f883daf1f953ca2326b72b40f949,,,
train,sgchem_v1.0__bundle__00029__construct_feasible__01,sgchem_v1.0__bundle__00029,construct_feasible,ACCEPT,L2,spec_v2_polar_bias_train,feasible_witness,sha256:350f3c5c53e68d43bf49f0ea2271897fb19b5916598fdf5a0859f7df1cdab8bf,,,
train,sgchem_v1.0__bundle__00029__interrupt_resume__05,sgchem_v1.0__bundle__00029,interrupt_resume,ACCEPT,L3,spec_v2_polar_bias_train,interrupt_certificate,sha256:b4160bcbb0816773d42fe49cd71426a86d04007b7dfc512df9316e64e7120ddd,,,sgchem_v1.0__bundle__00029__interrupt
train,sgchem_v1.0__bundle__00032__abstain_contradiction__04,sgchem_v1.0__bundle__00032,abstain_contradiction,ABSTAIN,L1,spec_v2_sa_strict_test,unsat_certificate,sha256:82b0c2a10a02928cb3922e7e8b615ddeaf2a8d2d1fd133ba7ad165beb9725ba4,,,
train,sgchem_v1.0__bundle__00032__audit_accept__02,sgchem_v1.0__bundle__00032,audit_accept,ACCEPT,L3,spec_v2_sa_strict_test,feasible_witness,sha256:8f65848697860e5696267b74204300e5d253d889221fadc569e3ed19dfbbd044,,,
train,sgchem_v1.0__bundle__00032__audit_reject__03,sgchem_v1.0__bundle__00032,audit_reject,REJECT,L1,spec_v2_sa_strict_test,violation_certificate,sha256:e2430022b9cbc662542e0750795cdb0e8a922bcfebf693e267f588fc737de86a,,,
train,sgchem_v1.0__bundle__00032__construct_feasible__01,sgchem_v1.0__bundle__00032,construct_feasible,ACCEPT,L2,spec_v2_sa_strict_test,feasible_witness,sha256:68765b96138c13fdc77e7bc7d30be1e92eff1fcb35af96c81565471951a8773a,,,
train,sgchem_v1.0__bundle__00032__repair_multi_violation__05,sgchem_v1.0__bundle__00032,repair_multi_violation,ACCEPT,L3,spec_v2_sa_strict_test,repair_witness,sha256:a4776f1cd30fb322ca5636b4aea7dac5e8266dfd915b3b14f4a487b3582f7bc3,,,
train,sgchem_v1.0__bundle__00033__abstain_contradiction__04,sgchem_v1.0__bundle__00033,abstain_contradiction,ABSTAIN,L1,spec_v1_basic,unsat_certificate,sha256:7996ab8170725f18c8d0319d8f7cc3d87820a8678fb0a380b72d2217b6273676,,,
train,sgchem_v1.0__bundle__00033__audit_accept__02,sgchem_v1.0__bundle__00033,audit_accept,ACCEPT,L1,spec_v1_basic,feasible_witness,sha256:76a5da9c6f42b9072f54dfafa1c727b9239ce03b5f96b0e1ad662ef7a943ffba,,,
train,sgchem_v1.0__bundle__00033__audit_reject__03,sgchem_v1.0__bundle__00033,audit_reject,REJECT,L2,spec_v1_basic,violation_certificate,sha256:a226a61ba2e89e9f222e7b8274851dc2514b1b3ededb0358158643717df0fd0f,,,
train,sgchem_v1.0__bundle__00033__boundary_precision__05,sgchem_v1.0__bundle__00033,boundary_precision,ACCEPT,L2,spec_v1_basic,boundary_certificate,sha256:5d36c7dce63bf5c50b66fb6d7ce70db0f1b7fc6b02930a276a3e137d8ed53250,sgchem_v1.0__bundle__00033__boundary,,
train,sgchem_v1.0__bundle__00033__boundary_precision__06,sgchem_v1.0__bundle__00033,boundary_precision,REJECT,L2,spec_v1_basic,boundary_certificate,sha256:4b0975ed39a76fb0c5851174fccae615311e41aeb76a3b6d4af1d990ecfd8186,sgchem_v1.0__bundle__00033__boundary,,
train,sgchem_v1.0__bundle__00033__construct_feasible__01,sgchem_v1.0__bundle__00033,construct_feasible,ACCEPT,L3,spec_v1_basic,feasible_witness,sha256:2109ebafd42685f1a219fd43a106222ed09cf34f38fe6329e766251100853034,,,
train,sgchem_v1.0__bundle__00034__abstain_contradiction__04,sgchem_v1.0__bundle__00034,abstain_contradiction,ABSTAIN,L1,spec_v2_alert_soft_train,unsat_certificate,sha256:e727360edae331be47cf3651c07f0368fd4d41682c5f2cdb4ad7ea23d418bf98,,,
train,sgchem_v1.0__bundle__00034__audit_accept__02,sgchem_v1.0__bundle__00034,audit_accept,ACCEPT,L2,spec_v2_alert_soft_train,feasible_witness,sha256:983c85ba8e343b2f6c9af2636c8d84fe7c07f152044f4b4cdc73a6f85cdc0d14,,,
train,sgchem_v1.0__bundle__00034__audit_reject__03,sgchem_v1.0__bundle__00034,audit_reject,REJECT,L3,spec_v2_alert_soft_train,violation_certificate,sha256:bc3e868d8cf9b1168dc781c7567a3c9180e1d14b6d33b97d69a200441bf6cdf9,,,
train,sgchem_v1.0__bundle__00034__construct_feasible__01,sgchem_v1.0__bundle__00034,construct_feasible,ACCEPT,L1,spec_v2_alert_soft_train,feasible_witness,sha256:f29b59d4fdf702ef598e0ce586bb22e6293af95b51841a8343d48878184a080f,,,
train,sgchem_v1.0__bundle__00034__smiles_invariance__05,sgchem_v1.0__bundle__00034,smiles_invariance,ACCEPT,L1,spec_v2_alert_soft_train,equivalence_certificate,sha256:537365f8b1aa5b92c1b2bcf30524329a5385b30a25622110964e5eb6362a4954,,sgchem_v1.0__bundle__00034__invariance,
train,sgchem_v1.0__bundle__00034__smiles_invariance__06,sgchem_v1.0__bundle__00034,smiles_invariance,ACCEPT,L1,spec_v2_alert_soft_train,equivalence_certificate,sha256:8457597ee5ebb2aab763a233869549b5f024249c0d8e8c3e5ebec7e1930e3f3f,,sgchem_v1.0__bundle__00034__invariance,
train,sgchem_v1.0__bundle__00039__abstain_contradiction__04,sgchem_v1.0__bundle__00039,abstain_contradiction,ABSTAIN,L1,spec_v2_fragment_tight_train,unsat_certificate,sha256:d3804f0fbdec68ffa12ff17e98aca4733e2e2fbcffa6f750684e141aecea65d0,,,
train,sgchem_v1.0__bundle__00039__audit_accept__02,sgchem_v1.0__bundle__00039,audit_accept,ACCEPT,L1,spec_v2_fragment_tight_train,feasible_witness,sha256:d9dcf6c8162825f7b7c8a4177b9f8d6ac4867eded18e51b9053a1d3edad7cd36,,,
train,sgchem_v1.0__bundle__00039__audit_reject__03,sgchem_v1.0__bundle__00039,audit_reject,REJECT,L2,spec_v2_fragment_tight_train,violation_certificate,sha256:8d06d6fe1f9348e4d7b75465a39174c0ba9a164a3233c2d4db90089b82a0ef92,,,
train,sgchem_v1.0__bundle__00039__boundary_precision__05,sgchem_v1.0__bundle__00039,boundary_precision,ACCEPT,L2,spec_v2_fragment_tight_train,boundary_certificate,sha256:b64ea6097d6476e9b2d07859b2abef18f8b0090b1faaf72a930d637ada5da88a,sgchem_v1.0__bundle__00039__boundary,,
train,sgchem_v1.0__bundle__00039__boundary_precision__06,sgchem_v1.0__bundle__00039,boundary_precision,REJECT,L2,spec_v2_fragment_tight_train,boundary_certificate,sha256:2eeddfa336d4d944057da90a18e48b17bcfd0ad911cba0a2decc04fc78587b9e,sgchem_v1.0__bundle__00039__boundary,,
train,sgchem_v1.0__bundle__00039__construct_feasible__01,sgchem_v1.0__bundle__00039,construct_feasible,ACCEPT,L3,spec_v2_fragment_tight_train,feasible_witness,sha256:1e179e284dc21bac3f1d9ce369dced8568664bb7349c71f2829419159a677294,,,
train,sgchem_v1.0__bundle__00041__abstain_contradiction__04,sgchem_v1.0__bundle__00041,abstain_contradiction,ABSTAIN,L1,spec_v2_low_rotor_train,unsat_certificate,sha256:e8e7de5cad7af389626a3c6d9b05eee8e894b86fd3801633466776599a1fdea6,,,
train,sgchem_v1.0__bundle__00041__audit_accept__02,sgchem_v1.0__bundle__00041,audit_accept,ACCEPT,L3,spec_v2_low_rotor_train,feasible_witness,sha256:6f7c2831e3c1c56e8ded4a817803a12373bacffc9ebbbe30177f062821f6fe4d,,,
train,sgchem_v1.0__bundle__00041__audit_reject__03,sgchem_v1.0__bundle__00041,audit_reject,REJECT,L1,spec_v2_low_rotor_train,violation_certificate,sha256:4499b210038f34989f06b3540949da553578f014686a710cca101ebc03779314,,,
train,sgchem_v1.0__bundle__00041__construct_feasible__01,sgchem_v1.0__bundle__00041,construct_feasible,ACCEPT,L2,spec_v2_low_rotor_train,feasible_witness,sha256:dd78ecf61761222654fa08aad3225a421f6e525e6271646ea0015b7bedff53a7,,,
train,sgchem_v1.0__bundle__00041__interrupt_resume__05,sgchem_v1.0__bundle__00041,interrupt_resume,ACCEPT,L3,spec_v2_low_rotor_train,interrupt_certificate,sha256:571fbbfb3df7c51fcd75adb6e2db88bb3e512ebfff6b9932472bc5c8d38d6f97,,,sgchem_v1.0__bundle__00041__interrupt
train,sgchem_v1.0__bundle__00042__abstain_contradiction__04,sgchem_v1.0__bundle__00042,abstain_contradiction,ABSTAIN,L1,spec_v2_polar_bias_train,unsat_certificate,sha256:11f0315e19cab8db17bc73ae470586c86c73a761b027dbab4a22f5593232bdb4,,,
train,sgchem_v1.0__bundle__00042__audit_accept__02,sgchem_v1.0__bundle__00042,audit_accept,ACCEPT,L1,spec_v2_polar_bias_train,feasible_witness,sha256:139934b429f694092120f40b7317d9b9b41dbd251184e4e7edf68750d25044b7,,,
train,sgchem_v1.0__bundle__00042__audit_reject__03,sgchem_v1.0__bundle__00042,audit_reject,REJECT,L2,spec_v2_polar_bias_train,violation_certificate,sha256:0d1d622b08b4fbfcdc015e0af387bcb0b4582409a42c1f74d12113c10c1875be,,,
train,sgchem_v1.0__bundle__00042__construct_feasible__01,sgchem_v1.0__bundle__00042,construct_feasible,ACCEPT,L3,spec_v2_polar_bias_train,feasible_witness,sha256:ffb7dd7e494c015b5d1ddbf26f7f23ecc24bd3d07f5d0baf9157c1119ddb81f1,,,
train,sgchem_v1.0__bundle__00042__tool_forced_l3__05,sgchem_v1.0__bundle__00042,tool_forced_l3,ACCEPT,L3,spec_v2_polar_bias_train,repair_witness,sha256:5d189739cfc89184ae0348950732e68255f6dc56eb89fcc44a70a28d8a1fa332,,,
train,sgchem_v1.0__bundle__00043__abstain_contradiction__04,sgchem_v1.0__bundle__00043,abstain_contradiction,ABSTAIN,L1,spec_v2_ro5_balanced_test,unsat_certificate,sha256:87c0dd50e22f09c5a4edd83f8076f92437f7c85eb8a2cd500a783b38e4dbd1d0,,,
train,sgchem_v1.0__bundle__00043__audit_accept__02,sgchem_v1.0__bundle__00043,audit_accept,ACCEPT,L2,spec_v2_ro5_balanced_test,feasible_witness,sha256:1e58da702a5c4c4088431d3307dbf5d699f2d8a5b5687d50df23053728c537f3,,,
train,sgchem_v1.0__bundle__00043__audit_reject__03,sgchem_v1.0__bundle__00043,audit_reject,REJECT,L3,spec_v2_ro5_balanced_test,violation_certificate,sha256:fff128bb644f0d8050091dfad5b520a99a0d5ffceda9c00b6f1810e00ec8cb8f,,,
train,sgchem_v1.0__bundle__00043__construct_feasible__01,sgchem_v1.0__bundle__00043,construct_feasible,ACCEPT,L1,spec_v2_ro5_balanced_test,feasible_witness,sha256:6a21a3b1d8da23f9755621169f56d9c264878f5efd3e98edb2acd493d4003e04,,,
train,sgchem_v1.0__bundle__00043__repair_near_miss__05,sgchem_v1.0__bundle__00043,repair_near_miss,ACCEPT,L2,spec_v2_ro5_balanced_test,repair_witness,sha256:4b9e1ace963bf03ea2293d3ff917f34f664fae6964753e4bc4f8377ed30a8857,,,
train,sgchem_v1.0__bundle__00045__abstain_contradiction__04,sgchem_v1.0__bundle__00045,abstain_contradiction,ABSTAIN,L1,spec_v2_sa_strict_test,unsat_certificate,sha256:0238eb0c6e504a8e63810f25b41a8eceedb079a410f7b11e14be6764f76b7deb,,,
train,sgchem_v1.0__bundle__00045__audit_accept__02,sgchem_v1.0__bundle__00045,audit_accept,ACCEPT,L1,spec_v2_sa_strict_test,feasible_witness,sha256:f327840d0e1477d073a8ff9327585b230ec9cf1b3da66822db944fc27fae716f,,,
train,sgchem_v1.0__bundle__00045__audit_reject__03,sgchem_v1.0__bundle__00045,audit_reject,REJECT,L2,spec_v2_sa_strict_test,violation_certificate,sha256:cf9035674fdd47e59dff6584fc8058d93c9fde229af6ae612f81eab70ffd28b6,,,
train,sgchem_v1.0__bundle__00045__boundary_precision__05,sgchem_v1.0__bundle__00045,boundary_precision,ACCEPT,L2,spec_v2_sa_strict_test,boundary_certificate,sha256:4e96f0b6f6e494adb30794d107a9375659dc44d5d07fbccb79dc35e6965f4a22,sgchem_v1.0__bundle__00045__boundary,,
train,sgchem_v1.0__bundle__00045__boundary_precision__06,sgchem_v1.0__bundle__00045,boundary_precision,REJECT,L2,spec_v2_sa_strict_test,boundary_certificate,sha256:60cb3ea1e164449d9b9d2ff89fd75b1db43f538a3323211008f7bd52d8aa7ae1,sgchem_v1.0__bundle__00045__boundary,,
train,sgchem_v1.0__bundle__00045__construct_feasible__01,sgchem_v1.0__bundle__00045,construct_feasible,ACCEPT,L3,spec_v2_sa_strict_test,feasible_witness,sha256:cb2d05c728f34866463d983cd2daa266388358d6052a3e63c3ecd39b975baec4,,,
train,sgchem_v1.0__bundle__00048__abstain_contradiction__04,sgchem_v1.0__bundle__00048,abstain_contradiction,ABSTAIN,L1,spec_v2_alert_strict_dev,unsat_certificate,sha256:cc81ddc9bcab8ce43402e1e1baa93cb5427fde82c8e6bfeb6e864410d24d9340,,,
train,sgchem_v1.0__bundle__00048__audit_accept__02,sgchem_v1.0__bundle__00048,audit_accept,ACCEPT,L1,spec_v2_alert_strict_dev,feasible_witness,sha256:15ee20addb836aaecc4b7fe45887d21bbbd98532b2dc39e36950fe01e3dd24e2,,,
train,sgchem_v1.0__bundle__00048__audit_reject__03,sgchem_v1.0__bundle__00048,audit_reject,REJECT,L2,spec_v2_alert_strict_dev,violation_certificate,sha256:ea86edea2e640fb88b90db957fbf49dd6a55373d8ba57980cce00fe37435c9a9,,,
train,sgchem_v1.0__bundle__00048__construct_feasible__01,sgchem_v1.0__bundle__00048,construct_feasible,ACCEPT,L3,spec_v2_alert_strict_dev,feasible_witness,sha256:9e887fac581b80007b9d6d1d0a566a53f824ce7f621fbcfa9a38c20b7c739636,,,
train,sgchem_v1.0__bundle__00048__tool_forced_l3__05,sgchem_v1.0__bundle__00048,tool_forced_l3,ACCEPT,L3,spec_v2_alert_strict_dev,repair_witness,sha256:9c9077645c602019babcdc6c481159c5529bbdc9e8807ca18ad862e502330561,,,
train,sgchem_v1.0__bundle__00049__abstain_contradiction__04,sgchem_v1.0__bundle__00049,abstain_contradiction,ABSTAIN,L1,spec_v2_amide_friendly_dev,unsat_certificate,sha256:137b98c2386294fc7bed09e5a6e4d02df0d2dacbca67aa353064f17821edb3b8,,,
train,sgchem_v1.0__bundle__00049__audit_accept__02,sgchem_v1.0__bundle__00049,audit_accept,ACCEPT,L2,spec_v2_amide_friendly_dev,feasible_witness,sha256:e3c67ffbaf4ccf8554f1b673a3ed466f189ac3d3a65d2bf542fee692fd5fbae0,,,
train,sgchem_v1.0__bundle__00049__audit_reject__03,sgchem_v1.0__bundle__00049,audit_reject,REJECT,L3,spec_v2_amide_friendly_dev,violation_certificate,sha256:61aa03f031c4e3feda4a3d54905dbf59fdc85959b11a1cf174312c56c4da961e,,,
train,sgchem_v1.0__bundle__00049__construct_feasible__01,sgchem_v1.0__bundle__00049,construct_feasible,ACCEPT,L1,spec_v2_amide_friendly_dev,feasible_witness,sha256:b3161525f268b1e964e50454b14ba42a82be8d187208b578949a1442dcfe35ab,,,
train,sgchem_v1.0__bundle__00049__repair_near_miss__05,sgchem_v1.0__bundle__00049,repair_near_miss,ACCEPT,L2,spec_v2_amide_friendly_dev,repair_witness,sha256:d5aa10686b0d2df171bf67df428e7faa82b6591a3ee1e7805eac1c33f7e7db05,,,
train,sgchem_v1.0__bundle__00052__abstain_contradiction__04,sgchem_v1.0__bundle__00052,abstain_contradiction,ABSTAIN,L1,spec_v2_fragment_tight_train,unsat_certificate,sha256:0f9867241d7d3e5fa72ebb98f8da772a3686de51492371e4876723414ed98e14,,,
train,sgchem_v1.0__bundle__00052__audit_accept__02,sgchem_v1.0__bundle__00052,audit_accept,ACCEPT,L2,spec_v2_fragment_tight_train,feasible_witness,sha256:452e9b3bc6ef3d48590b601610574c74a3b50363457f6e1f8453553a23c9c452,,,
train,sgchem_v1.0__bundle__00052__audit_reject__03,sgchem_v1.0__bundle__00052,audit_reject,REJECT,L3,spec_v2_fragment_tight_train,violation_certificate,sha256:b96b5565b7a2b67a4756d22aaca833eb851b37c62b8aedbd38fe25bcb99f836c,,,
train,sgchem_v1.0__bundle__00052__construct_feasible__01,sgchem_v1.0__bundle__00052,construct_feasible,ACCEPT,L1,spec_v2_fragment_tight_train,feasible_witness,sha256:6f15dc8ec26b7afedf590f0dd36a67e57cfe7538f29e44139c607bf7f706cf91,,,
train,sgchem_v1.0__bundle__00052__smiles_invariance__05,sgchem_v1.0__bundle__00052,smiles_invariance,ACCEPT,L1,spec_v2_fragment_tight_train,equivalence_certificate,sha256:36a1953d1b8d06e986f244f20c61edcb71cf50cfb8e9fd4ba9ee524a3dcfe9f5,,sgchem_v1.0__bundle__00052__invariance,
train,sgchem_v1.0__bundle__00052__smiles_invariance__06,sgchem_v1.0__bundle__00052,smiles_invariance,ACCEPT,L1,spec_v2_fragment_tight_train,equivalence_certificate,sha256:6aceb987e378cd0570f1e5f546a51d8e7b37a84c9219168c5a52c59d958c9101,,sgchem_v1.0__bundle__00052__invariance,
train,sgchem_v1.0__bundle__00054__abstain_contradiction__04,sgchem_v1.0__bundle__00054,abstain_contradiction,ABSTAIN,L1,spec_v2_low_rotor_train,unsat_certificate,sha256:f8d71d5baa0dd00cdee3d5f105c5a385989bcb4ed77900e56dbfb0e8f49597f7,,,
train,sgchem_v1.0__bundle__00054__audit_accept__02,sgchem_v1.0__bundle__00054,audit_accept,ACCEPT,L1,spec_v2_low_rotor_train,feasible_witness,sha256:02ce38f65aa05a4d7c5ff0ada43416a8fae1422e055d87cb6ffb12adae998e97,,,
train,sgchem_v1.0__bundle__00054__audit_reject__03,sgchem_v1.0__bundle__00054,audit_reject,REJECT,L2,spec_v2_low_rotor_train,violation_certificate,sha256:dd9bd125032db6c4a0c07747ec5255fe962880370b064a7f23b3be0c4c47a2ba,,,
train,sgchem_v1.0__bundle__00054__construct_feasible__01,sgchem_v1.0__bundle__00054,construct_feasible,ACCEPT,L3,spec_v2_low_rotor_train,feasible_witness,sha256:048704f78f91922af98866c8f8d84ebf8427c598871b62ec69b0bd771b4727dd,,,
train,sgchem_v1.0__bundle__00054__tool_forced_l3__05,sgchem_v1.0__bundle__00054,tool_forced_l3,ACCEPT,L3,spec_v2_low_rotor_train,repair_witness,sha256:feb70948cdbac85248c25d59d1dc3dedf418fd05a4c76e7e472d840ef246e384,,,
train,sgchem_v1.0__bundle__00055__abstain_contradiction__04,sgchem_v1.0__bundle__00055,abstain_contradiction,ABSTAIN,L1,spec_v2_polar_bias_train,unsat_certificate,sha256:bd861f6bc0abd0d3e3fc5f943c5cc3e72d2459a4207234ba8425613be89f1f13,,,
train,sgchem_v1.0__bundle__00055__audit_accept__02,sgchem_v1.0__bundle__00055,audit_accept,ACCEPT,L2,spec_v2_polar_bias_train,feasible_witness,sha256:cc288b904220faf94bf26f0bc65b4da4827b996618564b918d3a14842f9d0999,,,
train,sgchem_v1.0__bundle__00055__audit_reject__03,sgchem_v1.0__bundle__00055,audit_reject,REJECT,L3,spec_v2_polar_bias_train,violation_certificate,sha256:3bcbdb8ec85ef21f65f6ce63c64ed1125bf9787d81dc68238ef0a5c22465f496,,,
train,sgchem_v1.0__bundle__00055__construct_feasible__01,sgchem_v1.0__bundle__00055,construct_feasible,ACCEPT,L1,spec_v2_polar_bias_train,feasible_witness,sha256:1a53636d0356f583e51cbe2ba1a3361dd74d1b32fe54623dddab954a42c129b0,,,
train,sgchem_v1.0__bundle__00055__repair_near_miss__05,sgchem_v1.0__bundle__00055,repair_near_miss,ACCEPT,L2,spec_v2_polar_bias_train,repair_witness,sha256:a42430cd23c39033e694b7f436d85d75719a195bc67edc467910a1b41141ad18,,,
train,sgchem_v1.0__bundle__00057__abstain_contradiction__04,sgchem_v1.0__bundle__00057,abstain_contradiction,ABSTAIN,L1,spec_v2_sa_relaxed_dev,unsat_certificate,sha256:a283198286101401a8bba7fe6bb7210cba36d23e255b3da500c7c5ed6ebf8728,,,
train,sgchem_v1.0__bundle__00057__audit_accept__02,sgchem_v1.0__bundle__00057,audit_accept,ACCEPT,L1,spec_v2_sa_relaxed_dev,feasible_witness,sha256:81d7c355ad3b49878b0db305f93cae6c222af08676205e597e608b27a2195a72,,,
train,sgchem_v1.0__bundle__00057__audit_reject__03,sgchem_v1.0__bundle__00057,audit_reject,REJECT,L2,spec_v2_sa_relaxed_dev,violation_certificate,sha256:78f2e0dcabe5b88c0ed93461d6a36c7b3d72a75e5d8a8de05b6eb475208eea73,,,
train,sgchem_v1.0__bundle__00057__boundary_precision__05,sgchem_v1.0__bundle__00057,boundary_precision,ACCEPT,L2,spec_v2_sa_relaxed_dev,boundary_certificate,sha256:8338074634775343108b497bb39df190a0d3ca2a99025b455c5e97b3013499d1,sgchem_v1.0__bundle__00057__boundary,,
train,sgchem_v1.0__bundle__00057__boundary_precision__06,sgchem_v1.0__bundle__00057,boundary_precision,REJECT,L2,spec_v2_sa_relaxed_dev,boundary_certificate,sha256:b0f63e5eaf0fb6e1173de99c9b5ef5b84a0c5a627cf3f4e086f19b09b2f2fa89,sgchem_v1.0__bundle__00057__boundary,,
train,sgchem_v1.0__bundle__00057__construct_feasible__01,sgchem_v1.0__bundle__00057,construct_feasible,ACCEPT,L3,spec_v2_sa_relaxed_dev,feasible_witness,sha256:fb9a9f76a954486faa268e9feb7efdc30d4b889a60dfded913f4509328ecbd8d,,,
train,sgchem_v1.0__bundle__00059__abstain_contradiction__04,sgchem_v1.0__bundle__00059,abstain_contradiction,ABSTAIN,L1,spec_v1_basic,unsat_certificate,sha256:b2acdadcd74945a2d53c64add0b5f474dbc182f77fcac55a0394fea84f54c96c,,,
train,sgchem_v1.0__bundle__00059__audit_accept__02,sgchem_v1.0__bundle__00059,audit_accept,ACCEPT,L3,spec_v1_basic,feasible_witness,sha256:b09ad73867727a34a9e3f645603ae803e5800134541627ebbdfd69be14ef7da7,,,
train,sgchem_v1.0__bundle__00059__audit_reject__03,sgchem_v1.0__bundle__00059,audit_reject,REJECT,L1,spec_v1_basic,violation_certificate,sha256:e09031a33099d72abad2ca952a3dd72c9373d6589f1bc8e0609a73a3f3439946,,,
train,sgchem_v1.0__bundle__00059__construct_feasible__01,sgchem_v1.0__bundle__00059,construct_feasible,ACCEPT,L2,spec_v1_basic,feasible_witness,sha256:da14908283c71a066e935c561184e1c83ecf6527ec917b3946d9b0bc0f6ed66f,,,
train,sgchem_v1.0__bundle__00059__interrupt_resume__05,sgchem_v1.0__bundle__00059,interrupt_resume,ACCEPT,L3,spec_v1_basic,interrupt_certificate,sha256:b9b8dd61da2a61d6392808f6df732dd3ef7cb276701e0c8e1707f921adb33675,,,sgchem_v1.0__bundle__00059__interrupt
train,sgchem_v1.0__bundle__00061__abstain_contradiction__04,sgchem_v1.0__bundle__00061,abstain_contradiction,ABSTAIN,L1,spec_v2_alert_strict_dev,unsat_certificate,sha256:b05224a611b3eff8e097922f28c429498c39135dcd5fdc3bef476702bda0ddd7,,,
train,sgchem_v1.0__bundle__00061__audit_accept__02,sgchem_v1.0__bundle__00061,audit_accept,ACCEPT,L2,spec_v2_alert_strict_dev,feasible_witness,sha256:7c666e0e3829f45ef798f1abc63f160346a8450149f30e02e4cc1565e87f2125,,,
train,sgchem_v1.0__bundle__00061__audit_reject__03,sgchem_v1.0__bundle__00061,audit_reject,REJECT,L3,spec_v2_alert_strict_dev,violation_certificate,sha256:5df5e00de1f68b31fc56ac41563139ab5d97b79fc165bd3b74b409304154d5d5,,,
train,sgchem_v1.0__bundle__00061__construct_feasible__01,sgchem_v1.0__bundle__00061,construct_feasible,ACCEPT,L1,spec_v2_alert_strict_dev,feasible_witness,sha256:a69dc2d4280dd8037e3d80c8f927f403d95ca349d1b7e57bc1c061b61de76483,,,
train,sgchem_v1.0__bundle__00061__repair_near_miss__05,sgchem_v1.0__bundle__00061,repair_near_miss,ACCEPT,L2,spec_v2_alert_strict_dev,repair_witness,sha256:e19d019ee3afe69e6131d8919e7a2ada63e2a4e024ed2814ec0a049d3ce063f7,,,
train,sgchem_v1.0__bundle__00065__abstain_contradiction__04,sgchem_v1.0__bundle__00065,abstain_contradiction,ABSTAIN,L1,spec_v2_fragment_tight_train,unsat_certificate,sha256:0a5261afbca5261d5c46f41b10a08553e2224e2792cb704922e0812c406c1a89,,,
train,sgchem_v1.0__bundle__00065__audit_accept__02,sgchem_v1.0__bundle__00065,audit_accept,ACCEPT,L3,spec_v2_fragment_tight_train,feasible_witness,sha256:335bcbe35fd8424485d220f68dd95019a2a187956aedd0c33c6d270a4919588f,,,
train,sgchem_v1.0__bundle__00065__audit_reject__03,sgchem_v1.0__bundle__00065,audit_reject,REJECT,L1,spec_v2_fragment_tight_train,violation_certificate,sha256:b5c80bed33fbae8a32b43d21b8eae67a916acf7fb5ddac1e0c7891fed25a1c78,,,
train,sgchem_v1.0__bundle__00065__construct_feasible__01,sgchem_v1.0__bundle__00065,construct_feasible,ACCEPT,L2,spec_v2_fragment_tight_train,feasible_witness,sha256:303ad16a3c66ea63a9140bbccee310a3db77d18b7146c32a97e61e6b2ddd1e14,,,
train,sgchem_v1.0__bundle__00065__interrupt_resume__05,sgchem_v1.0__bundle__00065,interrupt_resume,ACCEPT,L3,spec_v2_fragment_tight_train,interrupt_certificate,sha256:8887f4a76e2d5947a1a0c8eb8f4835fc1c3b2f2a0948fe33151e9f7280944b34,,,sgchem_v1.0__bundle__00065__interrupt
train,sgchem_v1.0__bundle__00066__abstain_contradiction__04,sgchem_v1.0__bundle__00066,abstain_contradiction,ABSTAIN,L1,spec_v2_fragment_ultra_dev,unsat_certificate,sha256:71486830a19bfdfde125895a01533821b173e4458f6f761c4dba923b2bf3901c,,,
train,sgchem_v1.0__bundle__00066__audit_accept__02,sgchem_v1.0__bundle__00066,audit_accept,ACCEPT,L1,spec_v2_fragment_ultra_dev,feasible_witness,sha256:58e265104713a02686a7ea0d9e05950e72f68ee3e1f3acf56364025494e1dd62,,,
train,sgchem_v1.0__bundle__00066__audit_reject__03,sgchem_v1.0__bundle__00066,audit_reject,REJECT,L2,spec_v2_fragment_ultra_dev,violation_certificate,sha256:c95090a42d6baf3ea2816f8d0274c7675e72edb2c11d44e8852b8b97cfaa3cf3,,,
train,sgchem_v1.0__bundle__00066__construct_feasible__01,sgchem_v1.0__bundle__00066,construct_feasible,ACCEPT,L3,spec_v2_fragment_ultra_dev,feasible_witness,sha256:24cff87d958577d67635e7bc18deebc48ca180865cefd773c8b92bca21f2e336,,,
train,sgchem_v1.0__bundle__00066__tool_forced_l3__05,sgchem_v1.0__bundle__00066,tool_forced_l3,ACCEPT,L3,spec_v2_fragment_ultra_dev,repair_witness,sha256:ce265bda5cedd0ccc4da74b25ac98c756ae381b141d2bfc2d07585a3ed85ca51,,,
train,sgchem_v1.0__bundle__00067__abstain_contradiction__04,sgchem_v1.0__bundle__00067,abstain_contradiction,ABSTAIN,L1,spec_v2_low_rotor_train,unsat_certificate,sha256:2871d5587d1e50aacc36887224713e2371e4f81187737dc4554d61c1d5b52cf9,,,
train,sgchem_v1.0__bundle__00067__audit_accept__02,sgchem_v1.0__bundle__00067,audit_accept,ACCEPT,L2,spec_v2_low_rotor_train,feasible_witness,sha256:bfc9ae3b0396f07d0810a3a2f678bb0693de80c2ad285957dcf25e7a76ca435c,,,
train,sgchem_v1.0__bundle__00067__audit_reject__03,sgchem_v1.0__bundle__00067,audit_reject,REJECT,L3,spec_v2_low_rotor_train,violation_certificate,sha256:ca95b09ef67249cbec17af3b90c54fa8ba0c65d7a94d1af15aaad799fc85e882,,,
train,sgchem_v1.0__bundle__00067__construct_feasible__01,sgchem_v1.0__bundle__00067,construct_feasible,ACCEPT,L1,spec_v2_low_rotor_train,feasible_witness,sha256:93f0c982b26cc8463c4b6a7590830ad81411cd00528e05fa15a85d2c85cd830e,,,
train,sgchem_v1.0__bundle__00067__repair_near_miss__05,sgchem_v1.0__bundle__00067,repair_near_miss,ACCEPT,L2,spec_v2_low_rotor_train,repair_witness,sha256:fdd4511e035db3efa282b73822b62ee8960f0a189f9010785726703695ef39de,,,
train,sgchem_v1.0__bundle__00068__abstain_contradiction__04,sgchem_v1.0__bundle__00068,abstain_contradiction,ABSTAIN,L1,spec_v2_polar_bias_train,unsat_certificate,sha256:a855595340c1b6414409df1129e36c5ea5cda240c4a5864e91da101292d41aea,,,
train,sgchem_v1.0__bundle__00068__audit_accept__02,sgchem_v1.0__bundle__00068,audit_accept,ACCEPT,L3,spec_v2_polar_bias_train,feasible_witness,sha256:0f333f09a79a4b8542bad50d47b881e2209ebb883cde974e1040d68e30f27e4d,,,
train,sgchem_v1.0__bundle__00068__audit_reject__03,sgchem_v1.0__bundle__00068,audit_reject,REJECT,L1,spec_v2_polar_bias_train,violation_certificate,sha256:4ced24077efeec8b6d828063af0ba4e1c1a5896baf41c3294569b6e8c5f2f198,,,
train,sgchem_v1.0__bundle__00068__construct_feasible__01,sgchem_v1.0__bundle__00068,construct_feasible,ACCEPT,L2,spec_v2_polar_bias_train,feasible_witness,sha256:2215b9a00f9dddb2cf960b54ed2d490cba4c6b3cf7d890b36fec263bd7b64966,,,
train,sgchem_v1.0__bundle__00068__repair_multi_violation__05,sgchem_v1.0__bundle__00068,repair_multi_violation,ACCEPT,L3,spec_v2_polar_bias_train,repair_witness,sha256:9838e2ecd4e84c81ba3535da8bacc718fe6a11e224c1de673592baefb495f66b,,,
train,sgchem_v1.0__bundle__00072__abstain_contradiction__04,sgchem_v1.0__bundle__00072,abstain_contradiction,ABSTAIN,L1,spec_v1_basic,unsat_certificate,sha256:c07582d19dc679a00dd62518afba3aefe91f5cffaddb314a40fd23a8557b8884,,,
train,sgchem_v1.0__bundle__00072__audit_accept__02,sgchem_v1.0__bundle__00072,audit_accept,ACCEPT,L1,spec_v1_basic,feasible_witness,sha256:341bb4a29021281784aa96e584a836ddbd3be6c9233afcb396813e244d7883e9,,,
train,sgchem_v1.0__bundle__00072__audit_reject__03,sgchem_v1.0__bundle__00072,audit_reject,REJECT,L2,spec_v1_basic,violation_certificate,sha256:c97b93a48a6924fecb4cb10fc07d0a090aad42c0845be90d9b57669b80651df3,,,
train,sgchem_v1.0__bundle__00072__construct_feasible__01,sgchem_v1.0__bundle__00072,construct_feasible,ACCEPT,L3,spec_v1_basic,feasible_witness,sha256:d8331b103b3c1e236e187fd619561f00976065e33a31f1f30daa0b06c2876a02,,,
train,sgchem_v1.0__bundle__00072__tool_forced_l3__05,sgchem_v1.0__bundle__00072,tool_forced_l3,ACCEPT,L3,spec_v1_basic,repair_witness,sha256:b8fdea68c1dff93ea22bb017234d6335db454754044003a142ba8b489a3a0102,,,
train,sgchem_v1.0__bundle__00073__abstain_contradiction__04,sgchem_v1.0__bundle__00073,abstain_contradiction,ABSTAIN,L1,spec_v2_alert_soft_train,unsat_certificate,sha256:1251f17902d84e7baa41c17ab91d107be238c8fb8c6012952f56afe33685aa3f,,,
train,sgchem_v1.0__bundle__00073__audit_accept__02,sgchem_v1.0__bundle__00073,audit_accept,ACCEPT,L2,spec_v2_alert_soft_train,feasible_witness,sha256:fb636227430c0876956e9e9ddf5a5c9dbcd18a5fadf9b2fb89163197a251cd39,,,
train,sgchem_v1.0__bundle__00073__audit_reject__03,sgchem_v1.0__bundle__00073,audit_reject,REJECT,L3,spec_v2_alert_soft_train,violation_certificate,sha256:4445a005e6de2e240a18d489a1ec8b99aa6f4117ebe2ab7920d3f72cc32b8de3,,,
train,sgchem_v1.0__bundle__00073__construct_feasible__01,sgchem_v1.0__bundle__00073,construct_feasible,ACCEPT,L1,spec_v2_alert_soft_train,feasible_witness,sha256:a022af0852bef5a34f01ae417ba3ad9aa11349ef59b2a78770e9232992450b9c,,,
train,sgchem_v1.0__bundle__00073__repair_near_miss__05,sgchem_v1.0__bundle__00073,repair_near_miss,ACCEPT,L2,spec_v2_alert_soft_train,repair_witness,sha256:6f8f7da738ad84ab5785e62b37a42acc2c018d82aa884846cf294a3f5c0f356e,,,
train,sgchem_v1.0__bundle__00074__abstain_contradiction__04,sgchem_v1.0__bundle__00074,abstain_contradiction,ABSTAIN,L1,spec_v2_alert_strict_dev,unsat_certificate,sha256:70685269cbaa98873f66515c6f445f2fe16592f603d553f691b4556b04dc955e,,,
train,sgchem_v1.0__bundle__00074__audit_accept__02,sgchem_v1.0__bundle__00074,audit_accept,ACCEPT,L3,spec_v2_alert_strict_dev,feasible_witness,sha256:f70bbb76190d7d6505d6094303bf280042b9e1bc74a1204a0362f33c833b351e,,,
train,sgchem_v1.0__bundle__00074__audit_reject__03,sgchem_v1.0__bundle__00074,audit_reject,REJECT,L1,spec_v2_alert_strict_dev,violation_certificate,sha256:a276fdd7e7aa5bc55bb568373cf07d33c2a3f63508255f0d3567120441378b84,,,
train,sgchem_v1.0__bundle__00074__construct_feasible__01,sgchem_v1.0__bundle__00074,construct_feasible,ACCEPT,L2,spec_v2_alert_strict_dev,feasible_witness,sha256:8e7113d0c00d6708e38ffb70fc62ade355753c71195bc9e871be11080dff4f08,,,
train,sgchem_v1.0__bundle__00074__repair_multi_violation__05,sgchem_v1.0__bundle__00074,repair_multi_violation,ACCEPT,L3,spec_v2_alert_strict_dev,repair_witness,sha256:c2465b0e4775ad5551f4c68a2f5c8c01f013dd615555db2a8ec57c37ea2e6740,,,
train,sgchem_v1.0__bundle__00076__abstain_contradiction__04,sgchem_v1.0__bundle__00076,abstain_contradiction,ABSTAIN,L1,spec_v2_aromatic_pref_test,unsat_certificate,sha256:359deac34d0017e24d7e05a9d0899eb973321b03b2167c06004df9798a307149,,,
train,sgchem_v1.0__bundle__00076__audit_accept__02,sgchem_v1.0__bundle__00076,audit_accept,ACCEPT,L2,spec_v2_aromatic_pref_test,feasible_witness,sha256:8adf05ef7bcccbed4f72412a3018f32cda01f42f078c7d3cf68e904513c8a422,,,
train,sgchem_v1.0__bundle__00076__audit_reject__03,sgchem_v1.0__bundle__00076,audit_reject,REJECT,L3,spec_v2_aromatic_pref_test,violation_certificate,sha256:834a878e1106ef9287fca69a8132b29f1158d8bf9acc3d48c07762ede0bffab6,,,
train,sgchem_v1.0__bundle__00076__construct_feasible__01,sgchem_v1.0__bundle__00076,construct_feasible,ACCEPT,L1,spec_v2_aromatic_pref_test,feasible_witness,sha256:99b86bc79056f7aa5af29b652937cf0a49dd756b90386519c75811d3dc974106,,,
train,sgchem_v1.0__bundle__00076__smiles_invariance__05,sgchem_v1.0__bundle__00076,smiles_invariance,ACCEPT,L1,spec_v2_aromatic_pref_test,equivalence_certificate,sha256:a2acb309679b589b3203ea9bef4b81acde3d0fe8866c1d72262bf7ffb2cf8ae4,,sgchem_v1.0__bundle__00076__invariance,
train,sgchem_v1.0__bundle__00076__smiles_invariance__06,sgchem_v1.0__bundle__00076,smiles_invariance,ACCEPT,L1,spec_v2_aromatic_pref_test,equivalence_certificate,sha256:104f1786a4ded9560724276142b3703718a9f064e67f19a9fcd5a43c1e07263f,,sgchem_v1.0__bundle__00076__invariance,
train,sgchem_v1.0__bundle__00081__abstain_contradiction__04,sgchem_v1.0__bundle__00081,abstain_contradiction,ABSTAIN,L1,spec_v2_polar_bias_train,unsat_certificate,sha256:d02d86b85bd27951ad07feaa3382912fb1478afe8c9e3b3d6379d0086d9f242f,,,
train,sgchem_v1.0__bundle__00081__audit_accept__02,sgchem_v1.0__bundle__00081,audit_accept,ACCEPT,L1,spec_v2_polar_bias_train,feasible_witness,sha256:520e4205a2b29c8b5cf760ee4e3fe6b1316f706eadc0a39b5d81aff272760de4,,,
train,sgchem_v1.0__bundle__00081__audit_reject__03,sgchem_v1.0__bundle__00081,audit_reject,REJECT,L2,spec_v2_polar_bias_train,violation_certificate,sha256:2fd92f846c78d6301442eee49267f19bffbfad1389803b06cd3040ca7f372757,,,
train,sgchem_v1.0__bundle__00081__boundary_precision__05,sgchem_v1.0__bundle__00081,boundary_precision,ACCEPT,L2,spec_v2_polar_bias_train,boundary_certificate,sha256:ec20157d1be4341b6e40855e26e72ee7c779b3069a90ca5f7cc694742c1fc4e7,sgchem_v1.0__bundle__00081__boundary,,
train,sgchem_v1.0__bundle__00081__boundary_precision__06,sgchem_v1.0__bundle__00081,boundary_precision,REJECT,L2,spec_v2_polar_bias_train,boundary_certificate,sha256:283ed272fbc462dd74a5fc7fee65418124c7e2ccc1b1615e2657adfcc5f0bcee,sgchem_v1.0__bundle__00081__boundary,,
train,sgchem_v1.0__bundle__00081__construct_feasible__01,sgchem_v1.0__bundle__00081,construct_feasible,ACCEPT,L3,spec_v2_polar_bias_train,feasible_witness,sha256:52b71bc1db74113fcd73ae9766583f8fb2310c0258930fb7c4ef551510a589cd,,,
train,sgchem_v1.0__bundle__00083__abstain_contradiction__04,sgchem_v1.0__bundle__00083,abstain_contradiction,ABSTAIN,L1,spec_v2_sa_relaxed_dev,unsat_certificate,sha256:718afadc83213bcb4686bbab55e847af6fd4950a2fb34f1526a6926a80471c0f,,,
train,sgchem_v1.0__bundle__00083__audit_accept__02,sgchem_v1.0__bundle__00083,audit_accept,ACCEPT,L3,spec_v2_sa_relaxed_dev,feasible_witness,sha256:bd57274952f3f57268f6040448511959cf72f1f45e38e322b2a62c034134c732,,,
train,sgchem_v1.0__bundle__00083__audit_reject__03,sgchem_v1.0__bundle__00083,audit_reject,REJECT,L1,spec_v2_sa_relaxed_dev,violation_certificate,sha256:5abdb7da1008db51d0145f14971c501b1cbf6571b474abd9e6cc38437e95a626,,,
train,sgchem_v1.0__bundle__00083__construct_feasible__01,sgchem_v1.0__bundle__00083,construct_feasible,ACCEPT,L2,spec_v2_sa_relaxed_dev,feasible_witness,sha256:fcdf9108723279a267db03265fde85c08c24f26c9292acfb47b039ac5915f34a,,,
train,sgchem_v1.0__bundle__00083__interrupt_resume__05,sgchem_v1.0__bundle__00083,interrupt_resume,ACCEPT,L3,spec_v2_sa_relaxed_dev,interrupt_certificate,sha256:c5f5e8a08b21802cbd18bfb34b86efe138affadac4cca495012b73df39d9276b,,,sgchem_v1.0__bundle__00083__interrupt
train,sgchem_v1.0__bundle__00084__abstain_contradiction__04,sgchem_v1.0__bundle__00084,abstain_contradiction,ABSTAIN,L1,spec_v2_sa_strict_test,unsat_certificate,sha256:928ee2253da7229eeeb64700b164fbbde7dc5181811ac056e6cfc6e1bde7a85d,,,
train,sgchem_v1.0__bundle__00084__audit_accept__02,sgchem_v1.0__bundle__00084,audit_accept,ACCEPT,L1,spec_v2_sa_strict_test,feasible_witness,sha256:ce07a0a1d71c61c8e198ec35097ea6efae865159e36c33aa4c0cbdd4f9094459,,,
train,sgchem_v1.0__bundle__00084__audit_reject__03,sgchem_v1.0__bundle__00084,audit_reject,REJECT,L2,spec_v2_sa_strict_test,violation_certificate,sha256:4538d9f0ad7cb1e8afa4f14149bdb6736066f84e3ab7729f8dc28d7d61b4563f,,,
train,sgchem_v1.0__bundle__00084__construct_feasible__01,sgchem_v1.0__bundle__00084,construct_feasible,ACCEPT,L3,spec_v2_sa_strict_test,feasible_witness,sha256:9ff1893fd2970c5c7b731bf4fedf13b82c817573397c950813950fd9dcacaed5,,,
train,sgchem_v1.0__bundle__00084__tool_forced_l3__05,sgchem_v1.0__bundle__00084,tool_forced_l3,ACCEPT,L3,spec_v2_sa_strict_test,repair_witness,sha256:81ca006aaacc740fb76c7b5635c65edc58fecff5c84aff27e7982b01422c9a3c,,,
train,sgchem_v1.0__bundle__00086__abstain_contradiction__04,sgchem_v1.0__bundle__00086,abstain_contradiction,ABSTAIN,L1,spec_v2_alert_soft_train,unsat_certificate,sha256:d21ecf507a575ff50e79812c363e17d25504025ee65764676d51ab85a2375140,,,
train,sgchem_v1.0__bundle__00086__audit_accept__02,sgchem_v1.0__bundle__00086,audit_accept,ACCEPT,L3,spec_v2_alert_soft_train,feasible_witness,sha256:bb0fc66c99d7b07b4b88b8587d82196ef56280f89e79da1bdcb859e926463cef,,,
train,sgchem_v1.0__bundle__00086__audit_reject__03,sgchem_v1.0__bundle__00086,audit_reject,REJECT,L1,spec_v2_alert_soft_train,violation_certificate,sha256:2779a8f2bf5eb79f4a0322a2903a75d9a44a52ad8fb2853d562fb51103930e63,,,
train,sgchem_v1.0__bundle__00086__construct_feasible__01,sgchem_v1.0__bundle__00086,construct_feasible,ACCEPT,L2,spec_v2_alert_soft_train,feasible_witness,sha256:17b11e2e8ad0a9132aea074db127ef01cd6bafab6c66baa005f688d935e6a75d,,,
train,sgchem_v1.0__bundle__00086__repair_multi_violation__05,sgchem_v1.0__bundle__00086,repair_multi_violation,ACCEPT,L3,spec_v2_alert_soft_train,repair_witness,sha256:683da87738213d3dfb8f383c30e1bf1311fd2500a05257578def571293d02561,,,
train,sgchem_v1.0__bundle__00087__abstain_contradiction__04,sgchem_v1.0__bundle__00087,abstain_contradiction,ABSTAIN,L1,spec_v2_alert_strict_dev,unsat_certificate,sha256:c8a0ffa635b90cfa9366e03dfc73233b045bc8e4ec719c31f8177c69c9138cf0,,,
train,sgchem_v1.0__bundle__00087__audit_accept__02,sgchem_v1.0__bundle__00087,audit_accept,ACCEPT,L1,spec_v2_alert_strict_dev,feasible_witness,sha256:264bf609925dd442f48520ce562caa061700a6d990cf1a5e56705a7634826342,,,
train,sgchem_v1.0__bundle__00087__audit_reject__03,sgchem_v1.0__bundle__00087,audit_reject,REJECT,L2,spec_v2_alert_strict_dev,violation_certificate,sha256:1725d50f7a450a8ca75aa2dd0f1cb24ad02488ae584f6f7b1b9c2cf53905197a,,,
train,sgchem_v1.0__bundle__00087__boundary_precision__05,sgchem_v1.0__bundle__00087,boundary_precision,ACCEPT,L2,spec_v2_alert_strict_dev,boundary_certificate,sha256:38b5274c04fc589635a5e659bc2099356bc9daa85b798d01981cb441f9075c5b,sgchem_v1.0__bundle__00087__boundary,,
train,sgchem_v1.0__bundle__00087__boundary_precision__06,sgchem_v1.0__bundle__00087,boundary_precision,REJECT,L2,spec_v2_alert_strict_dev,boundary_certificate,sha256:b8f07b016df47b50a6e4ec3541f836ad151142708eaa6c7e3f8fd108ae950327,sgchem_v1.0__bundle__00087__boundary,,
train,sgchem_v1.0__bundle__00087__construct_feasible__01,sgchem_v1.0__bundle__00087,construct_feasible,ACCEPT,L3,spec_v2_alert_strict_dev,feasible_witness,sha256:3375d8163e31e79f9856a2aa535a9ed19c38b934ae1bbd816c62b0349ef73330,,,
train,sgchem_v1.0__bundle__00088__abstain_contradiction__04,sgchem_v1.0__bundle__00088,abstain_contradiction,ABSTAIN,L1,spec_v2_amide_friendly_dev,unsat_certificate,sha256:4d0b4c2217a8609127af5d44283f8e0ab10604d3047ed19533c12dda03213ab3,,,
train,sgchem_v1.0__bundle__00088__audit_accept__02,sgchem_v1.0__bundle__00088,audit_accept,ACCEPT,L2,spec_v2_amide_friendly_dev,feasible_witness,sha256:88eb15f8e284f418c28aaba903b5c3deffa6eced75f76ae55839c831939ebd1c,,,
train,sgchem_v1.0__bundle__00088__audit_reject__03,sgchem_v1.0__bundle__00088,audit_reject,REJECT,L3,spec_v2_amide_friendly_dev,violation_certificate,sha256:9f70e860567f33e87120ea8642d91bb25626f0b602590a82eed9b174f788588f,,,
train,sgchem_v1.0__bundle__00088__construct_feasible__01,sgchem_v1.0__bundle__00088,construct_feasible,ACCEPT,L1,spec_v2_amide_friendly_dev,feasible_witness,sha256:7c4326b7fbb02ce6298c74221b14e3c8caf4792e7622ccba6ff69748ef72ab0e,,,
train,sgchem_v1.0__bundle__00088__smiles_invariance__05,sgchem_v1.0__bundle__00088,smiles_invariance,ACCEPT,L1,spec_v2_amide_friendly_dev,equivalence_certificate,sha256:e3cfc102d7ae10a66ed1ef8f7e1b85cb4010dc0a4656d323b68ca7c94d96ab45,,sgchem_v1.0__bundle__00088__invariance,
train,sgchem_v1.0__bundle__00088__smiles_invariance__06,sgchem_v1.0__bundle__00088,smiles_invariance,ACCEPT,L1,spec_v2_amide_friendly_dev,equivalence_certificate,sha256:86e69a9d8e85bb128578b62da44b7260fb0e1c9368425bceb4b6c780b59d9ded,,sgchem_v1.0__bundle__00088__invariance,
train,sgchem_v1.0__bundle__00089__abstain_contradiction__04,sgchem_v1.0__bundle__00089,abstain_contradiction,ABSTAIN,L1,spec_v2_aromatic_pref_test,unsat_certificate,sha256:0759dfd634e683a5088fe54c269f926d7ac09a18a18018b9478a4f61976f79c6,,,
train,sgchem_v1.0__bundle__00089__audit_accept__02,sgchem_v1.0__bundle__00089,audit_accept,ACCEPT,L3,spec_v2_aromatic_pref_test,feasible_witness,sha256:f10af2030ff433be6d90661c0fa136af361b2942ca050ef95cd604b6f89cc693,,,
train,sgchem_v1.0__bundle__00089__audit_reject__03,sgchem_v1.0__bundle__00089,audit_reject,REJECT,L1,spec_v2_aromatic_pref_test,violation_certificate,sha256:1eb94198a42332934a339950cd618547f81cff3e42b91b00e25324101b88bcb9,,,
train,sgchem_v1.0__bundle__00089__construct_feasible__01,sgchem_v1.0__bundle__00089,construct_feasible,ACCEPT,L2,spec_v2_aromatic_pref_test,feasible_witness,sha256:45d82d54c0657a02a6beee62a40214fb7501cab6c106bd736021973a67eee02e,,,
train,sgchem_v1.0__bundle__00089__interrupt_resume__05,sgchem_v1.0__bundle__00089,interrupt_resume,ACCEPT,L3,spec_v2_aromatic_pref_test,interrupt_certificate,sha256:d146ccfa06efe370ed9d7bfe162a154702d1acf830daa43a51da7f175fc313aa,,,sgchem_v1.0__bundle__00089__interrupt
train,sgchem_v1.0__bundle__00090__abstain_contradiction__04,sgchem_v1.0__bundle__00090,abstain_contradiction,ABSTAIN,L1,spec_v2_cns_like_test,unsat_certificate,sha256:7ad0e1def1d40e4246eae30596a053940e75d33f65c69bce707423ae4418f1a6,,,
train,sgchem_v1.0__bundle__00090__audit_accept__02,sgchem_v1.0__bundle__00090,audit_accept,ACCEPT,L1,spec_v2_cns_like_test,feasible_witness,sha256:eff0ef8ddab3e7d727b69e1bfcbbcd05ca6f0201812ffd75b60aece76e5253bd,,,
train,sgchem_v1.0__bundle__00090__audit_reject__03,sgchem_v1.0__bundle__00090,audit_reject,REJECT,L2,spec_v2_cns_like_test,violation_certificate,sha256:e760c5988e210e9d29d48543976b263e3f3d5bd151ead1d6f5c36ac4b791756d,,,
train,sgchem_v1.0__bundle__00090__construct_feasible__01,sgchem_v1.0__bundle__00090,construct_feasible,ACCEPT,L3,spec_v2_cns_like_test,feasible_witness,sha256:8df9c487a445b3f6b4b4821cd3739b22d5b76552abc379536091d82e4210b381,,,
train,sgchem_v1.0__bundle__00090__tool_forced_l3__05,sgchem_v1.0__bundle__00090,tool_forced_l3,ACCEPT,L3,spec_v2_cns_like_test,repair_witness,sha256:b4f645d67bea4e2ec4fad6eedeff6f83b891aa7f318431192d72985785bf086a,,,
train,sgchem_v1.0__bundle__00091__abstain_contradiction__04,sgchem_v1.0__bundle__00091,abstain_contradiction,ABSTAIN,L1,spec_v2_fragment_tight_train,unsat_certificate,sha256:6d3dfb1651e9903727150a0c877caf47e935de2b1a30b5700ce701076005090e,,,
train,sgchem_v1.0__bundle__00091__audit_accept__02,sgchem_v1.0__bundle__00091,audit_accept,ACCEPT,L2,spec_v2_fragment_tight_train,feasible_witness,sha256:b586d6f71cf9abdfc41901ad78d8e03aa7fd4e4cb7fe559e1cabc800abc533de,,,
train,sgchem_v1.0__bundle__00091__audit_reject__03,sgchem_v1.0__bundle__00091,audit_reject,REJECT,L3,spec_v2_fragment_tight_train,violation_certificate,sha256:974ad41f152c8ffc57eabacdde20c1e6fa58261898f6c0f837fc339b6d4ee49c,,,
train,sgchem_v1.0__bundle__00091__construct_feasible__01,sgchem_v1.0__bundle__00091,construct_feasible,ACCEPT,L1,spec_v2_fragment_tight_train,feasible_witness,sha256:d471f5cd0cff61522b9a00d08fe45df55b6b6b561f3fa8cc5877c73f544c3601,,,
train,sgchem_v1.0__bundle__00091__repair_near_miss__05,sgchem_v1.0__bundle__00091,repair_near_miss,ACCEPT,L2,spec_v2_fragment_tight_train,repair_witness,sha256:0c303cc1d54c47986d12456fb08a7f80e3ab4fb0303d4f6e4e53b9dfc09e2757,,,
train,sgchem_v1.0__bundle__00094__abstain_contradiction__04,sgchem_v1.0__bundle__00094,abstain_contradiction,ABSTAIN,L1,spec_v2_polar_bias_train,unsat_certificate,sha256:ca26d9aaf8cfb29ed17a258368a8fd811b0d3f68ad98478325417c08cb418596,,,
train,sgchem_v1.0__bundle__00094__audit_accept__02,sgchem_v1.0__bundle__00094,audit_accept,ACCEPT,L2,spec_v2_polar_bias_train,feasible_witness,sha256:e1d0c6fa891080224a77a8c53ab505ea48dd2d8f44aa61636b5b1f5339f8ef7b,,,
train,sgchem_v1.0__bundle__00094__audit_reject__03,sgchem_v1.0__bundle__00094,audit_reject,REJECT,L3,spec_v2_polar_bias_train,violation_certificate,sha256:4aa698baab17a5d1cfc885c5d76cafc99aae292a8f73fb6a758a5a19b857c188,,,
train,sgchem_v1.0__bundle__00094__construct_feasible__01,sgchem_v1.0__bundle__00094,construct_feasible,ACCEPT,L1,spec_v2_polar_bias_train,feasible_witness,sha256:83be5e1bb46760901fee42834ef9762830440d4f68664cfab92fdcde6fd43c89,,,
train,sgchem_v1.0__bundle__00094__smiles_invariance__05,sgchem_v1.0__bundle__00094,smiles_invariance,ACCEPT,L1,spec_v2_polar_bias_train,equivalence_certificate,sha256:bc3095afb3e3d342c0fa54fe826e7704f8b71b03077d2fabba191fd77f4d06c3,,sgchem_v1.0__bundle__00094__invariance,
train,sgchem_v1.0__bundle__00094__smiles_invariance__06,sgchem_v1.0__bundle__00094,smiles_invariance,ACCEPT,L1,spec_v2_polar_bias_train,equivalence_certificate,sha256:8d83f5256ad133f198096145c5b52d5ccf10c136d47f52f69681054bb003bd62,,sgchem_v1.0__bundle__00094__invariance,
train,sgchem_v1.0__bundle__00097__abstain_contradiction__04,sgchem_v1.0__bundle__00097,abstain_contradiction,ABSTAIN,L1,spec_v2_sa_strict_test,unsat_certificate,sha256:3afb8032094c882ff6845073e9d6272a46c7eeea109572a7e0f099803331fb61,,,
train,sgchem_v1.0__bundle__00097__audit_accept__02,sgchem_v1.0__bundle__00097,audit_accept,ACCEPT,L2,spec_v2_sa_strict_test,feasible_witness,sha256:32dce7f9a0771dc0ba423ea8260de629c3d74a961d3595971ec313f38060b4cb,,,
train,sgchem_v1.0__bundle__00097__audit_reject__03,sgchem_v1.0__bundle__00097,audit_reject,REJECT,L3,spec_v2_sa_strict_test,violation_certificate,sha256:789e1c4feaf89853045b45910ecc3e830a80438e3df53a4ae6f5b8398a0ceff3,,,
train,sgchem_v1.0__bundle__00097__construct_feasible__01,sgchem_v1.0__bundle__00097,construct_feasible,ACCEPT,L1,spec_v2_sa_strict_test,feasible_witness,sha256:06602a5dc59898410f6ca0aa8ea93fa390e2e7e48f2b28c132a2eea49e7044ef,,,
train,sgchem_v1.0__bundle__00097__repair_near_miss__05,sgchem_v1.0__bundle__00097,repair_near_miss,ACCEPT,L2,spec_v2_sa_strict_test,repair_witness,sha256:9b52378636c539c3c14128fb3f64593cdd2af1d68e7b2c0ea80fbda931c3b8a3,,,
train,sgchem_v1.0__bundle__00098__abstain_contradiction__04,sgchem_v1.0__bundle__00098,abstain_contradiction,ABSTAIN,L1,spec_v1_basic,unsat_certificate,sha256:5b0fe3feb34314045bfca33bcf853e2c67415289c19f4d8e8b61ca4f67e1bc19,,,
train,sgchem_v1.0__bundle__00098__audit_accept__02,sgchem_v1.0__bundle__00098,audit_accept,ACCEPT,L3,spec_v1_basic,feasible_witness,sha256:8d14a1c5c6ce1a1054d9c1e415844a60bb29e0e798d2a8df8f23ade20945e0e8,,,
train,sgchem_v1.0__bundle__00098__audit_reject__03,sgchem_v1.0__bundle__00098,audit_reject,REJECT,L1,spec_v1_basic,violation_certificate,sha256:b6917110d85011729f926b19ca3e0cc8182701242aad680e11bc39457acd3ce9,,,
train,sgchem_v1.0__bundle__00098__construct_feasible__01,sgchem_v1.0__bundle__00098,construct_feasible,ACCEPT,L2,spec_v1_basic,feasible_witness,sha256:24b2e3e5a5c8ade2abe35dd6fabab54519a44ae4e0d9aa97857674e61ddabbdf,,,
train,sgchem_v1.0__bundle__00098__repair_multi_violation__05,sgchem_v1.0__bundle__00098,repair_multi_violation,ACCEPT,L3,spec_v1_basic,repair_witness,sha256:6e14c12028ea3e620e793a667510527dad6cd493e68a5195dc958aa475b1bed4,,,
train,sgchem_v1.0__bundle__00099__abstain_contradiction__04,sgchem_v1.0__bundle__00099,abstain_contradiction,ABSTAIN,L1,spec_v2_alert_soft_train,unsat_certificate,sha256:6638c4ded985be3bf663ef65d9cd33e0cee29f4f296d74707572ebc4ebd9ee83,,,
train,sgchem_v1.0__bundle__00099__audit_accept__02,sgchem_v1.0__bundle__00099,audit_accept,ACCEPT,L1,spec_v2_alert_soft_train,feasible_witness,sha256:f661c77be5e4d57d1c4bd4afb17fe7b9ab918a5edf461b494587c14c3459c751,,,
train,sgchem_v1.0__bundle__00099__audit_reject__03,sgchem_v1.0__bundle__00099,audit_reject,REJECT,L2,spec_v2_alert_soft_train,violation_certificate,sha256:702c654c4237f7bbb78f4d5c7230dac40d3bf1182c419d07cab9615a4a8f048f,,,
train,sgchem_v1.0__bundle__00099__boundary_precision__05,sgchem_v1.0__bundle__00099,boundary_precision,ACCEPT,L2,spec_v2_alert_soft_train,boundary_certificate,sha256:0d1c699739183d91668aecdacc4e3f9db4994faf4b0c8eaf9500b0c232f14106,sgchem_v1.0__bundle__00099__boundary,,
train,sgchem_v1.0__bundle__00099__boundary_precision__06,sgchem_v1.0__bundle__00099,boundary_precision,REJECT,L2,spec_v2_alert_soft_train,boundary_certificate,sha256:913d153e56d545a29889d8c897c695309bd93fefeae56a2ac03dc93c20d19e4d,sgchem_v1.0__bundle__00099__boundary,,
train,sgchem_v1.0__bundle__00099__construct_feasible__01,sgchem_v1.0__bundle__00099,construct_feasible,ACCEPT,L3,spec_v2_alert_soft_train,feasible_witness,sha256:58c69aeefbf77d3da09ae626abfc1806a1f1a9978211fb6e1d7b415839f4112a,,,
train,sgchem_v1.0__bundle__00104__abstain_contradiction__04,sgchem_v1.0__bundle__00104,abstain_contradiction,ABSTAIN,L1,spec_v2_fragment_tight_train,unsat_certificate,sha256:27bb98bd2d045beaf675e11f996acb543937f4fbe3caf07f123a8f740a09b7b6,,,
train,sgchem_v1.0__bundle__00104__audit_accept__02,sgchem_v1.0__bundle__00104,audit_accept,ACCEPT,L3,spec_v2_fragment_tight_train,feasible_witness,sha256:e3eba4738a95c1fa3c343e81410abfa86dc46623d086bc196da9b6f8f51b1495,,,
train,sgchem_v1.0__bundle__00104__audit_reject__03,sgchem_v1.0__bundle__00104,audit_reject,REJECT,L1,spec_v2_fragment_tight_train,violation_certificate,sha256:eaffad0d7b8b9946daa488af16984798401e1f8f394237f892c5ace928d622eb,,,
train,sgchem_v1.0__bundle__00104__construct_feasible__01,sgchem_v1.0__bundle__00104,construct_feasible,ACCEPT,L2,spec_v2_fragment_tight_train,feasible_witness,sha256:bce3d3c58d624aa3b795dc4aa17823fad5571f0d4e9ec13fe7ac266d0e1380a2,,,
train,sgchem_v1.0__bundle__00104__repair_multi_violation__05,sgchem_v1.0__bundle__00104,repair_multi_violation,ACCEPT,L3,spec_v2_fragment_tight_train,repair_witness,sha256:83647e8e782da853b31bbc3a2baade1e0d6c83d2236e19c9669b9ad47b4a565d,,,
train,sgchem_v1.0__bundle__00106__abstain_contradiction__04,sgchem_v1.0__bundle__00106,abstain_contradiction,ABSTAIN,L1,spec_v2_low_rotor_train,unsat_certificate,sha256:b104b42e8dffbee9426fd10f8b964458f6c7f34f3559d7770661243e809beeed,,,
train,sgchem_v1.0__bundle__00106__audit_accept__02,sgchem_v1.0__bundle__00106,audit_accept,ACCEPT,L2,spec_v2_low_rotor_train,feasible_witness,sha256:717df0f923df1c0ea49143008078f9f8e6ec332e19c5420bb059de19a9478811,,,
train,sgchem_v1.0__bundle__00106__audit_reject__03,sgchem_v1.0__bundle__00106,audit_reject,REJECT,L3,spec_v2_low_rotor_train,violation_certificate,sha256:148b06eb683b8e65d936e5af26c2168692751f98f3f7368de63d3b8b545da30d,,,
train,sgchem_v1.0__bundle__00106__construct_feasible__01,sgchem_v1.0__bundle__00106,construct_feasible,ACCEPT,L1,spec_v2_low_rotor_train,feasible_witness,sha256:f9fdef084f91b00b5374f2d693e65477876acbed2f2a2843b9e67145a606e919,,,
train,sgchem_v1.0__bundle__00106__smiles_invariance__05,sgchem_v1.0__bundle__00106,smiles_invariance,ACCEPT,L1,spec_v2_low_rotor_train,equivalence_certificate,sha256:c8b658f9196970be5686f73f1e6301e79f331fe61de1c08f4512ee0ebd637b55,,sgchem_v1.0__bundle__00106__invariance,
train,sgchem_v1.0__bundle__00106__smiles_invariance__06,sgchem_v1.0__bundle__00106,smiles_invariance,ACCEPT,L1,spec_v2_low_rotor_train,equivalence_certificate,sha256:c6e0c3bc49d17bc9fa9af304722c30e5bbf97665a80520b817eea57107500de2,,sgchem_v1.0__bundle__00106__invariance,
train,sgchem_v1.0__bundle__00107__abstain_contradiction__04,sgchem_v1.0__bundle__00107,abstain_contradiction,ABSTAIN,L1,spec_v2_polar_bias_train,unsat_certificate,sha256:407c6ef683813a187e9c46d77d0b44294cc1ab28d0f4b7d079d82d4802e224ab,,,
train,sgchem_v1.0__bundle__00107__audit_accept__02,sgchem_v1.0__bundle__00107,audit_accept,ACCEPT,L3,spec_v2_polar_bias_train,feasible_witness,sha256:850f7f88864eae41ca73bf11c5b2a6918f25f09fa772901bbf15e9b0f1a93bf7,,,
train,sgchem_v1.0__bundle__00107__audit_reject__03,sgchem_v1.0__bundle__00107,audit_reject,REJECT,L1,spec_v2_polar_bias_train,violation_certificate,sha256:0fb7c72a2c8d80694aff7cb76cd8752eeee75cdb10490d237042a7e4b94258bc,,,
train,sgchem_v1.0__bundle__00107__construct_feasible__01,sgchem_v1.0__bundle__00107,construct_feasible,ACCEPT,L2,spec_v2_polar_bias_train,feasible_witness,sha256:74c641911e3aaf4012636f8dab2401478e1f32ddaa8d8d47e3c7ef952edf83b3,,,
train,sgchem_v1.0__bundle__00107__interrupt_resume__05,sgchem_v1.0__bundle__00107,interrupt_resume,ACCEPT,L3,spec_v2_polar_bias_train,interrupt_certificate,sha256:b300359497a1d54fdd7a8f43368479d4e5b6f2dd7b62542fc9bf65fd755768b7,,,sgchem_v1.0__bundle__00107__interrupt
train,sgchem_v1.0__bundle__00108__abstain_contradiction__04,sgchem_v1.0__bundle__00108,abstain_contradiction,ABSTAIN,L1,spec_v2_ro5_balanced_test,unsat_certificate,sha256:d0f2f5fea8404cfab0541ec21c07e49bf66b63e6a5664189c8ee77d5e7586e8c,,,
train,sgchem_v1.0__bundle__00108__audit_accept__02,sgchem_v1.0__bundle__00108,audit_accept,ACCEPT,L1,spec_v2_ro5_balanced_test,feasible_witness,sha256:3ffa9b182c152eb4e4eec838a389b6d697bd88aa26e1430874547dd10252dd96,,,
train,sgchem_v1.0__bundle__00108__audit_reject__03,sgchem_v1.0__bundle__00108,audit_reject,REJECT,L2,spec_v2_ro5_balanced_test,violation_certificate,sha256:b0857880690102a8f2476ca52bf55887cdac59ef8e4b7bd03c44df910f5cab5c,,,
train,sgchem_v1.0__bundle__00108__construct_feasible__01,sgchem_v1.0__bundle__00108,construct_feasible,ACCEPT,L3,spec_v2_ro5_balanced_test,feasible_witness,sha256:ba0b0c660397e29b102272077bdf83f025f6449a2ba018a49135f1f4f0032473,,,
train,sgchem_v1.0__bundle__00108__tool_forced_l3__05,sgchem_v1.0__bundle__00108,tool_forced_l3,ACCEPT,L3,spec_v2_ro5_balanced_test,repair_witness,sha256:1b982e1cabdd8bc8b3c8facbb880f144197dca01981413eac22b109ab56b5ac0,,,
train,sgchem_v1.0__bundle__00111__abstain_contradiction__04,sgchem_v1.0__bundle__00111,abstain_contradiction,ABSTAIN,L1,spec_v1_basic,unsat_certificate,sha256:3a6101773fdd32adf75d3167c2fbdb063c8d1abfd7742a4f2dd590d007233d26,,,
train,sgchem_v1.0__bundle__00111__audit_accept__02,sgchem_v1.0__bundle__00111,audit_accept,ACCEPT,L1,spec_v1_basic,feasible_witness,sha256:2a7af06265087d7cd3a6acf5d400aba2a1b3f7529a87d244f943430680198925,,,
train,sgchem_v1.0__bundle__00111__audit_reject__03,sgchem_v1.0__bundle__00111,audit_reject,REJECT,L2,spec_v1_basic,violation_certificate,sha256:f643055a7c844441a90916296ee75771acde034a61068d460ec3b50e8c13a5c7,,,
train,sgchem_v1.0__bundle__00111__boundary_precision__05,sgchem_v1.0__bundle__00111,boundary_precision,ACCEPT,L2,spec_v1_basic,boundary_certificate,sha256:aee6b812612b9a352098583dab6aca0b3ea37a9cac84bfead03f28d77ee92a21,sgchem_v1.0__bundle__00111__boundary,,
train,sgchem_v1.0__bundle__00111__boundary_precision__06,sgchem_v1.0__bundle__00111,boundary_precision,REJECT,L2,spec_v1_basic,boundary_certificate,sha256:7e573514b73dcddcf7a8dc104934462b884dac3aa7cf1d6a709e08b06bcfa0bb,sgchem_v1.0__bundle__00111__boundary,,
train,sgchem_v1.0__bundle__00111__construct_feasible__01,sgchem_v1.0__bundle__00111,construct_feasible,ACCEPT,L3,spec_v1_basic,feasible_witness,sha256:d09ae53cc647a3dd7794c2331c8bb592a312476111b07e2477c56b8ace1a7aab,,,
train,sgchem_v1.0__bundle__00113__abstain_contradiction__04,sgchem_v1.0__bundle__00113,abstain_contradiction,ABSTAIN,L1,spec_v2_alert_strict_dev,unsat_certificate,sha256:d34dc848acb0de56a2c99eefc3d193305d9a27f1e6894624450f7d645b830f72,,,
train,sgchem_v1.0__bundle__00113__audit_accept__02,sgchem_v1.0__bundle__00113,audit_accept,ACCEPT,L3,spec_v2_alert_strict_dev,feasible_witness,sha256:4569a75aa1d168d3a98e900e4d132c4354e24b38fc5adacd0da7ac9421ef7052,,,
train,sgchem_v1.0__bundle__00113__audit_reject__03,sgchem_v1.0__bundle__00113,audit_reject,REJECT,L1,spec_v2_alert_strict_dev,violation_certificate,sha256:15795da97a788d568a63333db2578be7ca1252b98be614c9936545ebed441644,,,
train,sgchem_v1.0__bundle__00113__construct_feasible__01,sgchem_v1.0__bundle__00113,construct_feasible,ACCEPT,L2,spec_v2_alert_strict_dev,feasible_witness,sha256:9b91767586bef989f22f47f757225389bbb05e0ac65038eb1c06c7e7d94777ae,,,
train,sgchem_v1.0__bundle__00113__interrupt_resume__05,sgchem_v1.0__bundle__00113,interrupt_resume,ACCEPT,L3,spec_v2_alert_strict_dev,interrupt_certificate,sha256:9d91bbc876dd7ed67e3bf8378691edcd8ebb118f1d599678fbc57cdea66666db,,,sgchem_v1.0__bundle__00113__interrupt
train,sgchem_v1.0__bundle__00114__abstain_contradiction__04,sgchem_v1.0__bundle__00114,abstain_contradiction,ABSTAIN,L1,spec_v2_amide_friendly_dev,unsat_certificate,sha256:c3af6c9b2ffe5209295c252defc31eb0a8473029afe76ea9a2aa07ff756fe76a,,,
train,sgchem_v1.0__bundle__00114__audit_accept__02,sgchem_v1.0__bundle__00114,audit_accept,ACCEPT,L1,spec_v2_amide_friendly_dev,feasible_witness,sha256:f764004acf0692fbcf02da378cb7766cd03a1d496587222626267e6ec4842c8f,,,
train,sgchem_v1.0__bundle__00114__audit_reject__03,sgchem_v1.0__bundle__00114,audit_reject,REJECT,L2,spec_v2_amide_friendly_dev,violation_certificate,sha256:23e59675c0588e83658416c00ec48e456ba670ec4713c8a2cef4eb213e23bbe9,,,
train,sgchem_v1.0__bundle__00114__construct_feasible__01,sgchem_v1.0__bundle__00114,construct_feasible,ACCEPT,L3,spec_v2_amide_friendly_dev,feasible_witness,sha256:8e7332d376e30e654dc63f3bfd14db6d87b96a62f43ec54ccaa6bc3d67d01d16,,,
train,sgchem_v1.0__bundle__00114__tool_forced_l3__05,sgchem_v1.0__bundle__00114,tool_forced_l3,ACCEPT,L3,spec_v2_amide_friendly_dev,repair_witness,sha256:895383f4a8251f5da0408077763ded63ce6f71ca67c7dde6fa782b8fad98c27b,,,
train,sgchem_v1.0__bundle__00115__abstain_contradiction__04,sgchem_v1.0__bundle__00115,abstain_contradiction,ABSTAIN,L1,spec_v2_aromatic_pref_test,unsat_certificate,sha256:d40a3a9fded3ce9a9c6bd849356b5eabf912a2e941903df5523107825301f146,,,
train,sgchem_v1.0__bundle__00115__audit_accept__02,sgchem_v1.0__bundle__00115,audit_accept,ACCEPT,L2,spec_v2_aromatic_pref_test,feasible_witness,sha256:debb63143e824108781a6b72d3178d267c4f08c91bb7732ce31eee5abf6ecea6,,,
train,sgchem_v1.0__bundle__00115__audit_reject__03,sgchem_v1.0__bundle__00115,audit_reject,REJECT,L3,spec_v2_aromatic_pref_test,violation_certificate,sha256:7ab81d3f98612f59092e93b087e576a9720c6a1c24e7d07a12d9773032b02b59,,,
train,sgchem_v1.0__bundle__00115__construct_feasible__01,sgchem_v1.0__bundle__00115,construct_feasible,ACCEPT,L1,spec_v2_aromatic_pref_test,feasible_witness,sha256:2cd779b7eda638999208c9c1306f0c88e07fb53e87ec042acc5f529c614f1820,,,
train,sgchem_v1.0__bundle__00115__repair_near_miss__05,sgchem_v1.0__bundle__00115,repair_near_miss,ACCEPT,L2,spec_v2_aromatic_pref_test,repair_witness,sha256:2d030bd88ae11ca0f04df69cd9592c7073a7f82db6ea8b8e997712510968ef28,,,
train,sgchem_v1.0__bundle__00116__abstain_contradiction__04,sgchem_v1.0__bundle__00116,abstain_contradiction,ABSTAIN,L1,spec_v2_cns_like_test,unsat_certificate,sha256:23e6c74a7aa472fd18093bb1993047eec73b1e469bc9cfef1a1a17451e544b4f,,,
train,sgchem_v1.0__bundle__00116__audit_accept__02,sgchem_v1.0__bundle__00116,audit_accept,ACCEPT,L3,spec_v2_cns_like_test,feasible_witness,sha256:84cc274d8105c9df5c094613840f2887e9a0db5e9d62b6cb9890196bcb6640d1,,,
train,sgchem_v1.0__bundle__00116__audit_reject__03,sgchem_v1.0__bundle__00116,audit_reject,REJECT,L1,spec_v2_cns_like_test,violation_certificate,sha256:a16fbd3cafa8f75f2043a5eb3aa4997fb5b9e9f84e11bb9c813f0d2fdec24efc,,,
train,sgchem_v1.0__bundle__00116__construct_feasible__01,sgchem_v1.0__bundle__00116,construct_feasible,ACCEPT,L2,spec_v2_cns_like_test,feasible_witness,sha256:d6ca9157abfc15fc600d01a679f538780d6900714cc018d83d9b0f6b85ff548c,,,
train,sgchem_v1.0__bundle__00116__repair_multi_violation__05,sgchem_v1.0__bundle__00116,repair_multi_violation,ACCEPT,L3,spec_v2_cns_like_test,repair_witness,sha256:df74d338fcadc990dc16d71d743f038ea175565b55f113e8b5febcf0b81da5f2,,,
train,sgchem_v1.0__bundle__00117__abstain_contradiction__04,sgchem_v1.0__bundle__00117,abstain_contradiction,ABSTAIN,L1,spec_v2_fragment_tight_train,unsat_certificate,sha256:4fab1c27e334f054d2bcb8c22bf1bdb49daaa24ab99723a4c3608e268f596fc1,,,
train,sgchem_v1.0__bundle__00117__audit_accept__02,sgchem_v1.0__bundle__00117,audit_accept,ACCEPT,L1,spec_v2_fragment_tight_train,feasible_witness,sha256:001ad2bf919b505a3b063c0ea6d81fd5772ff1c0efe9c0d667154b4797bdbc38,,,
train,sgchem_v1.0__bundle__00117__audit_reject__03,sgchem_v1.0__bundle__00117,audit_reject,REJECT,L2,spec_v2_fragment_tight_train,violation_certificate,sha256:140c15264f4bc0556fec4c5964f84000ef24c825b7c92805ef31a7179694f37c,,,
train,sgchem_v1.0__bundle__00117__boundary_precision__05,sgchem_v1.0__bundle__00117,boundary_precision,ACCEPT,L2,spec_v2_fragment_tight_train,boundary_certificate,sha256:a1b79eaebc8796d94719da3d39ce0e62dcc056cc3d4c3e237ad6090b62e861f8,sgchem_v1.0__bundle__00117__boundary,,
train,sgchem_v1.0__bundle__00117__boundary_precision__06,sgchem_v1.0__bundle__00117,boundary_precision,REJECT,L2,spec_v2_fragment_tight_train,boundary_certificate,sha256:8fdbb7ce9960afcc3cb0276b45287529f2dcb90304bc3c5b24721654ec9324d5,sgchem_v1.0__bundle__00117__boundary,,
train,sgchem_v1.0__bundle__00117__construct_feasible__01,sgchem_v1.0__bundle__00117,construct_feasible,ACCEPT,L3,spec_v2_fragment_tight_train,feasible_witness,sha256:7b78bb1024a41123bcd39e21e1220d7deab880480ce005ec2a4b760d1bf02d64,,,
train,sgchem_v1.0__bundle__00119__abstain_contradiction__04,sgchem_v1.0__bundle__00119,abstain_contradiction,ABSTAIN,L1,spec_v2_low_rotor_train,unsat_certificate,sha256:ac530c09946b480c0fe829c6e65c0134370afc5fdaaff5ddbce1f723708b972b,,,
train,sgchem_v1.0__bundle__00119__audit_accept__02,sgchem_v1.0__bundle__00119,audit_accept,ACCEPT,L3,spec_v2_low_rotor_train,feasible_witness,sha256:d712a46b823007785118e0269132ce085c68d4e308f0355bf9697613a7f48d64,,,
train,sgchem_v1.0__bundle__00119__audit_reject__03,sgchem_v1.0__bundle__00119,audit_reject,REJECT,L1,spec_v2_low_rotor_train,violation_certificate,sha256:d2895f1c48c8ad20efaad3405a82ce887c14df763d05301a00fbcf0645f5b16a,,,
train,sgchem_v1.0__bundle__00119__construct_feasible__01,sgchem_v1.0__bundle__00119,construct_feasible,ACCEPT,L2,spec_v2_low_rotor_train,feasible_witness,sha256:653b4e411ec3b334e99b58f9b372ce53262f576bf715541efbcedce2f5237eed,,,
train,sgchem_v1.0__bundle__00119__interrupt_resume__05,sgchem_v1.0__bundle__00119,interrupt_resume,ACCEPT,L3,spec_v2_low_rotor_train,interrupt_certificate,sha256:45512ca582a6de033b7e005a08227287c63bf5f8b436f0d0318c4fbc81fbfbd8,,,sgchem_v1.0__bundle__00119__interrupt
train,sgchem_v1.0__bundle__00120__abstain_contradiction__04,sgchem_v1.0__bundle__00120,abstain_contradiction,ABSTAIN,L1,spec_v2_polar_bias_train,unsat_certificate,sha256:03709aa3601626354f589ee5e6a54ebb3e9b422615d416e181e629281e3cea54,,,
train,sgchem_v1.0__bundle__00120__audit_accept__02,sgchem_v1.0__bundle__00120,audit_accept,ACCEPT,L1,spec_v2_polar_bias_train,feasible_witness,sha256:2dad547dfabfcc5e11634a6a09373b90842572876908da24b7fde24745338803,,,
train,sgchem_v1.0__bundle__00120__audit_reject__03,sgchem_v1.0__bundle__00120,audit_reject,REJECT,L2,spec_v2_polar_bias_train,violation_certificate,sha256:8f4eae678d57c62a9a34d38a2780aef2856713788a2ec7321f0b589b11ff68f7,,,
train,sgchem_v1.0__bundle__00120__construct_feasible__01,sgchem_v1.0__bundle__00120,construct_feasible,ACCEPT,L3,spec_v2_polar_bias_train,feasible_witness,sha256:58c89b76202a54b2ae3eed5b619412b64a804e10c4ef53ac5ef6708444880ff9,,,
train,sgchem_v1.0__bundle__00120__tool_forced_l3__05,sgchem_v1.0__bundle__00120,tool_forced_l3,ACCEPT,L3,spec_v2_polar_bias_train,repair_witness,sha256:808ccfd26973bb1d2bf91d2ceb4435bbb42fdb4e199280b6e8f5f2bd6ad80658,,,
