task_id,split,family,protocol,spec_id,expected_action,input_smiles,has_witness,has_proof,num_hard_constraints,num_soft_preferences,budget,corpus_source,invariance_group_id,boundary_case_type
sgchem_v0.3__boundary_precision__spec_v1_basic__00001,train,boundary_precision,L3,spec_v1_basic,ACCEPT,NC(=O)c1cnc(Cl)cc1C(N)=O,True,False,3,2,max_steps=4;max_proposals=4;max_verify_calls=4;max_total_verifier_calls=8;max_edit_cost=None,corpus/corpus.parquet,,HBD:lower:distance=0.05
sgchem_v0.3__boundary_precision__spec_v2_alert_soft_train__00001,train,boundary_precision,L3,spec_v2_alert_soft_train,ACCEPT,NC(=O)c1cc(C(N)=O)cc(C(N)=O)c1,True,False,3,3,max_steps=4;max_proposals=4;max_verify_calls=4;max_total_verifier_calls=8;max_edit_cost=None,corpus/corpus.parquet,,HBD:lower:distance=0.0
sgchem_v0.3__boundary_precision__spec_v2_alert_soft_train__00002,train,boundary_precision,L2,spec_v2_alert_soft_train,ACCEPT,NC(=O)c1cccc(C(N)=O)c1C(N)=O,True,False,3,3,max_steps=3;max_proposals=3;max_verify_calls=0;max_total_verifier_calls=3;max_edit_cost=None,corpus/corpus.parquet,,HBD:lower:distance=0.02
sgchem_v0.3__boundary_precision__spec_v2_alert_soft_train__00003,train,boundary_precision,L3,spec_v2_alert_soft_train,ACCEPT,NC(=O)c1ccc(C(N)=O)c(C(N)=O)c1,True,False,3,3,max_steps=4;max_proposals=4;max_verify_calls=4;max_total_verifier_calls=8;max_edit_cost=None,corpus/corpus.parquet,,logP:lower:distance=0.02
sgchem_v0.3__boundary_precision__spec_v2_alert_soft_train__00004,train,boundary_precision,L2,spec_v2_alert_soft_train,ACCEPT,Fc1ccncc1,True,False,3,3,max_steps=3;max_proposals=3;max_verify_calls=0;max_total_verifier_calls=3;max_edit_cost=None,corpus/corpus.parquet,,HBD:lower:distance=0.02
sgchem_v0.3__boundary_precision__spec_v2_alert_strict_dev__00001,dev,boundary_precision,L3,spec_v2_alert_strict_dev,ACCEPT,CC(N)CCCl,True,False,6,1,max_steps=4;max_proposals=4;max_verify_calls=4;max_total_verifier_calls=8;max_edit_cost=None,corpus/corpus.parquet,,HBA:lower:distance=0.02
sgchem_v0.3__boundary_precision__spec_v2_alert_strict_dev__00002,dev,boundary_precision,L2,spec_v2_alert_strict_dev,ACCEPT,Nc1ccccc1F,True,False,6,1,max_steps=3;max_proposals=3;max_verify_calls=0;max_total_verifier_calls=3;max_edit_cost=None,corpus/corpus.parquet,,ROTB:lower:distance=0.05
sgchem_v0.3__boundary_precision__spec_v2_alert_strict_dev__00003,dev,boundary_precision,L3,spec_v2_alert_strict_dev,ACCEPT,NC(=O)c1cncc(C(N)=O)c1C(N)=O,True,False,6,1,max_steps=4;max_proposals=4;max_verify_calls=4;max_total_verifier_calls=8;max_edit_cost=None,corpus/corpus.parquet,,HBD:lower:distance=0.05
sgchem_v0.3__boundary_precision__spec_v2_alert_strict_dev__00004,dev,boundary_precision,L2,spec_v2_alert_strict_dev,ACCEPT,CCOc1cccc(F)c1N,True,False,6,1,max_steps=3;max_proposals=3;max_verify_calls=0;max_total_verifier_calls=3;max_edit_cost=None,corpus/corpus.parquet,,HBD:lower:distance=0.0
sgchem_v0.3__boundary_precision__spec_v2_amide_friendly_dev__00001,dev,boundary_precision,L3,spec_v2_amide_friendly_dev,ACCEPT,NC(=O)c1cccc(C(N)=O)c1C(N)=O,True,False,3,2,max_steps=4;max_proposals=4;max_verify_calls=4;max_total_verifier_calls=8;max_edit_cost=None,corpus/corpus.parquet,,HBA:lower:distance=0.0
sgchem_v0.3__boundary_precision__spec_v2_amide_friendly_dev__00002,dev,boundary_precision,L2,spec_v2_amide_friendly_dev,ACCEPT,NCCN(CCN)CCO,True,False,3,2,max_steps=3;max_proposals=3;max_verify_calls=0;max_total_verifier_calls=3;max_edit_cost=None,corpus/corpus.parquet,,logP:lower:distance=0.05
sgchem_v0.3__boundary_precision__spec_v2_aromatic_pref_test__00001,test,boundary_precision,L3,spec_v2_aromatic_pref_test,ACCEPT,Fc1ccncc1,True,False,3,1,max_steps=4;max_proposals=4;max_verify_calls=4;max_total_verifier_calls=8;max_edit_cost=None,corpus/corpus.parquet,,HBD:lower:distance=0.05
sgchem_v0.3__boundary_precision__spec_v2_aromatic_pref_test__00002,test,boundary_precision,L2,spec_v2_aromatic_pref_test,ACCEPT,Fc1ccncc1,True,False,3,1,max_steps=3;max_proposals=3;max_verify_calls=0;max_total_verifier_calls=3;max_edit_cost=None,corpus/corpus.parquet,,HBD:lower:distance=0.0
sgchem_v0.3__boundary_precision__spec_v2_aromatic_pref_test__00003,test,boundary_precision,L3,spec_v2_aromatic_pref_test,ACCEPT,CC(F)CCl,True,False,3,1,max_steps=4;max_proposals=4;max_verify_calls=4;max_total_verifier_calls=8;max_edit_cost=None,corpus/corpus.parquet,,HBD:lower:distance=0.02
sgchem_v0.3__boundary_precision__spec_v2_aromatic_pref_test__00004,test,boundary_precision,L2,spec_v2_aromatic_pref_test,ACCEPT,CC(CO)NCCN,True,False,3,1,max_steps=3;max_proposals=3;max_verify_calls=0;max_total_verifier_calls=3;max_edit_cost=None,corpus/corpus.parquet,,HBA:lower:distance=0.05
sgchem_v0.3__boundary_precision__spec_v2_aromatic_pref_test__00005,test,boundary_precision,L3,spec_v2_aromatic_pref_test,ACCEPT,CCCCCCCCCCCCCl,True,False,3,1,max_steps=4;max_proposals=4;max_verify_calls=4;max_total_verifier_calls=8;max_edit_cost=None,corpus/corpus.parquet,,HBA:lower:distance=0.02
sgchem_v0.3__boundary_precision__spec_v2_aromatic_pref_test__00006,test,boundary_precision,L2,spec_v2_aromatic_pref_test,ACCEPT,Fc1ccccn1,True,False,3,1,max_steps=3;max_proposals=3;max_verify_calls=0;max_total_verifier_calls=3;max_edit_cost=None,corpus/corpus.parquet,,HBD:lower:distance=0.0
sgchem_v0.3__boundary_precision__spec_v2_aromatic_pref_test__00007,test,boundary_precision,L3,spec_v2_aromatic_pref_test,ACCEPT,NC(=O)c1cc(C(N)=O)c(C(N)=O)cn1,True,False,3,1,max_steps=4;max_proposals=4;max_verify_calls=4;max_total_verifier_calls=8;max_edit_cost=None,corpus/corpus.parquet,,HBD:lower:distance=0.02
sgchem_v0.3__boundary_precision__spec_v2_aromatic_pref_test__00008,test,boundary_precision,L2,spec_v2_aromatic_pref_test,ACCEPT,NC(=O)c1cc(C(N)=O)cc(C(N)=O)c1,True,False,3,1,max_steps=3;max_proposals=3;max_verify_calls=0;max_total_verifier_calls=3;max_edit_cost=None,corpus/corpus.parquet,,HBA:lower:distance=0.0
sgchem_v0.3__boundary_precision__spec_v2_cns_like_test__00001,test,boundary_precision,L3,spec_v2_cns_like_test,ACCEPT,COc1nccc(C(N)=O)c1Cl,True,False,4,1,max_steps=4;max_proposals=4;max_verify_calls=4;max_total_verifier_calls=8;max_edit_cost=None,corpus/corpus.parquet,,HBD:lower:distance=0.0
sgchem_v0.3__boundary_precision__spec_v2_cns_like_test__00002,test,boundary_precision,L2,spec_v2_cns_like_test,ACCEPT,Nc1cc(N)cc(C=C2SC(=S)NC2=O)c1,True,False,4,1,max_steps=3;max_proposals=3;max_verify_calls=0;max_total_verifier_calls=3;max_edit_cost=None,corpus/corpus.parquet,,HBD:lower:distance=0.0
sgchem_v0.3__boundary_precision__spec_v2_fragment_tight_train__00001,train,boundary_precision,L3,spec_v2_fragment_tight_train,ACCEPT,CC(F)CN,True,False,3,1,max_steps=4;max_proposals=4;max_verify_calls=4;max_total_verifier_calls=8;max_edit_cost=None,corpus/corpus.parquet,,HBA:lower:distance=0.05
sgchem_v0.3__boundary_precision__spec_v2_fragment_tight_train__00002,train,boundary_precision,L2,spec_v2_fragment_tight_train,ACCEPT,CC(O)CNC(=O)CN,True,False,3,1,max_steps=3;max_proposals=3;max_verify_calls=0;max_total_verifier_calls=3;max_edit_cost=None,corpus/corpus.parquet,,HBD:lower:distance=0.02
sgchem_v0.3__boundary_precision__spec_v2_fragment_tight_train__00003,train,boundary_precision,L3,spec_v2_fragment_tight_train,ACCEPT,NC(=O)c1cccc(F)c1C=C1SC(=S)NC1=O,True,False,3,1,max_steps=4;max_proposals=4;max_verify_calls=4;max_total_verifier_calls=8;max_edit_cost=None,corpus/corpus.parquet,,HBD:lower:distance=0.0
sgchem_v0.3__boundary_precision__spec_v2_fragment_tight_train__00004,train,boundary_precision,L2,spec_v2_fragment_tight_train,ACCEPT,FCOc1cccc(F)c1,True,False,3,1,max_steps=3;max_proposals=3;max_verify_calls=0;max_total_verifier_calls=3;max_edit_cost=None,corpus/corpus.parquet,,HBA:lower:distance=0.0
sgchem_v0.3__boundary_precision__spec_v2_fragment_tight_train__00005,train,boundary_precision,L3,spec_v2_fragment_tight_train,ACCEPT,CC(=O)Oc1cc(C(N)=O)cc(C(N)=O)c1,True,False,3,1,max_steps=4;max_proposals=4;max_verify_calls=4;max_total_verifier_calls=8;max_edit_cost=None,corpus/corpus.parquet,,HBD:lower:distance=0.02
sgchem_v0.3__boundary_precision__spec_v2_fragment_ultra_dev__00001,dev,boundary_precision,L3,spec_v2_fragment_ultra_dev,ACCEPT,NC(=O)c1cccc(C(N)=O)c1O,True,False,3,1,max_steps=4;max_proposals=4;max_verify_calls=4;max_total_verifier_calls=8;max_edit_cost=None,corpus/corpus.parquet,,HBD:lower:distance=0.0
sgchem_v0.3__boundary_precision__spec_v2_fragment_ultra_dev__00002,dev,boundary_precision,L2,spec_v2_fragment_ultra_dev,ACCEPT,FCOc1ccccc1Cl,True,False,3,1,max_steps=3;max_proposals=3;max_verify_calls=0;max_total_verifier_calls=3;max_edit_cost=None,corpus/corpus.parquet,,HBD:lower:distance=0.02
sgchem_v0.3__boundary_precision__spec_v2_fragment_ultra_dev__00003,dev,boundary_precision,L3,spec_v2_fragment_ultra_dev,ACCEPT,NC(=O)c1cccc(C(N)=O)c1O,True,False,3,1,max_steps=4;max_proposals=4;max_verify_calls=4;max_total_verifier_calls=8;max_edit_cost=None,corpus/corpus.parquet,,HBD:lower:distance=0.05
sgchem_v0.3__boundary_precision__spec_v2_fragment_ultra_dev__00004,dev,boundary_precision,L2,spec_v2_fragment_ultra_dev,ACCEPT,CCC(O)CN,True,False,3,1,max_steps=3;max_proposals=3;max_verify_calls=0;max_total_verifier_calls=3;max_edit_cost=None,corpus/corpus.parquet,,HBA:lower:distance=0.05
sgchem_v0.3__boundary_precision__spec_v2_low_rotor_train__00001,train,boundary_precision,L3,spec_v2_low_rotor_train,ACCEPT,NC(=O)c1ccc(C(N)=O)c(C(N)=O)c1,True,False,3,1,max_steps=4;max_proposals=4;max_verify_calls=4;max_total_verifier_calls=8;max_edit_cost=None,corpus/corpus.parquet,,HBD:lower:distance=0.05
sgchem_v0.3__boundary_precision__spec_v2_low_rotor_train__00002,train,boundary_precision,L2,spec_v2_low_rotor_train,ACCEPT,NC(=O)c1cccc(C(N)=O)c1C(N)=O,True,False,3,1,max_steps=3;max_proposals=3;max_verify_calls=0;max_total_verifier_calls=3;max_edit_cost=None,corpus/corpus.parquet,,HBD:lower:distance=0.05
sgchem_v0.3__boundary_precision__spec_v2_low_rotor_train__00003,train,boundary_precision,L3,spec_v2_low_rotor_train,ACCEPT,CCOC(=O)NCN,True,False,3,1,max_steps=4;max_proposals=4;max_verify_calls=4;max_total_verifier_calls=8;max_edit_cost=None,corpus/corpus.parquet,,ROTB:lower:distance=0.02
sgchem_v0.3__boundary_precision__spec_v2_low_rotor_train__00004,train,boundary_precision,L2,spec_v2_low_rotor_train,ACCEPT,NC(=O)c1cccc(C(N)=O)c1C(N)=O,True,False,3,1,max_steps=3;max_proposals=3;max_verify_calls=0;max_total_verifier_calls=3;max_edit_cost=None,corpus/corpus.parquet,,ROTB:lower:distance=0.0
sgchem_v0.3__boundary_precision__spec_v2_polar_bias_train__00001,train,boundary_precision,L3,spec_v2_polar_bias_train,ACCEPT,CCOC(=O)C(C)N,True,False,3,1,max_steps=4;max_proposals=4;max_verify_calls=4;max_total_verifier_calls=8;max_edit_cost=None,corpus/corpus.parquet,,HBD:lower:distance=0.0
sgchem_v0.3__boundary_precision__spec_v2_polar_bias_train__00002,train,boundary_precision,L2,spec_v2_polar_bias_train,ACCEPT,NC(=O)c1ccc(C(N)=O)c(C(N)=O)c1,True,False,3,1,max_steps=3;max_proposals=3;max_verify_calls=0;max_total_verifier_calls=3;max_edit_cost=None,corpus/corpus.parquet,,HBA:lower:distance=0.0
sgchem_v0.3__boundary_precision__spec_v2_polar_bias_train__00003,train,boundary_precision,L3,spec_v2_polar_bias_train,ACCEPT,NC(=O)c1ccnc(C(N)=O)c1C(N)=O,True,False,3,1,max_steps=4;max_proposals=4;max_verify_calls=4;max_total_verifier_calls=8;max_edit_cost=None,corpus/corpus.parquet,,HBD:lower:distance=0.0
sgchem_v0.3__boundary_precision__spec_v2_polar_bias_train__00004,train,boundary_precision,L2,spec_v2_polar_bias_train,ACCEPT,Nc1ccccc1OCCCl,True,False,3,1,max_steps=3;max_proposals=3;max_verify_calls=0;max_total_verifier_calls=3;max_edit_cost=None,corpus/corpus.parquet,,HBD:lower:distance=0.05
sgchem_v0.3__boundary_precision__spec_v2_ro5_balanced_test__00001,test,boundary_precision,L3,spec_v2_ro5_balanced_test,ACCEPT,NCOc1ncccc1C(N)=O,True,False,4,1,max_steps=4;max_proposals=4;max_verify_calls=4;max_total_verifier_calls=8;max_edit_cost=None,corpus/corpus.parquet,,HBD:lower:distance=0.02
sgchem_v0.3__boundary_precision__spec_v2_sa_relaxed_dev__00001,dev,boundary_precision,L3,spec_v2_sa_relaxed_dev,ACCEPT,Fc1ccccc1,True,False,4,1,max_steps=4;max_proposals=4;max_verify_calls=4;max_total_verifier_calls=8;max_edit_cost=None,corpus/corpus.parquet,,ROTB:lower:distance=0.0
sgchem_v0.3__boundary_precision__spec_v2_sa_relaxed_dev__00002,dev,boundary_precision,L2,spec_v2_sa_relaxed_dev,ACCEPT,CC(Cl)CF,True,False,4,1,max_steps=3;max_proposals=3;max_verify_calls=0;max_total_verifier_calls=3;max_edit_cost=None,corpus/corpus.parquet,,HBD:lower:distance=0.05
sgchem_v0.3__boundary_precision__spec_v2_sa_relaxed_dev__00003,dev,boundary_precision,L3,spec_v2_sa_relaxed_dev,ACCEPT,CC(CN)NCCN,True,False,4,1,max_steps=4;max_proposals=4;max_verify_calls=4;max_total_verifier_calls=8;max_edit_cost=None,corpus/corpus.parquet,,logP:lower:distance=0.02
sgchem_v0.3__boundary_precision__spec_v2_sa_relaxed_dev__00004,dev,boundary_precision,L2,spec_v2_sa_relaxed_dev,ACCEPT,NCCOC(=O)NCCO,True,False,4,1,max_steps=3;max_proposals=3;max_verify_calls=0;max_total_verifier_calls=3;max_edit_cost=None,corpus/corpus.parquet,,logP:lower:distance=0.0
sgchem_v0.3__boundary_precision__spec_v2_sa_relaxed_dev__00005,dev,boundary_precision,L3,spec_v2_sa_relaxed_dev,ACCEPT,NCCOC(=O)CN,True,False,4,1,max_steps=4;max_proposals=4;max_verify_calls=4;max_total_verifier_calls=8;max_edit_cost=None,corpus/corpus.parquet,,logP:lower:distance=0.05
sgchem_v0.3__boundary_precision__spec_v2_sa_strict_test__00001,test,boundary_precision,L3,spec_v2_sa_strict_test,ACCEPT,NC(=O)c1ccnc(C(N)=O)c1C(N)=O,True,False,4,1,max_steps=4;max_proposals=4;max_verify_calls=4;max_total_verifier_calls=8;max_edit_cost=None,corpus/corpus.parquet,,HBD:lower:distance=0.02
sgchem_v0.3__boundary_precision__spec_v2_sa_strict_test__00002,test,boundary_precision,L2,spec_v2_sa_strict_test,ACCEPT,NC(=O)c1cccc(C(N)=O)c1C(N)=O,True,False,4,1,max_steps=3;max_proposals=3;max_verify_calls=0;max_total_verifier_calls=3;max_edit_cost=None,corpus/corpus.parquet,,HBA:lower:distance=0.05
sgchem_v0.3__boundary_precision__spec_v2_sa_strict_test__00003,test,boundary_precision,L3,spec_v2_sa_strict_test,ACCEPT,CC(CF)N(C)C,True,False,4,1,max_steps=4;max_proposals=4;max_verify_calls=4;max_total_verifier_calls=8;max_edit_cost=None,corpus/corpus.parquet,,HBD:lower:distance=0.02
sgchem_v0.3__boundary_precision__spec_v2_sa_strict_test__00004,test,boundary_precision,L2,spec_v2_sa_strict_test,ACCEPT,CC(=O)OCCF,True,False,4,1,max_steps=3;max_proposals=3;max_verify_calls=0;max_total_verifier_calls=3;max_edit_cost=None,corpus/corpus.parquet,,HBD:lower:distance=0.02
sgchem_v0.3__boundary_precision__spec_v2_sa_strict_test__00005,test,boundary_precision,L3,spec_v2_sa_strict_test,ACCEPT,Nc1cccc(N)n1,True,False,4,1,max_steps=4;max_proposals=4;max_verify_calls=4;max_total_verifier_calls=8;max_edit_cost=None,corpus/corpus.parquet,,HBD:lower:distance=0.02
sgchem_v0.3__boundary_precision__spec_v2_sa_strict_test__00006,test,boundary_precision,L2,spec_v2_sa_strict_test,ACCEPT,NC(=O)c1ccc(C(N)=O)c(C(N)=O)c1,True,False,4,1,max_steps=3;max_proposals=3;max_verify_calls=0;max_total_verifier_calls=3;max_edit_cost=None,corpus/corpus.parquet,,logP:lower:distance=0.05
sgchem_v0.3__contradiction_abstain__spec_v1_basic__00001,train,contradiction_abstain,L1,spec_v1_basic,ABSTAIN,,False,True,1,2,max_steps=1;max_proposals=1;max_verify_calls=0;max_total_verifier_calls=1;max_edit_cost=None,spec_only/no_molecule,,
sgchem_v0.3__contradiction_abstain__spec_v1_basic__00002,train,contradiction_abstain,L1,spec_v1_basic,ABSTAIN,,False,True,1,2,max_steps=1;max_proposals=1;max_verify_calls=0;max_total_verifier_calls=1;max_edit_cost=None,spec_only/no_molecule,,
sgchem_v0.3__contradiction_abstain__spec_v1_basic__00003,train,contradiction_abstain,L1,spec_v1_basic,ABSTAIN,,False,True,1,2,max_steps=1;max_proposals=1;max_verify_calls=0;max_total_verifier_calls=1;max_edit_cost=None,spec_only/no_molecule,,
sgchem_v0.3__contradiction_abstain__spec_v1_basic__00004,train,contradiction_abstain,L1,spec_v1_basic,ABSTAIN,,False,True,1,2,max_steps=1;max_proposals=1;max_verify_calls=0;max_total_verifier_calls=1;max_edit_cost=None,spec_only/no_molecule,,
sgchem_v0.3__contradiction_abstain__spec_v1_basic__00005,train,contradiction_abstain,L1,spec_v1_basic,ABSTAIN,,False,True,1,2,max_steps=1;max_proposals=1;max_verify_calls=0;max_total_verifier_calls=1;max_edit_cost=None,spec_only/no_molecule,,
sgchem_v0.3__contradiction_abstain__spec_v1_basic__00006,train,contradiction_abstain,L1,spec_v1_basic,ABSTAIN,,False,True,1,2,max_steps=1;max_proposals=1;max_verify_calls=0;max_total_verifier_calls=1;max_edit_cost=None,spec_only/no_molecule,,
sgchem_v0.3__contradiction_abstain__spec_v1_basic__00007,train,contradiction_abstain,L1,spec_v1_basic,ABSTAIN,,False,True,1,2,max_steps=1;max_proposals=1;max_verify_calls=0;max_total_verifier_calls=1;max_edit_cost=None,spec_only/no_molecule,,
sgchem_v0.3__contradiction_abstain__spec_v1_basic__00008,train,contradiction_abstain,L1,spec_v1_basic,ABSTAIN,,False,True,1,2,max_steps=1;max_proposals=1;max_verify_calls=0;max_total_verifier_calls=1;max_edit_cost=None,spec_only/no_molecule,,
sgchem_v0.3__contradiction_abstain__spec_v2_alert_soft_train__00001,train,contradiction_abstain,L1,spec_v2_alert_soft_train,ABSTAIN,,False,True,1,3,max_steps=1;max_proposals=1;max_verify_calls=0;max_total_verifier_calls=1;max_edit_cost=None,spec_only/no_molecule,,
sgchem_v0.3__contradiction_abstain__spec_v2_alert_soft_train__00002,train,contradiction_abstain,L1,spec_v2_alert_soft_train,ABSTAIN,,False,True,1,3,max_steps=1;max_proposals=1;max_verify_calls=0;max_total_verifier_calls=1;max_edit_cost=None,spec_only/no_molecule,,
sgchem_v0.3__contradiction_abstain__spec_v2_alert_soft_train__00003,train,contradiction_abstain,L1,spec_v2_alert_soft_train,ABSTAIN,,False,True,1,3,max_steps=1;max_proposals=1;max_verify_calls=0;max_total_verifier_calls=1;max_edit_cost=None,spec_only/no_molecule,,
sgchem_v0.3__contradiction_abstain__spec_v2_alert_soft_train__00004,train,contradiction_abstain,L1,spec_v2_alert_soft_train,ABSTAIN,,False,True,1,3,max_steps=1;max_proposals=1;max_verify_calls=0;max_total_verifier_calls=1;max_edit_cost=None,spec_only/no_molecule,,
sgchem_v0.3__contradiction_abstain__spec_v2_alert_soft_train__00005,train,contradiction_abstain,L1,spec_v2_alert_soft_train,ABSTAIN,,False,True,1,3,max_steps=1;max_proposals=1;max_verify_calls=0;max_total_verifier_calls=1;max_edit_cost=None,spec_only/no_molecule,,
sgchem_v0.3__contradiction_abstain__spec_v2_alert_soft_train__00006,train,contradiction_abstain,L1,spec_v2_alert_soft_train,ABSTAIN,,False,True,1,3,max_steps=1;max_proposals=1;max_verify_calls=0;max_total_verifier_calls=1;max_edit_cost=None,spec_only/no_molecule,,
sgchem_v0.3__contradiction_abstain__spec_v2_alert_soft_train__00007,train,contradiction_abstain,L1,spec_v2_alert_soft_train,ABSTAIN,,False,True,1,3,max_steps=1;max_proposals=1;max_verify_calls=0;max_total_verifier_calls=1;max_edit_cost=None,spec_only/no_molecule,,
sgchem_v0.3__contradiction_abstain__spec_v2_alert_soft_train__00008,train,contradiction_abstain,L1,spec_v2_alert_soft_train,ABSTAIN,,False,True,1,3,max_steps=1;max_proposals=1;max_verify_calls=0;max_total_verifier_calls=1;max_edit_cost=None,spec_only/no_molecule,,
sgchem_v0.3__contradiction_abstain__spec_v2_alert_strict_dev__00001,dev,contradiction_abstain,L1,spec_v2_alert_strict_dev,ABSTAIN,,False,True,4,1,max_steps=1;max_proposals=1;max_verify_calls=0;max_total_verifier_calls=1;max_edit_cost=None,spec_only/no_molecule,,
sgchem_v0.3__contradiction_abstain__spec_v2_alert_strict_dev__00002,dev,contradiction_abstain,L1,spec_v2_alert_strict_dev,ABSTAIN,,False,True,4,1,max_steps=1;max_proposals=1;max_verify_calls=0;max_total_verifier_calls=1;max_edit_cost=None,spec_only/no_molecule,,
sgchem_v0.3__contradiction_abstain__spec_v2_alert_strict_dev__00003,dev,contradiction_abstain,L1,spec_v2_alert_strict_dev,ABSTAIN,,False,True,4,1,max_steps=1;max_proposals=1;max_verify_calls=0;max_total_verifier_calls=1;max_edit_cost=None,spec_only/no_molecule,,
sgchem_v0.3__contradiction_abstain__spec_v2_alert_strict_dev__00004,dev,contradiction_abstain,L1,spec_v2_alert_strict_dev,ABSTAIN,,False,True,4,1,max_steps=1;max_proposals=1;max_verify_calls=0;max_total_verifier_calls=1;max_edit_cost=None,spec_only/no_molecule,,
sgchem_v0.3__contradiction_abstain__spec_v2_alert_strict_dev__00005,dev,contradiction_abstain,L1,spec_v2_alert_strict_dev,ABSTAIN,,False,True,4,1,max_steps=1;max_proposals=1;max_verify_calls=0;max_total_verifier_calls=1;max_edit_cost=None,spec_only/no_molecule,,
sgchem_v0.3__contradiction_abstain__spec_v2_alert_strict_dev__00006,dev,contradiction_abstain,L1,spec_v2_alert_strict_dev,ABSTAIN,,False,True,4,1,max_steps=1;max_proposals=1;max_verify_calls=0;max_total_verifier_calls=1;max_edit_cost=None,spec_only/no_molecule,,
sgchem_v0.3__contradiction_abstain__spec_v2_alert_strict_dev__00007,dev,contradiction_abstain,L1,spec_v2_alert_strict_dev,ABSTAIN,,False,True,4,1,max_steps=1;max_proposals=1;max_verify_calls=0;max_total_verifier_calls=1;max_edit_cost=None,spec_only/no_molecule,,
sgchem_v0.3__contradiction_abstain__spec_v2_alert_strict_dev__00008,dev,contradiction_abstain,L1,spec_v2_alert_strict_dev,ABSTAIN,,False,True,4,1,max_steps=1;max_proposals=1;max_verify_calls=0;max_total_verifier_calls=1;max_edit_cost=None,spec_only/no_molecule,,
sgchem_v0.3__contradiction_abstain__spec_v2_amide_friendly_dev__00001,dev,contradiction_abstain,L1,spec_v2_amide_friendly_dev,ABSTAIN,,False,True,1,2,max_steps=1;max_proposals=1;max_verify_calls=0;max_total_verifier_calls=1;max_edit_cost=None,spec_only/no_molecule,,
sgchem_v0.3__contradiction_abstain__spec_v2_amide_friendly_dev__00002,dev,contradiction_abstain,L1,spec_v2_amide_friendly_dev,ABSTAIN,,False,True,1,2,max_steps=1;max_proposals=1;max_verify_calls=0;max_total_verifier_calls=1;max_edit_cost=None,spec_only/no_molecule,,
sgchem_v0.3__contradiction_abstain__spec_v2_amide_friendly_dev__00003,dev,contradiction_abstain,L1,spec_v2_amide_friendly_dev,ABSTAIN,,False,True,1,2,max_steps=1;max_proposals=1;max_verify_calls=0;max_total_verifier_calls=1;max_edit_cost=None,spec_only/no_molecule,,
sgchem_v0.3__contradiction_abstain__spec_v2_amide_friendly_dev__00004,dev,contradiction_abstain,L1,spec_v2_amide_friendly_dev,ABSTAIN,,False,True,1,2,max_steps=1;max_proposals=1;max_verify_calls=0;max_total_verifier_calls=1;max_edit_cost=None,spec_only/no_molecule,,
sgchem_v0.3__contradiction_abstain__spec_v2_amide_friendly_dev__00005,dev,contradiction_abstain,L1,spec_v2_amide_friendly_dev,ABSTAIN,,False,True,1,2,max_steps=1;max_proposals=1;max_verify_calls=0;max_total_verifier_calls=1;max_edit_cost=None,spec_only/no_molecule,,
sgchem_v0.3__contradiction_abstain__spec_v2_amide_friendly_dev__00006,dev,contradiction_abstain,L1,spec_v2_amide_friendly_dev,ABSTAIN,,False,True,1,2,max_steps=1;max_proposals=1;max_verify_calls=0;max_total_verifier_calls=1;max_edit_cost=None,spec_only/no_molecule,,
sgchem_v0.3__contradiction_abstain__spec_v2_amide_friendly_dev__00007,dev,contradiction_abstain,L1,spec_v2_amide_friendly_dev,ABSTAIN,,False,True,1,2,max_steps=1;max_proposals=1;max_verify_calls=0;max_total_verifier_calls=1;max_edit_cost=None,spec_only/no_molecule,,
sgchem_v0.3__contradiction_abstain__spec_v2_amide_friendly_dev__00008,dev,contradiction_abstain,L1,spec_v2_amide_friendly_dev,ABSTAIN,,False,True,1,2,max_steps=1;max_proposals=1;max_verify_calls=0;max_total_verifier_calls=1;max_edit_cost=None,spec_only/no_molecule,,
sgchem_v0.3__contradiction_abstain__spec_v2_aromatic_pref_test__00001,test,contradiction_abstain,L1,spec_v2_aromatic_pref_test,ABSTAIN,,False,True,1,1,max_steps=1;max_proposals=1;max_verify_calls=0;max_total_verifier_calls=1;max_edit_cost=None,spec_only/no_molecule,,
sgchem_v0.3__contradiction_abstain__spec_v2_aromatic_pref_test__00002,test,contradiction_abstain,L1,spec_v2_aromatic_pref_test,ABSTAIN,,False,True,1,1,max_steps=1;max_proposals=1;max_verify_calls=0;max_total_verifier_calls=1;max_edit_cost=None,spec_only/no_molecule,,
sgchem_v0.3__contradiction_abstain__spec_v2_aromatic_pref_test__00003,test,contradiction_abstain,L1,spec_v2_aromatic_pref_test,ABSTAIN,,False,True,1,1,max_steps=1;max_proposals=1;max_verify_calls=0;max_total_verifier_calls=1;max_edit_cost=None,spec_only/no_molecule,,
sgchem_v0.3__contradiction_abstain__spec_v2_aromatic_pref_test__00004,test,contradiction_abstain,L1,spec_v2_aromatic_pref_test,ABSTAIN,,False,True,1,1,max_steps=1;max_proposals=1;max_verify_calls=0;max_total_verifier_calls=1;max_edit_cost=None,spec_only/no_molecule,,
sgchem_v0.3__contradiction_abstain__spec_v2_aromatic_pref_test__00005,test,contradiction_abstain,L1,spec_v2_aromatic_pref_test,ABSTAIN,,False,True,1,1,max_steps=1;max_proposals=1;max_verify_calls=0;max_total_verifier_calls=1;max_edit_cost=None,spec_only/no_molecule,,
sgchem_v0.3__contradiction_abstain__spec_v2_aromatic_pref_test__00006,test,contradiction_abstain,L1,spec_v2_aromatic_pref_test,ABSTAIN,,False,True,1,1,max_steps=1;max_proposals=1;max_verify_calls=0;max_total_verifier_calls=1;max_edit_cost=None,spec_only/no_molecule,,
sgchem_v0.3__contradiction_abstain__spec_v2_aromatic_pref_test__00007,test,contradiction_abstain,L1,spec_v2_aromatic_pref_test,ABSTAIN,,False,True,1,1,max_steps=1;max_proposals=1;max_verify_calls=0;max_total_verifier_calls=1;max_edit_cost=None,spec_only/no_molecule,,
sgchem_v0.3__contradiction_abstain__spec_v2_aromatic_pref_test__00008,test,contradiction_abstain,L1,spec_v2_aromatic_pref_test,ABSTAIN,,False,True,1,1,max_steps=1;max_proposals=1;max_verify_calls=0;max_total_verifier_calls=1;max_edit_cost=None,spec_only/no_molecule,,
sgchem_v0.3__contradiction_abstain__spec_v2_cns_like_test__00001,test,contradiction_abstain,L1,spec_v2_cns_like_test,ABSTAIN,,False,True,2,1,max_steps=1;max_proposals=1;max_verify_calls=0;max_total_verifier_calls=1;max_edit_cost=None,spec_only/no_molecule,,
sgchem_v0.3__contradiction_abstain__spec_v2_cns_like_test__00002,test,contradiction_abstain,L1,spec_v2_cns_like_test,ABSTAIN,,False,True,2,1,max_steps=1;max_proposals=1;max_verify_calls=0;max_total_verifier_calls=1;max_edit_cost=None,spec_only/no_molecule,,
sgchem_v0.3__contradiction_abstain__spec_v2_cns_like_test__00003,test,contradiction_abstain,L1,spec_v2_cns_like_test,ABSTAIN,,False,True,2,1,max_steps=1;max_proposals=1;max_verify_calls=0;max_total_verifier_calls=1;max_edit_cost=None,spec_only/no_molecule,,
sgchem_v0.3__contradiction_abstain__spec_v2_cns_like_test__00004,test,contradiction_abstain,L1,spec_v2_cns_like_test,ABSTAIN,,False,True,2,1,max_steps=1;max_proposals=1;max_verify_calls=0;max_total_verifier_calls=1;max_edit_cost=None,spec_only/no_molecule,,
sgchem_v0.3__contradiction_abstain__spec_v2_cns_like_test__00005,test,contradiction_abstain,L1,spec_v2_cns_like_test,ABSTAIN,,False,True,2,1,max_steps=1;max_proposals=1;max_verify_calls=0;max_total_verifier_calls=1;max_edit_cost=None,spec_only/no_molecule,,
sgchem_v0.3__contradiction_abstain__spec_v2_cns_like_test__00006,test,contradiction_abstain,L1,spec_v2_cns_like_test,ABSTAIN,,False,True,2,1,max_steps=1;max_proposals=1;max_verify_calls=0;max_total_verifier_calls=1;max_edit_cost=None,spec_only/no_molecule,,
sgchem_v0.3__contradiction_abstain__spec_v2_cns_like_test__00007,test,contradiction_abstain,L1,spec_v2_cns_like_test,ABSTAIN,,False,True,2,1,max_steps=1;max_proposals=1;max_verify_calls=0;max_total_verifier_calls=1;max_edit_cost=None,spec_only/no_molecule,,
sgchem_v0.3__contradiction_abstain__spec_v2_cns_like_test__00008,test,contradiction_abstain,L1,spec_v2_cns_like_test,ABSTAIN,,False,True,2,1,max_steps=1;max_proposals=1;max_verify_calls=0;max_total_verifier_calls=1;max_edit_cost=None,spec_only/no_molecule,,
sgchem_v0.3__contradiction_abstain__spec_v2_fragment_tight_train__00001,train,contradiction_abstain,L1,spec_v2_fragment_tight_train,ABSTAIN,,False,True,1,1,max_steps=1;max_proposals=1;max_verify_calls=0;max_total_verifier_calls=1;max_edit_cost=None,spec_only/no_molecule,,
sgchem_v0.3__contradiction_abstain__spec_v2_fragment_tight_train__00002,train,contradiction_abstain,L1,spec_v2_fragment_tight_train,ABSTAIN,,False,True,1,1,max_steps=1;max_proposals=1;max_verify_calls=0;max_total_verifier_calls=1;max_edit_cost=None,spec_only/no_molecule,,
sgchem_v0.3__contradiction_abstain__spec_v2_fragment_tight_train__00003,train,contradiction_abstain,L1,spec_v2_fragment_tight_train,ABSTAIN,,False,True,1,1,max_steps=1;max_proposals=1;max_verify_calls=0;max_total_verifier_calls=1;max_edit_cost=None,spec_only/no_molecule,,
sgchem_v0.3__contradiction_abstain__spec_v2_fragment_tight_train__00004,train,contradiction_abstain,L1,spec_v2_fragment_tight_train,ABSTAIN,,False,True,1,1,max_steps=1;max_proposals=1;max_verify_calls=0;max_total_verifier_calls=1;max_edit_cost=None,spec_only/no_molecule,,
sgchem_v0.3__contradiction_abstain__spec_v2_fragment_tight_train__00005,train,contradiction_abstain,L1,spec_v2_fragment_tight_train,ABSTAIN,,False,True,1,1,max_steps=1;max_proposals=1;max_verify_calls=0;max_total_verifier_calls=1;max_edit_cost=None,spec_only/no_molecule,,
sgchem_v0.3__contradiction_abstain__spec_v2_fragment_tight_train__00006,train,contradiction_abstain,L1,spec_v2_fragment_tight_train,ABSTAIN,,False,True,1,1,max_steps=1;max_proposals=1;max_verify_calls=0;max_total_verifier_calls=1;max_edit_cost=None,spec_only/no_molecule,,
sgchem_v0.3__contradiction_abstain__spec_v2_fragment_tight_train__00007,train,contradiction_abstain,L1,spec_v2_fragment_tight_train,ABSTAIN,,False,True,1,1,max_steps=1;max_proposals=1;max_verify_calls=0;max_total_verifier_calls=1;max_edit_cost=None,spec_only/no_molecule,,
sgchem_v0.3__contradiction_abstain__spec_v2_fragment_tight_train__00008,train,contradiction_abstain,L1,spec_v2_fragment_tight_train,ABSTAIN,,False,True,1,1,max_steps=1;max_proposals=1;max_verify_calls=0;max_total_verifier_calls=1;max_edit_cost=None,spec_only/no_molecule,,
sgchem_v0.3__contradiction_abstain__spec_v2_fragment_ultra_dev__00001,dev,contradiction_abstain,L1,spec_v2_fragment_ultra_dev,ABSTAIN,,False,True,1,1,max_steps=1;max_proposals=1;max_verify_calls=0;max_total_verifier_calls=1;max_edit_cost=None,spec_only/no_molecule,,
sgchem_v0.3__contradiction_abstain__spec_v2_fragment_ultra_dev__00002,dev,contradiction_abstain,L1,spec_v2_fragment_ultra_dev,ABSTAIN,,False,True,1,1,max_steps=1;max_proposals=1;max_verify_calls=0;max_total_verifier_calls=1;max_edit_cost=None,spec_only/no_molecule,,
sgchem_v0.3__contradiction_abstain__spec_v2_fragment_ultra_dev__00003,dev,contradiction_abstain,L1,spec_v2_fragment_ultra_dev,ABSTAIN,,False,True,1,1,max_steps=1;max_proposals=1;max_verify_calls=0;max_total_verifier_calls=1;max_edit_cost=None,spec_only/no_molecule,,
sgchem_v0.3__contradiction_abstain__spec_v2_fragment_ultra_dev__00004,dev,contradiction_abstain,L1,spec_v2_fragment_ultra_dev,ABSTAIN,,False,True,1,1,max_steps=1;max_proposals=1;max_verify_calls=0;max_total_verifier_calls=1;max_edit_cost=None,spec_only/no_molecule,,
sgchem_v0.3__contradiction_abstain__spec_v2_fragment_ultra_dev__00005,dev,contradiction_abstain,L1,spec_v2_fragment_ultra_dev,ABSTAIN,,False,True,1,1,max_steps=1;max_proposals=1;max_verify_calls=0;max_total_verifier_calls=1;max_edit_cost=None,spec_only/no_molecule,,
sgchem_v0.3__contradiction_abstain__spec_v2_fragment_ultra_dev__00006,dev,contradiction_abstain,L1,spec_v2_fragment_ultra_dev,ABSTAIN,,False,True,1,1,max_steps=1;max_proposals=1;max_verify_calls=0;max_total_verifier_calls=1;max_edit_cost=None,spec_only/no_molecule,,
sgchem_v0.3__contradiction_abstain__spec_v2_fragment_ultra_dev__00007,dev,contradiction_abstain,L1,spec_v2_fragment_ultra_dev,ABSTAIN,,False,True,1,1,max_steps=1;max_proposals=1;max_verify_calls=0;max_total_verifier_calls=1;max_edit_cost=None,spec_only/no_molecule,,
sgchem_v0.3__contradiction_abstain__spec_v2_fragment_ultra_dev__00008,dev,contradiction_abstain,L1,spec_v2_fragment_ultra_dev,ABSTAIN,,False,True,1,1,max_steps=1;max_proposals=1;max_verify_calls=0;max_total_verifier_calls=1;max_edit_cost=None,spec_only/no_molecule,,
sgchem_v0.3__contradiction_abstain__spec_v2_low_rotor_train__00001,train,contradiction_abstain,L1,spec_v2_low_rotor_train,ABSTAIN,,False,True,1,1,max_steps=1;max_proposals=1;max_verify_calls=0;max_total_verifier_calls=1;max_edit_cost=None,spec_only/no_molecule,,
sgchem_v0.3__contradiction_abstain__spec_v2_low_rotor_train__00002,train,contradiction_abstain,L1,spec_v2_low_rotor_train,ABSTAIN,,False,True,1,1,max_steps=1;max_proposals=1;max_verify_calls=0;max_total_verifier_calls=1;max_edit_cost=None,spec_only/no_molecule,,
sgchem_v0.3__contradiction_abstain__spec_v2_low_rotor_train__00003,train,contradiction_abstain,L1,spec_v2_low_rotor_train,ABSTAIN,,False,True,1,1,max_steps=1;max_proposals=1;max_verify_calls=0;max_total_verifier_calls=1;max_edit_cost=None,spec_only/no_molecule,,
sgchem_v0.3__contradiction_abstain__spec_v2_low_rotor_train__00004,train,contradiction_abstain,L1,spec_v2_low_rotor_train,ABSTAIN,,False,True,1,1,max_steps=1;max_proposals=1;max_verify_calls=0;max_total_verifier_calls=1;max_edit_cost=None,spec_only/no_molecule,,
sgchem_v0.3__contradiction_abstain__spec_v2_low_rotor_train__00005,train,contradiction_abstain,L1,spec_v2_low_rotor_train,ABSTAIN,,False,True,1,1,max_steps=1;max_proposals=1;max_verify_calls=0;max_total_verifier_calls=1;max_edit_cost=None,spec_only/no_molecule,,
sgchem_v0.3__contradiction_abstain__spec_v2_low_rotor_train__00006,train,contradiction_abstain,L1,spec_v2_low_rotor_train,ABSTAIN,,False,True,1,1,max_steps=1;max_proposals=1;max_verify_calls=0;max_total_verifier_calls=1;max_edit_cost=None,spec_only/no_molecule,,
sgchem_v0.3__contradiction_abstain__spec_v2_low_rotor_train__00007,train,contradiction_abstain,L1,spec_v2_low_rotor_train,ABSTAIN,,False,True,1,1,max_steps=1;max_proposals=1;max_verify_calls=0;max_total_verifier_calls=1;max_edit_cost=None,spec_only/no_molecule,,
sgchem_v0.3__contradiction_abstain__spec_v2_low_rotor_train__00008,train,contradiction_abstain,L1,spec_v2_low_rotor_train,ABSTAIN,,False,True,1,1,max_steps=1;max_proposals=1;max_verify_calls=0;max_total_verifier_calls=1;max_edit_cost=None,spec_only/no_molecule,,
sgchem_v0.3__contradiction_abstain__spec_v2_polar_bias_train__00001,train,contradiction_abstain,L1,spec_v2_polar_bias_train,ABSTAIN,,False,True,1,1,max_steps=1;max_proposals=1;max_verify_calls=0;max_total_verifier_calls=1;max_edit_cost=None,spec_only/no_molecule,,
sgchem_v0.3__contradiction_abstain__spec_v2_polar_bias_train__00002,train,contradiction_abstain,L1,spec_v2_polar_bias_train,ABSTAIN,,False,True,1,1,max_steps=1;max_proposals=1;max_verify_calls=0;max_total_verifier_calls=1;max_edit_cost=None,spec_only/no_molecule,,
sgchem_v0.3__contradiction_abstain__spec_v2_polar_bias_train__00003,train,contradiction_abstain,L1,spec_v2_polar_bias_train,ABSTAIN,,False,True,1,1,max_steps=1;max_proposals=1;max_verify_calls=0;max_total_verifier_calls=1;max_edit_cost=None,spec_only/no_molecule,,
sgchem_v0.3__contradiction_abstain__spec_v2_polar_bias_train__00004,train,contradiction_abstain,L1,spec_v2_polar_bias_train,ABSTAIN,,False,True,1,1,max_steps=1;max_proposals=1;max_verify_calls=0;max_total_verifier_calls=1;max_edit_cost=None,spec_only/no_molecule,,
sgchem_v0.3__contradiction_abstain__spec_v2_polar_bias_train__00005,train,contradiction_abstain,L1,spec_v2_polar_bias_train,ABSTAIN,,False,True,1,1,max_steps=1;max_proposals=1;max_verify_calls=0;max_total_verifier_calls=1;max_edit_cost=None,spec_only/no_molecule,,
sgchem_v0.3__contradiction_abstain__spec_v2_polar_bias_train__00006,train,contradiction_abstain,L1,spec_v2_polar_bias_train,ABSTAIN,,False,True,1,1,max_steps=1;max_proposals=1;max_verify_calls=0;max_total_verifier_calls=1;max_edit_cost=None,spec_only/no_molecule,,
sgchem_v0.3__contradiction_abstain__spec_v2_polar_bias_train__00007,train,contradiction_abstain,L1,spec_v2_polar_bias_train,ABSTAIN,,False,True,1,1,max_steps=1;max_proposals=1;max_verify_calls=0;max_total_verifier_calls=1;max_edit_cost=None,spec_only/no_molecule,,
sgchem_v0.3__contradiction_abstain__spec_v2_ro5_balanced_test__00001,test,contradiction_abstain,L1,spec_v2_ro5_balanced_test,ABSTAIN,,False,True,2,1,max_steps=1;max_proposals=1;max_verify_calls=0;max_total_verifier_calls=1;max_edit_cost=None,spec_only/no_molecule,,
sgchem_v0.3__contradiction_abstain__spec_v2_ro5_balanced_test__00002,test,contradiction_abstain,L1,spec_v2_ro5_balanced_test,ABSTAIN,,False,True,2,1,max_steps=1;max_proposals=1;max_verify_calls=0;max_total_verifier_calls=1;max_edit_cost=None,spec_only/no_molecule,,
sgchem_v0.3__contradiction_abstain__spec_v2_ro5_balanced_test__00003,test,contradiction_abstain,L1,spec_v2_ro5_balanced_test,ABSTAIN,,False,True,2,1,max_steps=1;max_proposals=1;max_verify_calls=0;max_total_verifier_calls=1;max_edit_cost=None,spec_only/no_molecule,,
sgchem_v0.3__contradiction_abstain__spec_v2_ro5_balanced_test__00004,test,contradiction_abstain,L1,spec_v2_ro5_balanced_test,ABSTAIN,,False,True,2,1,max_steps=1;max_proposals=1;max_verify_calls=0;max_total_verifier_calls=1;max_edit_cost=None,spec_only/no_molecule,,
sgchem_v0.3__contradiction_abstain__spec_v2_ro5_balanced_test__00005,test,contradiction_abstain,L1,spec_v2_ro5_balanced_test,ABSTAIN,,False,True,2,1,max_steps=1;max_proposals=1;max_verify_calls=0;max_total_verifier_calls=1;max_edit_cost=None,spec_only/no_molecule,,
sgchem_v0.3__contradiction_abstain__spec_v2_ro5_balanced_test__00006,test,contradiction_abstain,L1,spec_v2_ro5_balanced_test,ABSTAIN,,False,True,2,1,max_steps=1;max_proposals=1;max_verify_calls=0;max_total_verifier_calls=1;max_edit_cost=None,spec_only/no_molecule,,
sgchem_v0.3__contradiction_abstain__spec_v2_ro5_balanced_test__00007,test,contradiction_abstain,L1,spec_v2_ro5_balanced_test,ABSTAIN,,False,True,2,1,max_steps=1;max_proposals=1;max_verify_calls=0;max_total_verifier_calls=1;max_edit_cost=None,spec_only/no_molecule,,
sgchem_v0.3__contradiction_abstain__spec_v2_sa_relaxed_dev__00001,dev,contradiction_abstain,L1,spec_v2_sa_relaxed_dev,ABSTAIN,,False,True,2,1,max_steps=1;max_proposals=1;max_verify_calls=0;max_total_verifier_calls=1;max_edit_cost=None,spec_only/no_molecule,,
sgchem_v0.3__contradiction_abstain__spec_v2_sa_relaxed_dev__00002,dev,contradiction_abstain,L1,spec_v2_sa_relaxed_dev,ABSTAIN,,False,True,2,1,max_steps=1;max_proposals=1;max_verify_calls=0;max_total_verifier_calls=1;max_edit_cost=None,spec_only/no_molecule,,
sgchem_v0.3__contradiction_abstain__spec_v2_sa_relaxed_dev__00003,dev,contradiction_abstain,L1,spec_v2_sa_relaxed_dev,ABSTAIN,,False,True,2,1,max_steps=1;max_proposals=1;max_verify_calls=0;max_total_verifier_calls=1;max_edit_cost=None,spec_only/no_molecule,,
sgchem_v0.3__contradiction_abstain__spec_v2_sa_relaxed_dev__00004,dev,contradiction_abstain,L1,spec_v2_sa_relaxed_dev,ABSTAIN,,False,True,2,1,max_steps=1;max_proposals=1;max_verify_calls=0;max_total_verifier_calls=1;max_edit_cost=None,spec_only/no_molecule,,
sgchem_v0.3__contradiction_abstain__spec_v2_sa_relaxed_dev__00005,dev,contradiction_abstain,L1,spec_v2_sa_relaxed_dev,ABSTAIN,,False,True,2,1,max_steps=1;max_proposals=1;max_verify_calls=0;max_total_verifier_calls=1;max_edit_cost=None,spec_only/no_molecule,,
sgchem_v0.3__contradiction_abstain__spec_v2_sa_relaxed_dev__00006,dev,contradiction_abstain,L1,spec_v2_sa_relaxed_dev,ABSTAIN,,False,True,2,1,max_steps=1;max_proposals=1;max_verify_calls=0;max_total_verifier_calls=1;max_edit_cost=None,spec_only/no_molecule,,
sgchem_v0.3__contradiction_abstain__spec_v2_sa_relaxed_dev__00007,dev,contradiction_abstain,L1,spec_v2_sa_relaxed_dev,ABSTAIN,,False,True,2,1,max_steps=1;max_proposals=1;max_verify_calls=0;max_total_verifier_calls=1;max_edit_cost=None,spec_only/no_molecule,,
sgchem_v0.3__contradiction_abstain__spec_v2_sa_strict_test__00001,test,contradiction_abstain,L1,spec_v2_sa_strict_test,ABSTAIN,,False,True,2,1,max_steps=1;max_proposals=1;max_verify_calls=0;max_total_verifier_calls=1;max_edit_cost=None,spec_only/no_molecule,,
sgchem_v0.3__contradiction_abstain__spec_v2_sa_strict_test__00002,test,contradiction_abstain,L1,spec_v2_sa_strict_test,ABSTAIN,,False,True,2,1,max_steps=1;max_proposals=1;max_verify_calls=0;max_total_verifier_calls=1;max_edit_cost=None,spec_only/no_molecule,,
sgchem_v0.3__contradiction_abstain__spec_v2_sa_strict_test__00003,test,contradiction_abstain,L1,spec_v2_sa_strict_test,ABSTAIN,,False,True,2,1,max_steps=1;max_proposals=1;max_verify_calls=0;max_total_verifier_calls=1;max_edit_cost=None,spec_only/no_molecule,,
sgchem_v0.3__contradiction_abstain__spec_v2_sa_strict_test__00004,test,contradiction_abstain,L1,spec_v2_sa_strict_test,ABSTAIN,,False,True,2,1,max_steps=1;max_proposals=1;max_verify_calls=0;max_total_verifier_calls=1;max_edit_cost=None,spec_only/no_molecule,,
sgchem_v0.3__contradiction_abstain__spec_v2_sa_strict_test__00005,test,contradiction_abstain,L1,spec_v2_sa_strict_test,ABSTAIN,,False,True,2,1,max_steps=1;max_proposals=1;max_verify_calls=0;max_total_verifier_calls=1;max_edit_cost=None,spec_only/no_molecule,,
sgchem_v0.3__contradiction_abstain__spec_v2_sa_strict_test__00006,test,contradiction_abstain,L1,spec_v2_sa_strict_test,ABSTAIN,,False,True,2,1,max_steps=1;max_proposals=1;max_verify_calls=0;max_total_verifier_calls=1;max_edit_cost=None,spec_only/no_molecule,,
sgchem_v0.3__contradiction_abstain__spec_v2_sa_strict_test__00007,test,contradiction_abstain,L1,spec_v2_sa_strict_test,ABSTAIN,,False,True,2,1,max_steps=1;max_proposals=1;max_verify_calls=0;max_total_verifier_calls=1;max_edit_cost=None,spec_only/no_molecule,,
sgchem_v0.3__feasible_propose__spec_v1_basic__00001,train,feasible_propose,L2,spec_v1_basic,ACCEPT,,True,False,1,2,max_steps=3;max_proposals=3;max_verify_calls=0;max_total_verifier_calls=3;max_edit_cost=None,corpus/corpus.parquet,,
sgchem_v0.3__feasible_propose__spec_v1_basic__00002,train,feasible_propose,L3,spec_v1_basic,ACCEPT,,True,False,1,2,max_steps=4;max_proposals=4;max_verify_calls=4;max_total_verifier_calls=8;max_edit_cost=None,corpus/corpus.parquet,,
sgchem_v0.3__feasible_propose__spec_v1_basic__00003,train,feasible_propose,L1,spec_v1_basic,ACCEPT,,True,False,1,2,max_steps=1;max_proposals=1;max_verify_calls=0;max_total_verifier_calls=1;max_edit_cost=None,corpus/corpus.parquet,,
sgchem_v0.3__feasible_propose__spec_v1_basic__00004,train,feasible_propose,L2,spec_v1_basic,ACCEPT,,True,False,1,2,max_steps=3;max_proposals=3;max_verify_calls=0;max_total_verifier_calls=3;max_edit_cost=None,corpus/corpus.parquet,,
sgchem_v0.3__feasible_propose__spec_v1_basic__00005,train,feasible_propose,L3,spec_v1_basic,ACCEPT,,True,False,1,2,max_steps=4;max_proposals=4;max_verify_calls=4;max_total_verifier_calls=8;max_edit_cost=None,corpus/corpus.parquet,,
sgchem_v0.3__feasible_propose__spec_v1_basic__00006,train,feasible_propose,L1,spec_v1_basic,ACCEPT,,True,False,1,2,max_steps=1;max_proposals=1;max_verify_calls=0;max_total_verifier_calls=1;max_edit_cost=None,corpus/corpus.parquet,,
sgchem_v0.3__feasible_propose__spec_v1_basic__00007,train,feasible_propose,L2,spec_v1_basic,ACCEPT,,True,False,1,2,max_steps=3;max_proposals=3;max_verify_calls=0;max_total_verifier_calls=3;max_edit_cost=None,corpus/corpus.parquet,,
sgchem_v0.3__feasible_propose__spec_v1_basic__100008,train,feasible_propose,L2,spec_v1_basic,ACCEPT,,True,False,1,2,max_steps=3;max_proposals=3;max_verify_calls=0;max_total_verifier_calls=3;max_edit_cost=None,corpus/corpus.parquet,,
sgchem_v0.3__feasible_propose__spec_v2_alert_soft_train__00001,train,feasible_propose,L2,spec_v2_alert_soft_train,ACCEPT,,True,False,1,3,max_steps=3;max_proposals=3;max_verify_calls=0;max_total_verifier_calls=3;max_edit_cost=None,corpus/corpus.parquet,,
sgchem_v0.3__feasible_propose__spec_v2_alert_soft_train__00002,train,feasible_propose,L3,spec_v2_alert_soft_train,ACCEPT,,True,False,1,3,max_steps=4;max_proposals=4;max_verify_calls=4;max_total_verifier_calls=8;max_edit_cost=None,corpus/corpus.parquet,,
sgchem_v0.3__feasible_propose__spec_v2_alert_soft_train__00003,train,feasible_propose,L1,spec_v2_alert_soft_train,ACCEPT,,True,False,1,3,max_steps=1;max_proposals=1;max_verify_calls=0;max_total_verifier_calls=1;max_edit_cost=None,corpus/corpus.parquet,,
sgchem_v0.3__feasible_propose__spec_v2_alert_soft_train__00004,train,feasible_propose,L2,spec_v2_alert_soft_train,ACCEPT,,True,False,1,3,max_steps=3;max_proposals=3;max_verify_calls=0;max_total_verifier_calls=3;max_edit_cost=None,corpus/corpus.parquet,,
sgchem_v0.3__feasible_propose__spec_v2_alert_soft_train__00005,train,feasible_propose,L3,spec_v2_alert_soft_train,ACCEPT,,True,False,1,3,max_steps=4;max_proposals=4;max_verify_calls=4;max_total_verifier_calls=8;max_edit_cost=None,corpus/corpus.parquet,,
sgchem_v0.3__feasible_propose__spec_v2_alert_soft_train__00006,train,feasible_propose,L1,spec_v2_alert_soft_train,ACCEPT,,True,False,1,3,max_steps=1;max_proposals=1;max_verify_calls=0;max_total_verifier_calls=1;max_edit_cost=None,corpus/corpus.parquet,,
sgchem_v0.3__feasible_propose__spec_v2_alert_soft_train__00007,train,feasible_propose,L2,spec_v2_alert_soft_train,ACCEPT,,True,False,1,3,max_steps=3;max_proposals=3;max_verify_calls=0;max_total_verifier_calls=3;max_edit_cost=None,corpus/corpus.parquet,,
sgchem_v0.3__feasible_propose__spec_v2_alert_soft_train__100008,train,feasible_propose,L2,spec_v2_alert_soft_train,ACCEPT,,True,False,1,3,max_steps=3;max_proposals=3;max_verify_calls=0;max_total_verifier_calls=3;max_edit_cost=None,corpus/corpus.parquet,,
sgchem_v0.3__feasible_propose__spec_v2_alert_strict_dev__00001,dev,feasible_propose,L2,spec_v2_alert_strict_dev,ACCEPT,,True,False,4,1,max_steps=3;max_proposals=3;max_verify_calls=0;max_total_verifier_calls=3;max_edit_cost=None,corpus/corpus.parquet,,
sgchem_v0.3__feasible_propose__spec_v2_alert_strict_dev__00002,dev,feasible_propose,L3,spec_v2_alert_strict_dev,ACCEPT,,True,False,4,1,max_steps=4;max_proposals=4;max_verify_calls=4;max_total_verifier_calls=8;max_edit_cost=None,corpus/corpus.parquet,,
sgchem_v0.3__feasible_propose__spec_v2_alert_strict_dev__00003,dev,feasible_propose,L1,spec_v2_alert_strict_dev,ACCEPT,,True,False,4,1,max_steps=1;max_proposals=1;max_verify_calls=0;max_total_verifier_calls=1;max_edit_cost=None,corpus/corpus.parquet,,
sgchem_v0.3__feasible_propose__spec_v2_alert_strict_dev__00004,dev,feasible_propose,L2,spec_v2_alert_strict_dev,ACCEPT,,True,False,4,1,max_steps=3;max_proposals=3;max_verify_calls=0;max_total_verifier_calls=3;max_edit_cost=None,corpus/corpus.parquet,,
sgchem_v0.3__feasible_propose__spec_v2_alert_strict_dev__00005,dev,feasible_propose,L3,spec_v2_alert_strict_dev,ACCEPT,,True,False,4,1,max_steps=4;max_proposals=4;max_verify_calls=4;max_total_verifier_calls=8;max_edit_cost=None,corpus/corpus.parquet,,
sgchem_v0.3__feasible_propose__spec_v2_alert_strict_dev__00006,dev,feasible_propose,L1,spec_v2_alert_strict_dev,ACCEPT,,True,False,4,1,max_steps=1;max_proposals=1;max_verify_calls=0;max_total_verifier_calls=1;max_edit_cost=None,corpus/corpus.parquet,,
sgchem_v0.3__feasible_propose__spec_v2_alert_strict_dev__100007,dev,feasible_propose,L2,spec_v2_alert_strict_dev,ACCEPT,,True,False,4,1,max_steps=3;max_proposals=3;max_verify_calls=0;max_total_verifier_calls=3;max_edit_cost=None,corpus/corpus.parquet,,
sgchem_v0.3__feasible_propose__spec_v2_amide_friendly_dev__00001,dev,feasible_propose,L2,spec_v2_amide_friendly_dev,ACCEPT,,True,False,1,2,max_steps=3;max_proposals=3;max_verify_calls=0;max_total_verifier_calls=3;max_edit_cost=None,corpus/corpus.parquet,,
sgchem_v0.3__feasible_propose__spec_v2_amide_friendly_dev__00002,dev,feasible_propose,L3,spec_v2_amide_friendly_dev,ACCEPT,,True,False,1,2,max_steps=4;max_proposals=4;max_verify_calls=4;max_total_verifier_calls=8;max_edit_cost=None,corpus/corpus.parquet,,
sgchem_v0.3__feasible_propose__spec_v2_amide_friendly_dev__00003,dev,feasible_propose,L1,spec_v2_amide_friendly_dev,ACCEPT,,True,False,1,2,max_steps=1;max_proposals=1;max_verify_calls=0;max_total_verifier_calls=1;max_edit_cost=None,corpus/corpus.parquet,,
sgchem_v0.3__feasible_propose__spec_v2_amide_friendly_dev__00004,dev,feasible_propose,L2,spec_v2_amide_friendly_dev,ACCEPT,,True,False,1,2,max_steps=3;max_proposals=3;max_verify_calls=0;max_total_verifier_calls=3;max_edit_cost=None,corpus/corpus.parquet,,
sgchem_v0.3__feasible_propose__spec_v2_amide_friendly_dev__00005,dev,feasible_propose,L3,spec_v2_amide_friendly_dev,ACCEPT,,True,False,1,2,max_steps=4;max_proposals=4;max_verify_calls=4;max_total_verifier_calls=8;max_edit_cost=None,corpus/corpus.parquet,,
sgchem_v0.3__feasible_propose__spec_v2_amide_friendly_dev__00006,dev,feasible_propose,L1,spec_v2_amide_friendly_dev,ACCEPT,,True,False,1,2,max_steps=1;max_proposals=1;max_verify_calls=0;max_total_verifier_calls=1;max_edit_cost=None,corpus/corpus.parquet,,
sgchem_v0.3__feasible_propose__spec_v2_amide_friendly_dev__100007,dev,feasible_propose,L2,spec_v2_amide_friendly_dev,ACCEPT,,True,False,1,2,max_steps=3;max_proposals=3;max_verify_calls=0;max_total_verifier_calls=3;max_edit_cost=None,corpus/corpus.parquet,,
sgchem_v0.3__feasible_propose__spec_v2_aromatic_pref_test__00001,test,feasible_propose,L2,spec_v2_aromatic_pref_test,ACCEPT,,True,False,1,1,max_steps=3;max_proposals=3;max_verify_calls=0;max_total_verifier_calls=3;max_edit_cost=None,corpus/corpus.parquet,,
sgchem_v0.3__feasible_propose__spec_v2_aromatic_pref_test__00002,test,feasible_propose,L3,spec_v2_aromatic_pref_test,ACCEPT,,True,False,1,1,max_steps=4;max_proposals=4;max_verify_calls=4;max_total_verifier_calls=8;max_edit_cost=None,corpus/corpus.parquet,,
sgchem_v0.3__feasible_propose__spec_v2_aromatic_pref_test__00003,test,feasible_propose,L1,spec_v2_aromatic_pref_test,ACCEPT,,True,False,1,1,max_steps=1;max_proposals=1;max_verify_calls=0;max_total_verifier_calls=1;max_edit_cost=None,corpus/corpus.parquet,,
sgchem_v0.3__feasible_propose__spec_v2_aromatic_pref_test__00004,test,feasible_propose,L2,spec_v2_aromatic_pref_test,ACCEPT,,True,False,1,1,max_steps=3;max_proposals=3;max_verify_calls=0;max_total_verifier_calls=3;max_edit_cost=None,corpus/corpus.parquet,,
sgchem_v0.3__feasible_propose__spec_v2_aromatic_pref_test__00005,test,feasible_propose,L3,spec_v2_aromatic_pref_test,ACCEPT,,True,False,1,1,max_steps=4;max_proposals=4;max_verify_calls=4;max_total_verifier_calls=8;max_edit_cost=None,corpus/corpus.parquet,,
sgchem_v0.3__feasible_propose__spec_v2_aromatic_pref_test__00006,test,feasible_propose,L1,spec_v2_aromatic_pref_test,ACCEPT,,True,False,1,1,max_steps=1;max_proposals=1;max_verify_calls=0;max_total_verifier_calls=1;max_edit_cost=None,corpus/corpus.parquet,,
sgchem_v0.3__feasible_propose__spec_v2_aromatic_pref_test__100007,test,feasible_propose,L2,spec_v2_aromatic_pref_test,ACCEPT,,True,False,1,1,max_steps=3;max_proposals=3;max_verify_calls=0;max_total_verifier_calls=3;max_edit_cost=None,corpus/corpus.parquet,,
sgchem_v0.3__feasible_propose__spec_v2_cns_like_test__00001,test,feasible_propose,L2,spec_v2_cns_like_test,ACCEPT,,True,False,2,1,max_steps=3;max_proposals=3;max_verify_calls=0;max_total_verifier_calls=3;max_edit_cost=None,corpus/corpus.parquet,,
sgchem_v0.3__feasible_propose__spec_v2_cns_like_test__00002,test,feasible_propose,L3,spec_v2_cns_like_test,ACCEPT,,True,False,2,1,max_steps=4;max_proposals=4;max_verify_calls=4;max_total_verifier_calls=8;max_edit_cost=None,corpus/corpus.parquet,,
sgchem_v0.3__feasible_propose__spec_v2_cns_like_test__00003,test,feasible_propose,L1,spec_v2_cns_like_test,ACCEPT,,True,False,2,1,max_steps=1;max_proposals=1;max_verify_calls=0;max_total_verifier_calls=1;max_edit_cost=None,corpus/corpus.parquet,,
sgchem_v0.3__feasible_propose__spec_v2_cns_like_test__00004,test,feasible_propose,L2,spec_v2_cns_like_test,ACCEPT,,True,False,2,1,max_steps=3;max_proposals=3;max_verify_calls=0;max_total_verifier_calls=3;max_edit_cost=None,corpus/corpus.parquet,,
sgchem_v0.3__feasible_propose__spec_v2_cns_like_test__00005,test,feasible_propose,L3,spec_v2_cns_like_test,ACCEPT,,True,False,2,1,max_steps=4;max_proposals=4;max_verify_calls=4;max_total_verifier_calls=8;max_edit_cost=None,corpus/corpus.parquet,,
sgchem_v0.3__feasible_propose__spec_v2_cns_like_test__00006,test,feasible_propose,L1,spec_v2_cns_like_test,ACCEPT,,True,False,2,1,max_steps=1;max_proposals=1;max_verify_calls=0;max_total_verifier_calls=1;max_edit_cost=None,corpus/corpus.parquet,,
sgchem_v0.3__feasible_propose__spec_v2_cns_like_test__100007,test,feasible_propose,L2,spec_v2_cns_like_test,ACCEPT,,True,False,2,1,max_steps=3;max_proposals=3;max_verify_calls=0;max_total_verifier_calls=3;max_edit_cost=None,corpus/corpus.parquet,,
sgchem_v0.3__feasible_propose__spec_v2_fragment_tight_train__00001,train,feasible_propose,L2,spec_v2_fragment_tight_train,ACCEPT,,True,False,1,1,max_steps=3;max_proposals=3;max_verify_calls=0;max_total_verifier_calls=3;max_edit_cost=None,corpus/corpus.parquet,,
sgchem_v0.3__feasible_propose__spec_v2_fragment_tight_train__00002,train,feasible_propose,L3,spec_v2_fragment_tight_train,ACCEPT,,True,False,1,1,max_steps=4;max_proposals=4;max_verify_calls=4;max_total_verifier_calls=8;max_edit_cost=None,corpus/corpus.parquet,,
sgchem_v0.3__feasible_propose__spec_v2_fragment_tight_train__00003,train,feasible_propose,L1,spec_v2_fragment_tight_train,ACCEPT,,True,False,1,1,max_steps=1;max_proposals=1;max_verify_calls=0;max_total_verifier_calls=1;max_edit_cost=None,corpus/corpus.parquet,,
sgchem_v0.3__feasible_propose__spec_v2_fragment_tight_train__00004,train,feasible_propose,L2,spec_v2_fragment_tight_train,ACCEPT,,True,False,1,1,max_steps=3;max_proposals=3;max_verify_calls=0;max_total_verifier_calls=3;max_edit_cost=None,corpus/corpus.parquet,,
sgchem_v0.3__feasible_propose__spec_v2_fragment_tight_train__00005,train,feasible_propose,L3,spec_v2_fragment_tight_train,ACCEPT,,True,False,1,1,max_steps=4;max_proposals=4;max_verify_calls=4;max_total_verifier_calls=8;max_edit_cost=None,corpus/corpus.parquet,,
sgchem_v0.3__feasible_propose__spec_v2_fragment_tight_train__00006,train,feasible_propose,L1,spec_v2_fragment_tight_train,ACCEPT,,True,False,1,1,max_steps=1;max_proposals=1;max_verify_calls=0;max_total_verifier_calls=1;max_edit_cost=None,corpus/corpus.parquet,,
sgchem_v0.3__feasible_propose__spec_v2_fragment_ultra_dev__00001,dev,feasible_propose,L2,spec_v2_fragment_ultra_dev,ACCEPT,,True,False,1,1,max_steps=3;max_proposals=3;max_verify_calls=0;max_total_verifier_calls=3;max_edit_cost=None,corpus/corpus.parquet,,
sgchem_v0.3__feasible_propose__spec_v2_fragment_ultra_dev__00002,dev,feasible_propose,L3,spec_v2_fragment_ultra_dev,ACCEPT,,True,False,1,1,max_steps=4;max_proposals=4;max_verify_calls=4;max_total_verifier_calls=8;max_edit_cost=None,corpus/corpus.parquet,,
sgchem_v0.3__feasible_propose__spec_v2_fragment_ultra_dev__00003,dev,feasible_propose,L1,spec_v2_fragment_ultra_dev,ACCEPT,,True,False,1,1,max_steps=1;max_proposals=1;max_verify_calls=0;max_total_verifier_calls=1;max_edit_cost=None,corpus/corpus.parquet,,
sgchem_v0.3__feasible_propose__spec_v2_fragment_ultra_dev__00004,dev,feasible_propose,L2,spec_v2_fragment_ultra_dev,ACCEPT,,True,False,1,1,max_steps=3;max_proposals=3;max_verify_calls=0;max_total_verifier_calls=3;max_edit_cost=None,corpus/corpus.parquet,,
sgchem_v0.3__feasible_propose__spec_v2_fragment_ultra_dev__00005,dev,feasible_propose,L3,spec_v2_fragment_ultra_dev,ACCEPT,,True,False,1,1,max_steps=4;max_proposals=4;max_verify_calls=4;max_total_verifier_calls=8;max_edit_cost=None,corpus/corpus.parquet,,
sgchem_v0.3__feasible_propose__spec_v2_fragment_ultra_dev__00006,dev,feasible_propose,L1,spec_v2_fragment_ultra_dev,ACCEPT,,True,False,1,1,max_steps=1;max_proposals=1;max_verify_calls=0;max_total_verifier_calls=1;max_edit_cost=None,corpus/corpus.parquet,,
sgchem_v0.3__feasible_propose__spec_v2_low_rotor_train__00001,train,feasible_propose,L2,spec_v2_low_rotor_train,ACCEPT,,True,False,1,1,max_steps=3;max_proposals=3;max_verify_calls=0;max_total_verifier_calls=3;max_edit_cost=None,corpus/corpus.parquet,,
sgchem_v0.3__feasible_propose__spec_v2_low_rotor_train__00002,train,feasible_propose,L3,spec_v2_low_rotor_train,ACCEPT,,True,False,1,1,max_steps=4;max_proposals=4;max_verify_calls=4;max_total_verifier_calls=8;max_edit_cost=None,corpus/corpus.parquet,,
sgchem_v0.3__feasible_propose__spec_v2_low_rotor_train__00003,train,feasible_propose,L1,spec_v2_low_rotor_train,ACCEPT,,True,False,1,1,max_steps=1;max_proposals=1;max_verify_calls=0;max_total_verifier_calls=1;max_edit_cost=None,corpus/corpus.parquet,,
sgchem_v0.3__feasible_propose__spec_v2_low_rotor_train__00004,train,feasible_propose,L2,spec_v2_low_rotor_train,ACCEPT,,True,False,1,1,max_steps=3;max_proposals=3;max_verify_calls=0;max_total_verifier_calls=3;max_edit_cost=None,corpus/corpus.parquet,,
sgchem_v0.3__feasible_propose__spec_v2_low_rotor_train__00005,train,feasible_propose,L3,spec_v2_low_rotor_train,ACCEPT,,True,False,1,1,max_steps=4;max_proposals=4;max_verify_calls=4;max_total_verifier_calls=8;max_edit_cost=None,corpus/corpus.parquet,,
sgchem_v0.3__feasible_propose__spec_v2_low_rotor_train__00006,train,feasible_propose,L1,spec_v2_low_rotor_train,ACCEPT,,True,False,1,1,max_steps=1;max_proposals=1;max_verify_calls=0;max_total_verifier_calls=1;max_edit_cost=None,corpus/corpus.parquet,,
sgchem_v0.3__feasible_propose__spec_v2_polar_bias_train__00001,train,feasible_propose,L2,spec_v2_polar_bias_train,ACCEPT,,True,False,1,1,max_steps=3;max_proposals=3;max_verify_calls=0;max_total_verifier_calls=3;max_edit_cost=None,corpus/corpus.parquet,,
sgchem_v0.3__feasible_propose__spec_v2_polar_bias_train__00002,train,feasible_propose,L3,spec_v2_polar_bias_train,ACCEPT,,True,False,1,1,max_steps=4;max_proposals=4;max_verify_calls=4;max_total_verifier_calls=8;max_edit_cost=None,corpus/corpus.parquet,,
sgchem_v0.3__feasible_propose__spec_v2_polar_bias_train__00003,train,feasible_propose,L1,spec_v2_polar_bias_train,ACCEPT,,True,False,1,1,max_steps=1;max_proposals=1;max_verify_calls=0;max_total_verifier_calls=1;max_edit_cost=None,corpus/corpus.parquet,,
sgchem_v0.3__feasible_propose__spec_v2_polar_bias_train__00004,train,feasible_propose,L2,spec_v2_polar_bias_train,ACCEPT,,True,False,1,1,max_steps=3;max_proposals=3;max_verify_calls=0;max_total_verifier_calls=3;max_edit_cost=None,corpus/corpus.parquet,,
sgchem_v0.3__feasible_propose__spec_v2_polar_bias_train__00005,train,feasible_propose,L3,spec_v2_polar_bias_train,ACCEPT,,True,False,1,1,max_steps=4;max_proposals=4;max_verify_calls=4;max_total_verifier_calls=8;max_edit_cost=None,corpus/corpus.parquet,,
sgchem_v0.3__feasible_propose__spec_v2_polar_bias_train__00006,train,feasible_propose,L1,spec_v2_polar_bias_train,ACCEPT,,True,False,1,1,max_steps=1;max_proposals=1;max_verify_calls=0;max_total_verifier_calls=1;max_edit_cost=None,corpus/corpus.parquet,,
sgchem_v0.3__feasible_propose__spec_v2_ro5_balanced_test__00001,test,feasible_propose,L2,spec_v2_ro5_balanced_test,ACCEPT,,True,False,2,1,max_steps=3;max_proposals=3;max_verify_calls=0;max_total_verifier_calls=3;max_edit_cost=None,corpus/corpus.parquet,,
sgchem_v0.3__feasible_propose__spec_v2_ro5_balanced_test__00002,test,feasible_propose,L3,spec_v2_ro5_balanced_test,ACCEPT,,True,False,2,1,max_steps=4;max_proposals=4;max_verify_calls=4;max_total_verifier_calls=8;max_edit_cost=None,corpus/corpus.parquet,,
sgchem_v0.3__feasible_propose__spec_v2_ro5_balanced_test__00003,test,feasible_propose,L1,spec_v2_ro5_balanced_test,ACCEPT,,True,False,2,1,max_steps=1;max_proposals=1;max_verify_calls=0;max_total_verifier_calls=1;max_edit_cost=None,corpus/corpus.parquet,,
sgchem_v0.3__feasible_propose__spec_v2_ro5_balanced_test__00004,test,feasible_propose,L2,spec_v2_ro5_balanced_test,ACCEPT,,True,False,2,1,max_steps=3;max_proposals=3;max_verify_calls=0;max_total_verifier_calls=3;max_edit_cost=None,corpus/corpus.parquet,,
sgchem_v0.3__feasible_propose__spec_v2_ro5_balanced_test__00005,test,feasible_propose,L3,spec_v2_ro5_balanced_test,ACCEPT,,True,False,2,1,max_steps=4;max_proposals=4;max_verify_calls=4;max_total_verifier_calls=8;max_edit_cost=None,corpus/corpus.parquet,,
sgchem_v0.3__feasible_propose__spec_v2_ro5_balanced_test__00006,test,feasible_propose,L1,spec_v2_ro5_balanced_test,ACCEPT,,True,False,2,1,max_steps=1;max_proposals=1;max_verify_calls=0;max_total_verifier_calls=1;max_edit_cost=None,corpus/corpus.parquet,,
sgchem_v0.3__feasible_propose__spec_v2_sa_relaxed_dev__00001,dev,feasible_propose,L2,spec_v2_sa_relaxed_dev,ACCEPT,,True,False,2,1,max_steps=3;max_proposals=3;max_verify_calls=0;max_total_verifier_calls=3;max_edit_cost=None,corpus/corpus.parquet,,
sgchem_v0.3__feasible_propose__spec_v2_sa_relaxed_dev__00002,dev,feasible_propose,L3,spec_v2_sa_relaxed_dev,ACCEPT,,True,False,2,1,max_steps=4;max_proposals=4;max_verify_calls=4;max_total_verifier_calls=8;max_edit_cost=None,corpus/corpus.parquet,,
sgchem_v0.3__feasible_propose__spec_v2_sa_relaxed_dev__00003,dev,feasible_propose,L1,spec_v2_sa_relaxed_dev,ACCEPT,,True,False,2,1,max_steps=1;max_proposals=1;max_verify_calls=0;max_total_verifier_calls=1;max_edit_cost=None,corpus/corpus.parquet,,
sgchem_v0.3__feasible_propose__spec_v2_sa_relaxed_dev__00004,dev,feasible_propose,L2,spec_v2_sa_relaxed_dev,ACCEPT,,True,False,2,1,max_steps=3;max_proposals=3;max_verify_calls=0;max_total_verifier_calls=3;max_edit_cost=None,corpus/corpus.parquet,,
sgchem_v0.3__feasible_propose__spec_v2_sa_relaxed_dev__00005,dev,feasible_propose,L3,spec_v2_sa_relaxed_dev,ACCEPT,,True,False,2,1,max_steps=4;max_proposals=4;max_verify_calls=4;max_total_verifier_calls=8;max_edit_cost=None,corpus/corpus.parquet,,
sgchem_v0.3__feasible_propose__spec_v2_sa_relaxed_dev__00006,dev,feasible_propose,L1,spec_v2_sa_relaxed_dev,ACCEPT,,True,False,2,1,max_steps=1;max_proposals=1;max_verify_calls=0;max_total_verifier_calls=1;max_edit_cost=None,corpus/corpus.parquet,,
sgchem_v0.3__feasible_propose__spec_v2_sa_strict_test__00001,test,feasible_propose,L2,spec_v2_sa_strict_test,ACCEPT,,True,False,2,1,max_steps=3;max_proposals=3;max_verify_calls=0;max_total_verifier_calls=3;max_edit_cost=None,corpus/corpus.parquet,,
sgchem_v0.3__feasible_propose__spec_v2_sa_strict_test__00002,test,feasible_propose,L3,spec_v2_sa_strict_test,ACCEPT,,True,False,2,1,max_steps=4;max_proposals=4;max_verify_calls=4;max_total_verifier_calls=8;max_edit_cost=None,corpus/corpus.parquet,,
sgchem_v0.3__feasible_propose__spec_v2_sa_strict_test__00003,test,feasible_propose,L1,spec_v2_sa_strict_test,ACCEPT,,True,False,2,1,max_steps=1;max_proposals=1;max_verify_calls=0;max_total_verifier_calls=1;max_edit_cost=None,corpus/corpus.parquet,,
sgchem_v0.3__feasible_propose__spec_v2_sa_strict_test__00004,test,feasible_propose,L2,spec_v2_sa_strict_test,ACCEPT,,True,False,2,1,max_steps=3;max_proposals=3;max_verify_calls=0;max_total_verifier_calls=3;max_edit_cost=None,corpus/corpus.parquet,,
sgchem_v0.3__feasible_propose__spec_v2_sa_strict_test__00005,test,feasible_propose,L3,spec_v2_sa_strict_test,ACCEPT,,True,False,2,1,max_steps=4;max_proposals=4;max_verify_calls=4;max_total_verifier_calls=8;max_edit_cost=None,corpus/corpus.parquet,,
sgchem_v0.3__feasible_propose__spec_v2_sa_strict_test__00006,test,feasible_propose,L1,spec_v2_sa_strict_test,ACCEPT,,True,False,2,1,max_steps=1;max_proposals=1;max_verify_calls=0;max_total_verifier_calls=1;max_edit_cost=None,corpus/corpus.parquet,,
sgchem_v0.3__interrupt_resume__spec_v1_basic__00001,train,interrupt_resume,L3,spec_v1_basic,ACCEPT,CC(=O)NC(C)C(C)N,True,False,2,2,max_steps=3;max_proposals=2;max_verify_calls=1;max_total_verifier_calls=3,corpus/corpus.parquet,,
sgchem_v0.3__interrupt_resume__spec_v1_basic__00002,train,interrupt_resume,L3,spec_v1_basic,ACCEPT,CC(=O)NCC(N)CCl,True,False,2,2,max_steps=3;max_proposals=2;max_verify_calls=1;max_total_verifier_calls=3,corpus/corpus.parquet,,
sgchem_v0.3__interrupt_resume__spec_v1_basic__00003,train,interrupt_resume,L3,spec_v1_basic,ACCEPT,CC(=O)Nc1cccc(C(N)=O)c1C(N)=O,True,False,2,2,max_steps=3;max_proposals=2;max_verify_calls=1;max_total_verifier_calls=3,corpus/corpus.parquet,,
sgchem_v0.3__interrupt_resume__spec_v1_basic__00004,train,interrupt_resume,L3,spec_v1_basic,ACCEPT,CC(C)N(CCO)C(=O)OCCN,True,False,2,2,max_steps=3;max_proposals=2;max_verify_calls=1;max_total_verifier_calls=3,corpus/corpus.parquet,,
sgchem_v0.3__interrupt_resume__spec_v2_alert_soft_train__00001,train,interrupt_resume,L3,spec_v2_alert_soft_train,ACCEPT,CC(=O)NC(CN)CO,True,False,2,3,max_steps=3;max_proposals=2;max_verify_calls=1;max_total_verifier_calls=3,corpus/corpus.parquet,,
sgchem_v0.3__interrupt_resume__spec_v2_alert_soft_train__00002,train,interrupt_resume,L3,spec_v2_alert_soft_train,ACCEPT,CC(N)CNCCN,True,False,2,3,max_steps=3;max_proposals=2;max_verify_calls=1;max_total_verifier_calls=3,corpus/corpus.parquet,,
sgchem_v0.3__interrupt_resume__spec_v2_alert_soft_train__00003,train,interrupt_resume,L3,spec_v2_alert_soft_train,ACCEPT,Fc1ccccn1,True,False,2,3,max_steps=3;max_proposals=2;max_verify_calls=1;max_total_verifier_calls=3,corpus/corpus.parquet,,
sgchem_v0.3__interrupt_resume__spec_v2_alert_soft_train__00004,train,interrupt_resume,L3,spec_v2_alert_soft_train,ACCEPT,NC(=O)c1cnc(N)cc1C(N)=O,True,False,2,3,max_steps=3;max_proposals=2;max_verify_calls=1;max_total_verifier_calls=3,corpus/corpus.parquet,,
sgchem_v0.3__interrupt_resume__spec_v2_alert_strict_dev__00001,dev,interrupt_resume,L3,spec_v2_alert_strict_dev,ACCEPT,CC(=O)NC(C)N,True,False,5,1,max_steps=3;max_proposals=2;max_verify_calls=1;max_total_verifier_calls=3,corpus/corpus.parquet,,
sgchem_v0.3__interrupt_resume__spec_v2_alert_strict_dev__00002,dev,interrupt_resume,L3,spec_v2_alert_strict_dev,ACCEPT,CC(=O)Nc1c(N)cccc1N,True,False,5,1,max_steps=3;max_proposals=2;max_verify_calls=1;max_total_verifier_calls=3,corpus/corpus.parquet,,
sgchem_v0.3__interrupt_resume__spec_v2_alert_strict_dev__00003,dev,interrupt_resume,L3,spec_v2_alert_strict_dev,ACCEPT,CC(=O)Nc1ccc(C(N)=O)cc1N,True,False,5,1,max_steps=3;max_proposals=2;max_verify_calls=1;max_total_verifier_calls=3,corpus/corpus.parquet,,
sgchem_v0.3__interrupt_resume__spec_v2_alert_strict_dev__00004,dev,interrupt_resume,L3,spec_v2_alert_strict_dev,ACCEPT,CC(=O)Nc1cccc(C(N)=O)c1N,True,False,5,1,max_steps=3;max_proposals=2;max_verify_calls=1;max_total_verifier_calls=3,corpus/corpus.parquet,,
sgchem_v0.3__interrupt_resume__spec_v2_amide_friendly_dev__00001,dev,interrupt_resume,L3,spec_v2_amide_friendly_dev,ACCEPT,CC(=O)NC(CN)CO,True,False,2,2,max_steps=3;max_proposals=2;max_verify_calls=1;max_total_verifier_calls=3,corpus/corpus.parquet,,
sgchem_v0.3__interrupt_resume__spec_v2_amide_friendly_dev__00002,dev,interrupt_resume,L3,spec_v2_amide_friendly_dev,ACCEPT,CC(N)C(=O)NCCN,True,False,2,2,max_steps=3;max_proposals=2;max_verify_calls=1;max_total_verifier_calls=3,corpus/corpus.parquet,,
sgchem_v0.3__interrupt_resume__spec_v2_amide_friendly_dev__00003,dev,interrupt_resume,L3,spec_v2_amide_friendly_dev,ACCEPT,CCCCCCCCCF,True,False,2,2,max_steps=3;max_proposals=2;max_verify_calls=1;max_total_verifier_calls=3,corpus/corpus.parquet,,
sgchem_v0.3__interrupt_resume__spec_v2_amide_friendly_dev__00004,dev,interrupt_resume,L3,spec_v2_amide_friendly_dev,ACCEPT,CCOC(=O)C(C)N,True,False,2,2,max_steps=3;max_proposals=2;max_verify_calls=1;max_total_verifier_calls=3,corpus/corpus.parquet,,
sgchem_v0.3__interrupt_resume__spec_v2_aromatic_pref_test__00001,test,interrupt_resume,L3,spec_v2_aromatic_pref_test,ACCEPT,CC(CN)NC(=O)CN,True,False,2,1,max_steps=3;max_proposals=2;max_verify_calls=1;max_total_verifier_calls=3,corpus/corpus.parquet,,
sgchem_v0.3__interrupt_resume__spec_v2_aromatic_pref_test__00002,test,interrupt_resume,L3,spec_v2_aromatic_pref_test,ACCEPT,CC(O)CNCCN,True,False,2,1,max_steps=3;max_proposals=2;max_verify_calls=1;max_total_verifier_calls=3,corpus/corpus.parquet,,
sgchem_v0.3__interrupt_resume__spec_v2_aromatic_pref_test__00003,test,interrupt_resume,L3,spec_v2_aromatic_pref_test,ACCEPT,Fc1ccncc1,True,False,2,1,max_steps=3;max_proposals=2;max_verify_calls=1;max_total_verifier_calls=3,corpus/corpus.parquet,,
sgchem_v0.3__interrupt_resume__spec_v2_aromatic_pref_test__00004,test,interrupt_resume,L3,spec_v2_aromatic_pref_test,ACCEPT,NC(=O)c1cncc(N)c1C(N)=O,True,False,2,1,max_steps=3;max_proposals=2;max_verify_calls=1;max_total_verifier_calls=3,corpus/corpus.parquet,,
sgchem_v0.3__interrupt_resume__spec_v2_cns_like_test__00001,test,interrupt_resume,L3,spec_v2_cns_like_test,ACCEPT,CC(=O)Nc1cc(C(N)=O)ccc1F,True,False,3,1,max_steps=3;max_proposals=2;max_verify_calls=1;max_total_verifier_calls=3,corpus/corpus.parquet,,
sgchem_v0.3__interrupt_resume__spec_v2_cns_like_test__00002,test,interrupt_resume,L3,spec_v2_cns_like_test,ACCEPT,CC(=O)Oc1c(N)cccc1N,True,False,3,1,max_steps=3;max_proposals=2;max_verify_calls=1;max_total_verifier_calls=3,corpus/corpus.parquet,,
sgchem_v0.3__interrupt_resume__spec_v2_cns_like_test__00003,test,interrupt_resume,L3,spec_v2_cns_like_test,ACCEPT,CC(=O)Oc1cccc(C(N)=O)c1,True,False,3,1,max_steps=3;max_proposals=2;max_verify_calls=1;max_total_verifier_calls=3,corpus/corpus.parquet,,
sgchem_v0.3__interrupt_resume__spec_v2_cns_like_test__00004,test,interrupt_resume,L3,spec_v2_cns_like_test,ACCEPT,CC(C)OC(=O)N(CCN)CCN,True,False,3,1,max_steps=3;max_proposals=2;max_verify_calls=1;max_total_verifier_calls=3,corpus/corpus.parquet,,
sgchem_v0.3__interrupt_resume__spec_v2_fragment_tight_train__00001,train,interrupt_resume,L3,spec_v2_fragment_tight_train,ACCEPT,CC(=O)Oc1cc(C(N)=O)ccc1C(N)=O,True,False,2,1,max_steps=3;max_proposals=2;max_verify_calls=1;max_total_verifier_calls=3,corpus/corpus.parquet,,
sgchem_v0.3__interrupt_resume__spec_v2_fragment_tight_train__00002,train,interrupt_resume,L3,spec_v2_fragment_tight_train,ACCEPT,CC(CF)Oc1ccccc1,True,False,2,1,max_steps=3;max_proposals=2;max_verify_calls=1;max_total_verifier_calls=3,corpus/corpus.parquet,,
sgchem_v0.3__interrupt_resume__spec_v2_fragment_tight_train__00003,train,interrupt_resume,L3,spec_v2_fragment_tight_train,ACCEPT,CC(N)C(=O)NCCO,True,False,2,1,max_steps=3;max_proposals=2;max_verify_calls=1;max_total_verifier_calls=3,corpus/corpus.parquet,,
sgchem_v0.3__interrupt_resume__spec_v2_fragment_tight_train__00004,train,interrupt_resume,L3,spec_v2_fragment_tight_train,ACCEPT,CCC(C)OCF,True,False,2,1,max_steps=3;max_proposals=2;max_verify_calls=1;max_total_verifier_calls=3,corpus/corpus.parquet,,
sgchem_v0.3__interrupt_resume__spec_v2_fragment_ultra_dev__00001,dev,interrupt_resume,L3,spec_v2_fragment_ultra_dev,ACCEPT,CC(=O)NCCN,True,False,2,1,max_steps=3;max_proposals=2;max_verify_calls=1;max_total_verifier_calls=3,corpus/corpus.parquet,,
sgchem_v0.3__interrupt_resume__spec_v2_fragment_ultra_dev__00002,dev,interrupt_resume,L3,spec_v2_fragment_ultra_dev,ACCEPT,CC(=O)Nc1ccc(C(N)=O)cc1N,True,False,2,1,max_steps=3;max_proposals=2;max_verify_calls=1;max_total_verifier_calls=3,corpus/corpus.parquet,,
sgchem_v0.3__interrupt_resume__spec_v2_fragment_ultra_dev__00003,dev,interrupt_resume,L3,spec_v2_fragment_ultra_dev,ACCEPT,CC(=O)Oc1cc(C(N)=O)cc(C(N)=O)c1,True,False,2,1,max_steps=3;max_proposals=2;max_verify_calls=1;max_total_verifier_calls=3,corpus/corpus.parquet,,
sgchem_v0.3__interrupt_resume__spec_v2_fragment_ultra_dev__00004,dev,interrupt_resume,L3,spec_v2_fragment_ultra_dev,ACCEPT,CC(C)C(N)=O,True,False,2,1,max_steps=3;max_proposals=2;max_verify_calls=1;max_total_verifier_calls=3,corpus/corpus.parquet,,
sgchem_v0.3__interrupt_resume__spec_v2_low_rotor_train__00001,train,interrupt_resume,L3,spec_v2_low_rotor_train,ACCEPT,CC(=O)OC(C)CN,True,False,2,1,max_steps=3;max_proposals=2;max_verify_calls=1;max_total_verifier_calls=3,corpus/corpus.parquet,,
sgchem_v0.3__interrupt_resume__spec_v2_low_rotor_train__00002,train,interrupt_resume,L3,spec_v2_low_rotor_train,ACCEPT,CC(C)N(CCO)CCF,True,False,2,1,max_steps=3;max_proposals=2;max_verify_calls=1;max_total_verifier_calls=3,corpus/corpus.parquet,,
sgchem_v0.3__interrupt_resume__spec_v2_low_rotor_train__00003,train,interrupt_resume,L3,spec_v2_low_rotor_train,ACCEPT,CC(N)C(=O)NCCN,True,False,2,1,max_steps=3;max_proposals=2;max_verify_calls=1;max_total_verifier_calls=3,corpus/corpus.parquet,,
sgchem_v0.3__interrupt_resume__spec_v2_low_rotor_train__00004,train,interrupt_resume,L3,spec_v2_low_rotor_train,ACCEPT,CCCCCCCCCCF,True,False,2,1,max_steps=3;max_proposals=2;max_verify_calls=1;max_total_verifier_calls=3,corpus/corpus.parquet,,
sgchem_v0.3__interrupt_resume__spec_v2_polar_bias_train__00001,train,interrupt_resume,L3,spec_v2_polar_bias_train,ACCEPT,CC(=O)OCC(C)N,True,False,2,1,max_steps=3;max_proposals=2;max_verify_calls=1;max_total_verifier_calls=3,corpus/corpus.parquet,,
sgchem_v0.3__interrupt_resume__spec_v2_polar_bias_train__00002,train,interrupt_resume,L3,spec_v2_polar_bias_train,ACCEPT,CC(CN)OC(N)=O,True,False,2,1,max_steps=3;max_proposals=2;max_verify_calls=1;max_total_verifier_calls=3,corpus/corpus.parquet,,
sgchem_v0.3__interrupt_resume__spec_v2_polar_bias_train__00003,train,interrupt_resume,L3,spec_v2_polar_bias_train,ACCEPT,CC(N)Oc1ccccc1,True,False,2,1,max_steps=3;max_proposals=2;max_verify_calls=1;max_total_verifier_calls=3,corpus/corpus.parquet,,
sgchem_v0.3__interrupt_resume__spec_v2_polar_bias_train__00004,train,interrupt_resume,L3,spec_v2_polar_bias_train,ACCEPT,CCOc1c(N)cccc1F,True,False,2,1,max_steps=3;max_proposals=2;max_verify_calls=1;max_total_verifier_calls=3,corpus/corpus.parquet,,
sgchem_v0.3__interrupt_resume__spec_v2_ro5_balanced_test__00001,test,interrupt_resume,L3,spec_v2_ro5_balanced_test,ACCEPT,CC(=O)NCC(N)CN,True,False,3,1,max_steps=3;max_proposals=2;max_verify_calls=1;max_total_verifier_calls=3,corpus/corpus.parquet,,
sgchem_v0.3__interrupt_resume__spec_v2_ro5_balanced_test__00002,test,interrupt_resume,L3,spec_v2_ro5_balanced_test,ACCEPT,CC(=O)Nc1cc(N)cc(N)c1,True,False,3,1,max_steps=3;max_proposals=2;max_verify_calls=1;max_total_verifier_calls=3,corpus/corpus.parquet,,
sgchem_v0.3__interrupt_resume__spec_v2_ro5_balanced_test__00003,test,interrupt_resume,L3,spec_v2_ro5_balanced_test,ACCEPT,CC(=O)Nc1ccc(N)c(F)c1,True,False,3,1,max_steps=3;max_proposals=2;max_verify_calls=1;max_total_verifier_calls=3,corpus/corpus.parquet,,
sgchem_v0.3__interrupt_resume__spec_v2_ro5_balanced_test__00004,test,interrupt_resume,L3,spec_v2_ro5_balanced_test,ACCEPT,CC(=O)Nc1cccc(N)c1F,True,False,3,1,max_steps=3;max_proposals=2;max_verify_calls=1;max_total_verifier_calls=3,corpus/corpus.parquet,,
sgchem_v0.3__interrupt_resume__spec_v2_sa_relaxed_dev__00001,dev,interrupt_resume,L3,spec_v2_sa_relaxed_dev,ACCEPT,CC(N)C(=O)NCCN,True,False,3,1,max_steps=3;max_proposals=2;max_verify_calls=1;max_total_verifier_calls=3,corpus/corpus.parquet,,
sgchem_v0.3__interrupt_resume__spec_v2_sa_relaxed_dev__00002,dev,interrupt_resume,L3,spec_v2_sa_relaxed_dev,ACCEPT,ClCCCl,True,False,3,1,max_steps=3;max_proposals=2;max_verify_calls=1;max_total_verifier_calls=3,corpus/corpus.parquet,,
sgchem_v0.3__interrupt_resume__spec_v2_sa_relaxed_dev__00003,dev,interrupt_resume,L3,spec_v2_sa_relaxed_dev,ACCEPT,NC(=O)c1cccc(C(N)=O)c1C(N)=O,True,False,3,1,max_steps=3;max_proposals=2;max_verify_calls=1;max_total_verifier_calls=3,corpus/corpus.parquet,,
sgchem_v0.3__interrupt_resume__spec_v2_sa_strict_test__00001,test,interrupt_resume,L3,spec_v2_sa_strict_test,ACCEPT,CC(CF)C(N)=O,True,False,3,1,max_steps=3;max_proposals=2;max_verify_calls=1;max_total_verifier_calls=3,corpus/corpus.parquet,,
sgchem_v0.3__interrupt_resume__spec_v2_sa_strict_test__00002,test,interrupt_resume,L3,spec_v2_sa_strict_test,ACCEPT,CC(Cl)C(=O)O,True,False,3,1,max_steps=3;max_proposals=2;max_verify_calls=1;max_total_verifier_calls=3,corpus/corpus.parquet,,
sgchem_v0.3__interrupt_resume__spec_v2_sa_strict_test__00003,test,interrupt_resume,L3,spec_v2_sa_strict_test,ACCEPT,CC(N)CCCl,True,False,3,1,max_steps=3;max_proposals=2;max_verify_calls=1;max_total_verifier_calls=3,corpus/corpus.parquet,,
sgchem_v0.3__repair_multi_violation__spec_v1_basic__00001,train,repair_multi_violation,L3,spec_v1_basic,ACCEPT,CC(=O)NCN,True,False,2,2,max_steps=4;max_proposals=4;max_verify_calls=4;max_total_verifier_calls=8;max_edit_cost=None,corpus/corpus.parquet,,
sgchem_v0.3__repair_multi_violation__spec_v1_basic__00002,train,repair_multi_violation,L3,spec_v1_basic,ACCEPT,CC(N)CO,True,False,2,2,max_steps=4;max_proposals=4;max_verify_calls=4;max_total_verifier_calls=8;max_edit_cost=None,corpus/corpus.parquet,,
sgchem_v0.3__repair_multi_violation__spec_v1_basic__00003,train,repair_multi_violation,L3,spec_v1_basic,ACCEPT,CCOCN,True,False,2,2,max_steps=4;max_proposals=4;max_verify_calls=4;max_total_verifier_calls=8;max_edit_cost=None,corpus/corpus.parquet,,
sgchem_v0.3__repair_multi_violation__spec_v1_basic__00004,train,repair_multi_violation,L2,spec_v1_basic,ACCEPT,COCCN,True,False,2,2,max_steps=3;max_proposals=3;max_verify_calls=0;max_total_verifier_calls=3;max_edit_cost=None,corpus/corpus.parquet,,
sgchem_v0.3__repair_multi_violation__spec_v1_basic__00005,train,repair_multi_violation,L3,spec_v1_basic,ACCEPT,NCCCCO,True,False,2,2,max_steps=4;max_proposals=4;max_verify_calls=4;max_total_verifier_calls=8;max_edit_cost=None,corpus/corpus.parquet,,
sgchem_v0.3__repair_multi_violation__spec_v1_basic__00006,train,repair_multi_violation,L3,spec_v1_basic,ACCEPT,OCCF,True,False,2,2,max_steps=4;max_proposals=4;max_verify_calls=4;max_total_verifier_calls=8;max_edit_cost=None,corpus/corpus.parquet,,
sgchem_v0.3__repair_multi_violation__spec_v1_basic__00007,train,repair_multi_violation,L3,spec_v1_basic,ACCEPT,CC(N)CN,True,False,2,2,max_steps=4;max_proposals=4;max_verify_calls=4;max_total_verifier_calls=8;max_edit_cost=None,corpus/corpus.parquet,,
sgchem_v0.3__repair_multi_violation__spec_v1_basic__00008,train,repair_multi_violation,L2,spec_v1_basic,ACCEPT,CCO,True,False,2,2,max_steps=3;max_proposals=3;max_verify_calls=0;max_total_verifier_calls=3;max_edit_cost=None,corpus/corpus.parquet,,
sgchem_v0.3__repair_multi_violation__spec_v1_basic__00009,train,repair_multi_violation,L3,spec_v1_basic,ACCEPT,COCCCN,True,False,2,2,max_steps=4;max_proposals=4;max_verify_calls=4;max_total_verifier_calls=8;max_edit_cost=None,corpus/corpus.parquet,,
sgchem_v0.3__repair_multi_violation__spec_v1_basic__00010,train,repair_multi_violation,L3,spec_v1_basic,ACCEPT,NCCCCN,True,False,2,2,max_steps=4;max_proposals=4;max_verify_calls=4;max_total_verifier_calls=8;max_edit_cost=None,corpus/corpus.parquet,,
sgchem_v0.3__repair_multi_violation__spec_v1_basic__00011,train,repair_multi_violation,L3,spec_v1_basic,ACCEPT,NCOCCF,True,False,2,2,max_steps=4;max_proposals=4;max_verify_calls=4;max_total_verifier_calls=8;max_edit_cost=None,corpus/corpus.parquet,,
sgchem_v0.3__repair_multi_violation__spec_v1_basic__00012,train,repair_multi_violation,L2,spec_v1_basic,ACCEPT,CC(N)CCO,True,False,2,2,max_steps=3;max_proposals=3;max_verify_calls=0;max_total_verifier_calls=3;max_edit_cost=None,corpus/corpus.parquet,,
sgchem_v0.3__repair_multi_violation__spec_v1_basic__00013,train,repair_multi_violation,L3,spec_v1_basic,ACCEPT,CCNCN,True,False,2,2,max_steps=4;max_proposals=4;max_verify_calls=4;max_total_verifier_calls=8;max_edit_cost=None,corpus/corpus.parquet,,
sgchem_v0.3__repair_multi_violation__spec_v1_basic__00014,train,repair_multi_violation,L3,spec_v1_basic,ACCEPT,COCC(C)N,True,False,2,2,max_steps=4;max_proposals=4;max_verify_calls=4;max_total_verifier_calls=8;max_edit_cost=None,corpus/corpus.parquet,,
sgchem_v0.3__repair_multi_violation__spec_v1_basic__00015,train,repair_multi_violation,L3,spec_v1_basic,ACCEPT,NCCC(N)=O,True,False,2,2,max_steps=4;max_proposals=4;max_verify_calls=4;max_total_verifier_calls=8;max_edit_cost=None,corpus/corpus.parquet,,
sgchem_v0.3__repair_multi_violation__spec_v1_basic__00016,train,repair_multi_violation,L2,spec_v1_basic,ACCEPT,NCNCCF,True,False,2,2,max_steps=3;max_proposals=3;max_verify_calls=0;max_total_verifier_calls=3;max_edit_cost=None,corpus/corpus.parquet,,
sgchem_v0.3__repair_multi_violation__spec_v1_basic__00017,train,repair_multi_violation,L3,spec_v1_basic,ACCEPT,CC(N)CCN,True,False,2,2,max_steps=4;max_proposals=4;max_verify_calls=4;max_total_verifier_calls=8;max_edit_cost=None,corpus/corpus.parquet,,
sgchem_v0.3__repair_multi_violation__spec_v1_basic__00018,train,repair_multi_violation,L3,spec_v1_basic,ACCEPT,CCNCCO,True,False,2,2,max_steps=4;max_proposals=4;max_verify_calls=4;max_total_verifier_calls=8;max_edit_cost=None,corpus/corpus.parquet,,
sgchem_v0.3__repair_multi_violation__spec_v1_basic__00019,train,repair_multi_violation,L3,spec_v1_basic,ACCEPT,COC(C)CN,True,False,2,2,max_steps=4;max_proposals=4;max_verify_calls=4;max_total_verifier_calls=8;max_edit_cost=None,corpus/corpus.parquet,,
sgchem_v0.3__repair_multi_violation__spec_v2_alert_soft_train__00001,train,repair_multi_violation,L3,spec_v2_alert_soft_train,ACCEPT,CNC(=O)CN,True,False,2,3,max_steps=4;max_proposals=4;max_verify_calls=4;max_total_verifier_calls=8;max_edit_cost=None,corpus/corpus.parquet,,
sgchem_v0.3__repair_multi_violation__spec_v2_alert_soft_train__00002,train,repair_multi_violation,L3,spec_v2_alert_soft_train,ACCEPT,NCC(O)CN,True,False,2,3,max_steps=4;max_proposals=4;max_verify_calls=4;max_total_verifier_calls=8;max_edit_cost=None,corpus/corpus.parquet,,
sgchem_v0.3__repair_multi_violation__spec_v2_alert_soft_train__00003,train,repair_multi_violation,L3,spec_v2_alert_soft_train,ACCEPT,NCCNCN,True,False,2,3,max_steps=4;max_proposals=4;max_verify_calls=4;max_total_verifier_calls=8;max_edit_cost=None,corpus/corpus.parquet,,
sgchem_v0.3__repair_multi_violation__spec_v2_alert_soft_train__00004,train,repair_multi_violation,L2,spec_v2_alert_soft_train,ACCEPT,CC(N)C(N)=O,True,False,2,3,max_steps=3;max_proposals=3;max_verify_calls=0;max_total_verifier_calls=3;max_edit_cost=None,corpus/corpus.parquet,,
sgchem_v0.3__repair_multi_violation__spec_v2_alert_soft_train__00005,train,repair_multi_violation,L3,spec_v2_alert_soft_train,ACCEPT,NCC(N)CN,True,False,2,3,max_steps=4;max_proposals=4;max_verify_calls=4;max_total_verifier_calls=8;max_edit_cost=None,corpus/corpus.parquet,,
sgchem_v0.3__repair_multi_violation__spec_v2_alert_soft_train__00006,train,repair_multi_violation,L3,spec_v2_alert_soft_train,ACCEPT,NCCN,True,False,2,3,max_steps=4;max_proposals=4;max_verify_calls=4;max_total_verifier_calls=8;max_edit_cost=None,corpus/corpus.parquet,,
sgchem_v0.3__repair_multi_violation__spec_v2_alert_soft_train__00007,train,repair_multi_violation,L3,spec_v2_alert_soft_train,ACCEPT,NCCOCN,True,False,2,3,max_steps=4;max_proposals=4;max_verify_calls=4;max_total_verifier_calls=8;max_edit_cost=None,corpus/corpus.parquet,,
sgchem_v0.3__repair_multi_violation__spec_v2_alert_soft_train__00008,train,repair_multi_violation,L2,spec_v2_alert_soft_train,ACCEPT,NCC(N)=O,True,False,2,3,max_steps=3;max_proposals=3;max_verify_calls=0;max_total_verifier_calls=3;max_edit_cost=None,corpus/corpus.parquet,,
sgchem_v0.3__repair_multi_violation__spec_v2_alert_soft_train__00009,train,repair_multi_violation,L3,spec_v2_alert_soft_train,ACCEPT,NCCC(N)=O,True,False,2,3,max_steps=4;max_proposals=4;max_verify_calls=4;max_total_verifier_calls=8;max_edit_cost=None,corpus/corpus.parquet,,
sgchem_v0.3__repair_multi_violation__spec_v2_alert_soft_train__00010,train,repair_multi_violation,L3,spec_v2_alert_soft_train,ACCEPT,NCCO,True,False,2,3,max_steps=4;max_proposals=4;max_verify_calls=4;max_total_verifier_calls=8;max_edit_cost=None,corpus/corpus.parquet,,
sgchem_v0.3__repair_multi_violation__spec_v2_alert_soft_train__00011,train,repair_multi_violation,L3,spec_v2_alert_soft_train,ACCEPT,CNC(=O)CN,True,False,2,3,max_steps=4;max_proposals=4;max_verify_calls=4;max_total_verifier_calls=8;max_edit_cost=None,corpus/corpus.parquet,,
sgchem_v0.3__repair_multi_violation__spec_v2_alert_soft_train__00012,train,repair_multi_violation,L2,spec_v2_alert_soft_train,ACCEPT,NCC(O)CN,True,False,2,3,max_steps=3;max_proposals=3;max_verify_calls=0;max_total_verifier_calls=3;max_edit_cost=None,corpus/corpus.parquet,,
sgchem_v0.3__repair_multi_violation__spec_v2_alert_soft_train__00013,train,repair_multi_violation,L3,spec_v2_alert_soft_train,ACCEPT,NCCNCN,True,False,2,3,max_steps=4;max_proposals=4;max_verify_calls=4;max_total_verifier_calls=8;max_edit_cost=None,corpus/corpus.parquet,,
sgchem_v0.3__repair_multi_violation__spec_v2_alert_soft_train__00014,train,repair_multi_violation,L3,spec_v2_alert_soft_train,ACCEPT,CC(N)C(N)=O,True,False,2,3,max_steps=4;max_proposals=4;max_verify_calls=4;max_total_verifier_calls=8;max_edit_cost=None,corpus/corpus.parquet,,
sgchem_v0.3__repair_multi_violation__spec_v2_alert_soft_train__00015,train,repair_multi_violation,L3,spec_v2_alert_soft_train,ACCEPT,NCC(N)CN,True,False,2,3,max_steps=4;max_proposals=4;max_verify_calls=4;max_total_verifier_calls=8;max_edit_cost=None,corpus/corpus.parquet,,
sgchem_v0.3__repair_multi_violation__spec_v2_alert_soft_train__00016,train,repair_multi_violation,L2,spec_v2_alert_soft_train,ACCEPT,NCCN,True,False,2,3,max_steps=3;max_proposals=3;max_verify_calls=0;max_total_verifier_calls=3;max_edit_cost=None,corpus/corpus.parquet,,
sgchem_v0.3__repair_multi_violation__spec_v2_alert_soft_train__00017,train,repair_multi_violation,L3,spec_v2_alert_soft_train,ACCEPT,NCCOCN,True,False,2,3,max_steps=4;max_proposals=4;max_verify_calls=4;max_total_verifier_calls=8;max_edit_cost=None,corpus/corpus.parquet,,
sgchem_v0.3__repair_multi_violation__spec_v2_alert_soft_train__00018,train,repair_multi_violation,L3,spec_v2_alert_soft_train,ACCEPT,NCC(N)=O,True,False,2,3,max_steps=4;max_proposals=4;max_verify_calls=4;max_total_verifier_calls=8;max_edit_cost=None,corpus/corpus.parquet,,
sgchem_v0.3__repair_multi_violation__spec_v2_alert_soft_train__00019,train,repair_multi_violation,L3,spec_v2_alert_soft_train,ACCEPT,NCCC(N)=O,True,False,2,3,max_steps=4;max_proposals=4;max_verify_calls=4;max_total_verifier_calls=8;max_edit_cost=None,corpus/corpus.parquet,,
sgchem_v0.3__repair_multi_violation__spec_v2_alert_strict_dev__00001,dev,repair_multi_violation,L3,spec_v2_alert_strict_dev,ACCEPT,CC(=O)Nc1ccc(N)cc1,True,False,5,1,max_steps=4;max_proposals=4;max_verify_calls=4;max_total_verifier_calls=8;max_edit_cost=None,corpus/corpus.parquet,,
sgchem_v0.3__repair_multi_violation__spec_v2_alert_strict_dev__00002,dev,repair_multi_violation,L3,spec_v2_alert_strict_dev,ACCEPT,CC(N)C(N)=O,True,False,5,1,max_steps=4;max_proposals=4;max_verify_calls=4;max_total_verifier_calls=8;max_edit_cost=None,corpus/corpus.parquet,,
sgchem_v0.3__repair_multi_violation__spec_v2_alert_strict_dev__00003,dev,repair_multi_violation,L3,spec_v2_alert_strict_dev,ACCEPT,CCCCCO,True,False,5,1,max_steps=4;max_proposals=4;max_verify_calls=4;max_total_verifier_calls=8;max_edit_cost=None,corpus/corpus.parquet,,
sgchem_v0.3__repair_multi_violation__spec_v2_alert_strict_dev__00004,dev,repair_multi_violation,L2,spec_v2_alert_strict_dev,ACCEPT,CCNCF,True,False,5,1,max_steps=3;max_proposals=3;max_verify_calls=0;max_total_verifier_calls=3;max_edit_cost=None,corpus/corpus.parquet,,
sgchem_v0.3__repair_multi_violation__spec_v2_alert_strict_dev__00005,dev,repair_multi_violation,L3,spec_v2_alert_strict_dev,ACCEPT,COCCCl,True,False,5,1,max_steps=4;max_proposals=4;max_verify_calls=4;max_total_verifier_calls=8;max_edit_cost=None,corpus/corpus.parquet,,
sgchem_v0.3__repair_multi_violation__spec_v2_alert_strict_dev__00006,dev,repair_multi_violation,L3,spec_v2_alert_strict_dev,ACCEPT,NC(=O)c1cc(C=C2SC(=S)NC2=O)ccc1Cl,True,False,5,1,max_steps=4;max_proposals=4;max_verify_calls=4;max_total_verifier_calls=8;max_edit_cost=None,corpus/corpus.parquet,,
sgchem_v0.3__repair_multi_violation__spec_v2_alert_strict_dev__00007,dev,repair_multi_violation,L3,spec_v2_alert_strict_dev,ACCEPT,NC(=O)c1ccc(C=C2SC(=S)NC2=O)c(N)c1,True,False,5,1,max_steps=4;max_proposals=4;max_verify_calls=4;max_total_verifier_calls=8;max_edit_cost=None,corpus/corpus.parquet,,
sgchem_v0.3__repair_multi_violation__spec_v2_alert_strict_dev__00008,dev,repair_multi_violation,L2,spec_v2_alert_strict_dev,ACCEPT,NC(=O)c1cccc(C=C2SC(=S)NC2=O)c1,True,False,5,1,max_steps=3;max_proposals=3;max_verify_calls=0;max_total_verifier_calls=3;max_edit_cost=None,corpus/corpus.parquet,,
sgchem_v0.3__repair_multi_violation__spec_v2_alert_strict_dev__00009,dev,repair_multi_violation,L3,spec_v2_alert_strict_dev,ACCEPT,NCC(N)CN,True,False,5,1,max_steps=4;max_proposals=4;max_verify_calls=4;max_total_verifier_calls=8;max_edit_cost=None,corpus/corpus.parquet,,
sgchem_v0.3__repair_multi_violation__spec_v2_alert_strict_dev__00010,dev,repair_multi_violation,L3,spec_v2_alert_strict_dev,ACCEPT,NCCO,True,False,5,1,max_steps=4;max_proposals=4;max_verify_calls=4;max_total_verifier_calls=8;max_edit_cost=None,corpus/corpus.parquet,,
sgchem_v0.3__repair_multi_violation__spec_v2_alert_strict_dev__00011,dev,repair_multi_violation,L3,spec_v2_alert_strict_dev,ACCEPT,Nc1cc(C=C2SC(=S)NC2=O)ccc1Cl,True,False,5,1,max_steps=4;max_proposals=4;max_verify_calls=4;max_total_verifier_calls=8;max_edit_cost=None,corpus/corpus.parquet,,
sgchem_v0.3__repair_multi_violation__spec_v2_alert_strict_dev__00012,dev,repair_multi_violation,L2,spec_v2_alert_strict_dev,ACCEPT,Nc1ccc(C=C2SC(=S)NC2=O)cc1N,True,False,5,1,max_steps=3;max_proposals=3;max_verify_calls=0;max_total_verifier_calls=3;max_edit_cost=None,corpus/corpus.parquet,,
sgchem_v0.3__repair_multi_violation__spec_v2_alert_strict_dev__00013,dev,repair_multi_violation,L3,spec_v2_alert_strict_dev,ACCEPT,Nc1ccc(OCCF)cc1,True,False,5,1,max_steps=4;max_proposals=4;max_verify_calls=4;max_total_verifier_calls=8;max_edit_cost=None,corpus/corpus.parquet,,
sgchem_v0.3__repair_multi_violation__spec_v2_alert_strict_dev__00014,dev,repair_multi_violation,L3,spec_v2_alert_strict_dev,ACCEPT,O=C1C=CC(=O)C=C1,True,False,5,1,max_steps=4;max_proposals=4;max_verify_calls=4;max_total_verifier_calls=8;max_edit_cost=None,corpus/corpus.parquet,,
sgchem_v0.3__repair_multi_violation__spec_v2_alert_strict_dev__00015,dev,repair_multi_violation,L3,spec_v2_alert_strict_dev,ACCEPT,O=C1NC(=S)SC1=Cc1ccc(Cl)cc1,True,False,5,1,max_steps=4;max_proposals=4;max_verify_calls=4;max_total_verifier_calls=8;max_edit_cost=None,corpus/corpus.parquet,,
sgchem_v0.3__repair_multi_violation__spec_v2_alert_strict_dev__00016,dev,repair_multi_violation,L2,spec_v2_alert_strict_dev,ACCEPT,O=C1NC(=S)SC1=Cc1cccc(F)c1F,True,False,5,1,max_steps=3;max_proposals=3;max_verify_calls=0;max_total_verifier_calls=3;max_edit_cost=None,corpus/corpus.parquet,,
sgchem_v0.3__repair_multi_violation__spec_v2_alert_strict_dev__00017,dev,repair_multi_violation,L3,spec_v2_alert_strict_dev,ACCEPT,CC(C)NCF,True,False,5,1,max_steps=4;max_proposals=4;max_verify_calls=4;max_total_verifier_calls=8;max_edit_cost=None,corpus/corpus.parquet,,
sgchem_v0.3__repair_multi_violation__spec_v2_alert_strict_dev__00018,dev,repair_multi_violation,L3,spec_v2_alert_strict_dev,ACCEPT,CC(N)CNCCO,True,False,5,1,max_steps=4;max_proposals=4;max_verify_calls=4;max_total_verifier_calls=8;max_edit_cost=None,corpus/corpus.parquet,,
sgchem_v0.3__repair_multi_violation__spec_v2_alert_strict_dev__00019,dev,repair_multi_violation,L3,spec_v2_alert_strict_dev,ACCEPT,CCCOCF,True,False,5,1,max_steps=4;max_proposals=4;max_verify_calls=4;max_total_verifier_calls=8;max_edit_cost=None,corpus/corpus.parquet,,
sgchem_v0.3__repair_multi_violation__spec_v2_amide_friendly_dev__00001,dev,repair_multi_violation,L3,spec_v2_amide_friendly_dev,ACCEPT,CC(C)F,True,False,2,2,max_steps=4;max_proposals=4;max_verify_calls=4;max_total_verifier_calls=8;max_edit_cost=None,corpus/corpus.parquet,,
sgchem_v0.3__repair_multi_violation__spec_v2_amide_friendly_dev__00002,dev,repair_multi_violation,L3,spec_v2_amide_friendly_dev,ACCEPT,CCCC,True,False,2,2,max_steps=4;max_proposals=4;max_verify_calls=4;max_total_verifier_calls=8;max_edit_cost=None,corpus/corpus.parquet,,
sgchem_v0.3__repair_multi_violation__spec_v2_amide_friendly_dev__00003,dev,repair_multi_violation,L3,spec_v2_amide_friendly_dev,ACCEPT,CCCCCF,True,False,2,2,max_steps=4;max_proposals=4;max_verify_calls=4;max_total_verifier_calls=8;max_edit_cost=None,corpus/corpus.parquet,,
sgchem_v0.3__repair_multi_violation__spec_v2_amide_friendly_dev__00004,dev,repair_multi_violation,L2,spec_v2_amide_friendly_dev,ACCEPT,CN(CN)CCN,True,False,2,2,max_steps=3;max_proposals=3;max_verify_calls=0;max_total_verifier_calls=3;max_edit_cost=None,corpus/corpus.parquet,,
sgchem_v0.3__repair_multi_violation__spec_v2_amide_friendly_dev__00005,dev,repair_multi_violation,L3,spec_v2_amide_friendly_dev,ACCEPT,NCC(N)C(=O)O,True,False,2,2,max_steps=4;max_proposals=4;max_verify_calls=4;max_total_verifier_calls=8;max_edit_cost=None,corpus/corpus.parquet,,
sgchem_v0.3__repair_multi_violation__spec_v2_amide_friendly_dev__00006,dev,repair_multi_violation,L3,spec_v2_amide_friendly_dev,ACCEPT,NCNC(=O)CN,True,False,2,2,max_steps=4;max_proposals=4;max_verify_calls=4;max_total_verifier_calls=8;max_edit_cost=None,corpus/corpus.parquet,,
sgchem_v0.3__repair_multi_violation__spec_v2_amide_friendly_dev__00007,dev,repair_multi_violation,L3,spec_v2_amide_friendly_dev,ACCEPT,CC(N)C(N)=O,True,False,2,2,max_steps=4;max_proposals=4;max_verify_calls=4;max_total_verifier_calls=8;max_edit_cost=None,corpus/corpus.parquet,,
sgchem_v0.3__repair_multi_violation__spec_v2_amide_friendly_dev__00008,dev,repair_multi_violation,L2,spec_v2_amide_friendly_dev,ACCEPT,CCCCCCCCCCCCF,True,False,2,2,max_steps=3;max_proposals=3;max_verify_calls=0;max_total_verifier_calls=3;max_edit_cost=None,corpus/corpus.parquet,,
sgchem_v0.3__repair_multi_violation__spec_v2_amide_friendly_dev__00009,dev,repair_multi_violation,L3,spec_v2_amide_friendly_dev,ACCEPT,CCNC(CN)CO,True,False,2,2,max_steps=4;max_proposals=4;max_verify_calls=4;max_total_verifier_calls=8;max_edit_cost=None,corpus/corpus.parquet,,
sgchem_v0.3__repair_multi_violation__spec_v2_amide_friendly_dev__00010,dev,repair_multi_violation,L3,spec_v2_amide_friendly_dev,ACCEPT,Fc1ccccc1,True,False,2,2,max_steps=4;max_proposals=4;max_verify_calls=4;max_total_verifier_calls=8;max_edit_cost=None,corpus/corpus.parquet,,
sgchem_v0.3__repair_multi_violation__spec_v2_amide_friendly_dev__00011,dev,repair_multi_violation,L3,spec_v2_amide_friendly_dev,ACCEPT,NCCNCN,True,False,2,2,max_steps=4;max_proposals=4;max_verify_calls=4;max_total_verifier_calls=8;max_edit_cost=None,corpus/corpus.parquet,,
sgchem_v0.3__repair_multi_violation__spec_v2_amide_friendly_dev__00012,dev,repair_multi_violation,L2,spec_v2_amide_friendly_dev,ACCEPT,CC(CO)NCCN,True,False,2,2,max_steps=3;max_proposals=3;max_verify_calls=0;max_total_verifier_calls=3;max_edit_cost=None,corpus/corpus.parquet,,
sgchem_v0.3__repair_multi_violation__spec_v2_amide_friendly_dev__00013,dev,repair_multi_violation,L3,spec_v2_amide_friendly_dev,ACCEPT,CCCCCCC,True,False,2,2,max_steps=4;max_proposals=4;max_verify_calls=4;max_total_verifier_calls=8;max_edit_cost=None,corpus/corpus.parquet,,
sgchem_v0.3__repair_multi_violation__spec_v2_amide_friendly_dev__00014,dev,repair_multi_violation,L3,spec_v2_amide_friendly_dev,ACCEPT,CCCCl,True,False,2,2,max_steps=4;max_proposals=4;max_verify_calls=4;max_total_verifier_calls=8;max_edit_cost=None,corpus/corpus.parquet,,
sgchem_v0.3__repair_multi_violation__spec_v2_amide_friendly_dev__00015,dev,repair_multi_violation,L3,spec_v2_amide_friendly_dev,ACCEPT,Clc1ccccc1,True,False,2,2,max_steps=4;max_proposals=4;max_verify_calls=4;max_total_verifier_calls=8;max_edit_cost=None,corpus/corpus.parquet,,
sgchem_v0.3__repair_multi_violation__spec_v2_amide_friendly_dev__00016,dev,repair_multi_violation,L2,spec_v2_amide_friendly_dev,ACCEPT,NCCC(N)=O,True,False,2,2,max_steps=3;max_proposals=3;max_verify_calls=0;max_total_verifier_calls=3;max_edit_cost=None,corpus/corpus.parquet,,
sgchem_v0.3__repair_multi_violation__spec_v2_amide_friendly_dev__00017,dev,repair_multi_violation,L3,spec_v2_amide_friendly_dev,ACCEPT,CC,True,False,2,2,max_steps=4;max_proposals=4;max_verify_calls=4;max_total_verifier_calls=8;max_edit_cost=None,corpus/corpus.parquet,,
sgchem_v0.3__repair_multi_violation__spec_v2_amide_friendly_dev__00018,dev,repair_multi_violation,L3,spec_v2_amide_friendly_dev,ACCEPT,CC(O)CNCCN,True,False,2,2,max_steps=4;max_proposals=4;max_verify_calls=4;max_total_verifier_calls=8;max_edit_cost=None,corpus/corpus.parquet,,
sgchem_v0.3__repair_multi_violation__spec_v2_amide_friendly_dev__00019,dev,repair_multi_violation,L3,spec_v2_amide_friendly_dev,ACCEPT,CCCCCCF,True,False,2,2,max_steps=4;max_proposals=4;max_verify_calls=4;max_total_verifier_calls=8;max_edit_cost=None,corpus/corpus.parquet,,
sgchem_v0.3__repair_multi_violation__spec_v2_aromatic_pref_test__00001,test,repair_multi_violation,L3,spec_v2_aromatic_pref_test,ACCEPT,NCC(O)CN,True,False,2,1,max_steps=4;max_proposals=4;max_verify_calls=4;max_total_verifier_calls=8;max_edit_cost=None,corpus/corpus.parquet,,
sgchem_v0.3__repair_multi_violation__spec_v2_aromatic_pref_test__00002,test,repair_multi_violation,L3,spec_v2_aromatic_pref_test,ACCEPT,NCCNCN,True,False,2,1,max_steps=4;max_proposals=4;max_verify_calls=4;max_total_verifier_calls=8;max_edit_cost=None,corpus/corpus.parquet,,
sgchem_v0.3__repair_multi_violation__spec_v2_aromatic_pref_test__00003,test,repair_multi_violation,L3,spec_v2_aromatic_pref_test,ACCEPT,CC(N)C(N)=O,True,False,2,1,max_steps=4;max_proposals=4;max_verify_calls=4;max_total_verifier_calls=8;max_edit_cost=None,corpus/corpus.parquet,,
sgchem_v0.3__repair_multi_violation__spec_v2_aromatic_pref_test__00004,test,repair_multi_violation,L2,spec_v2_aromatic_pref_test,ACCEPT,NCC(N)CN,True,False,2,1,max_steps=3;max_proposals=3;max_verify_calls=0;max_total_verifier_calls=3;max_edit_cost=None,corpus/corpus.parquet,,
sgchem_v0.3__repair_multi_violation__spec_v2_aromatic_pref_test__00005,test,repair_multi_violation,L3,spec_v2_aromatic_pref_test,ACCEPT,NCCN,True,False,2,1,max_steps=4;max_proposals=4;max_verify_calls=4;max_total_verifier_calls=8;max_edit_cost=None,corpus/corpus.parquet,,
sgchem_v0.3__repair_multi_violation__spec_v2_aromatic_pref_test__00006,test,repair_multi_violation,L3,spec_v2_aromatic_pref_test,ACCEPT,NCCOCN,True,False,2,1,max_steps=4;max_proposals=4;max_verify_calls=4;max_total_verifier_calls=8;max_edit_cost=None,corpus/corpus.parquet,,
sgchem_v0.3__repair_multi_violation__spec_v2_aromatic_pref_test__00007,test,repair_multi_violation,L3,spec_v2_aromatic_pref_test,ACCEPT,NCC(N)=O,True,False,2,1,max_steps=4;max_proposals=4;max_verify_calls=4;max_total_verifier_calls=8;max_edit_cost=None,corpus/corpus.parquet,,
sgchem_v0.3__repair_multi_violation__spec_v2_aromatic_pref_test__00008,test,repair_multi_violation,L2,spec_v2_aromatic_pref_test,ACCEPT,NCCC(N)=O,True,False,2,1,max_steps=3;max_proposals=3;max_verify_calls=0;max_total_verifier_calls=3;max_edit_cost=None,corpus/corpus.parquet,,
sgchem_v0.3__repair_multi_violation__spec_v2_aromatic_pref_test__00009,test,repair_multi_violation,L3,spec_v2_aromatic_pref_test,ACCEPT,NCCO,True,False,2,1,max_steps=4;max_proposals=4;max_verify_calls=4;max_total_verifier_calls=8;max_edit_cost=None,corpus/corpus.parquet,,
sgchem_v0.3__repair_multi_violation__spec_v2_aromatic_pref_test__00010,test,repair_multi_violation,L3,spec_v2_aromatic_pref_test,ACCEPT,CNC(=O)CN,True,False,2,1,max_steps=4;max_proposals=4;max_verify_calls=4;max_total_verifier_calls=8;max_edit_cost=None,corpus/corpus.parquet,,
sgchem_v0.3__repair_multi_violation__spec_v2_aromatic_pref_test__00011,test,repair_multi_violation,L3,spec_v2_aromatic_pref_test,ACCEPT,NCC(O)CN,True,False,2,1,max_steps=4;max_proposals=4;max_verify_calls=4;max_total_verifier_calls=8;max_edit_cost=None,corpus/corpus.parquet,,
sgchem_v0.3__repair_multi_violation__spec_v2_aromatic_pref_test__00012,test,repair_multi_violation,L2,spec_v2_aromatic_pref_test,ACCEPT,NCCNCN,True,False,2,1,max_steps=3;max_proposals=3;max_verify_calls=0;max_total_verifier_calls=3;max_edit_cost=None,corpus/corpus.parquet,,
sgchem_v0.3__repair_multi_violation__spec_v2_aromatic_pref_test__00013,test,repair_multi_violation,L3,spec_v2_aromatic_pref_test,ACCEPT,CC(N)C(N)=O,True,False,2,1,max_steps=4;max_proposals=4;max_verify_calls=4;max_total_verifier_calls=8;max_edit_cost=None,corpus/corpus.parquet,,
sgchem_v0.3__repair_multi_violation__spec_v2_aromatic_pref_test__00014,test,repair_multi_violation,L3,spec_v2_aromatic_pref_test,ACCEPT,NCC(N)CN,True,False,2,1,max_steps=4;max_proposals=4;max_verify_calls=4;max_total_verifier_calls=8;max_edit_cost=None,corpus/corpus.parquet,,
sgchem_v0.3__repair_multi_violation__spec_v2_aromatic_pref_test__00015,test,repair_multi_violation,L3,spec_v2_aromatic_pref_test,ACCEPT,NCCN,True,False,2,1,max_steps=4;max_proposals=4;max_verify_calls=4;max_total_verifier_calls=8;max_edit_cost=None,corpus/corpus.parquet,,
sgchem_v0.3__repair_multi_violation__spec_v2_aromatic_pref_test__00016,test,repair_multi_violation,L2,spec_v2_aromatic_pref_test,ACCEPT,NCCOCN,True,False,2,1,max_steps=3;max_proposals=3;max_verify_calls=0;max_total_verifier_calls=3;max_edit_cost=None,corpus/corpus.parquet,,
sgchem_v0.3__repair_multi_violation__spec_v2_aromatic_pref_test__00017,test,repair_multi_violation,L3,spec_v2_aromatic_pref_test,ACCEPT,NCC(N)=O,True,False,2,1,max_steps=4;max_proposals=4;max_verify_calls=4;max_total_verifier_calls=8;max_edit_cost=None,corpus/corpus.parquet,,
sgchem_v0.3__repair_multi_violation__spec_v2_aromatic_pref_test__00018,test,repair_multi_violation,L3,spec_v2_aromatic_pref_test,ACCEPT,NCCC(N)=O,True,False,2,1,max_steps=4;max_proposals=4;max_verify_calls=4;max_total_verifier_calls=8;max_edit_cost=None,corpus/corpus.parquet,,
sgchem_v0.3__repair_multi_violation__spec_v2_aromatic_pref_test__00019,test,repair_multi_violation,L3,spec_v2_aromatic_pref_test,ACCEPT,NCCO,True,False,2,1,max_steps=4;max_proposals=4;max_verify_calls=4;max_total_verifier_calls=8;max_edit_cost=None,corpus/corpus.parquet,,
sgchem_v0.3__repair_multi_violation__spec_v2_cns_like_test__00001,test,repair_multi_violation,L3,spec_v2_cns_like_test,ACCEPT,CC(=O)NC(C)CO,True,False,3,1,max_steps=4;max_proposals=4;max_verify_calls=4;max_total_verifier_calls=8;max_edit_cost=None,corpus/corpus.parquet,,
sgchem_v0.3__repair_multi_violation__spec_v2_cns_like_test__00002,test,repair_multi_violation,L3,spec_v2_cns_like_test,ACCEPT,CC(=O)NCC(O)CN,True,False,3,1,max_steps=4;max_proposals=4;max_verify_calls=4;max_total_verifier_calls=8;max_edit_cost=None,corpus/corpus.parquet,,
sgchem_v0.3__repair_multi_violation__spec_v2_cns_like_test__00003,test,repair_multi_violation,L3,spec_v2_cns_like_test,ACCEPT,CC(=O)Nc1cc(N)cc(N)c1,True,False,3,1,max_steps=4;max_proposals=4;max_verify_calls=4;max_total_verifier_calls=8;max_edit_cost=None,corpus/corpus.parquet,,
sgchem_v0.3__repair_multi_violation__spec_v2_cns_like_test__00004,test,repair_multi_violation,L2,spec_v2_cns_like_test,ACCEPT,CC(=O)Nc1cccc(N)c1C(N)=O,True,False,3,1,max_steps=3;max_proposals=3;max_verify_calls=0;max_total_verifier_calls=3;max_edit_cost=None,corpus/corpus.parquet,,
sgchem_v0.3__repair_multi_violation__spec_v2_cns_like_test__00005,test,repair_multi_violation,L3,spec_v2_cns_like_test,ACCEPT,CC(=O)Oc1cc(C(N)=O)cc(C(N)=O)c1,True,False,3,1,max_steps=4;max_proposals=4;max_verify_calls=4;max_total_verifier_calls=8;max_edit_cost=None,corpus/corpus.parquet,,
sgchem_v0.3__repair_multi_violation__spec_v2_cns_like_test__00006,test,repair_multi_violation,L3,spec_v2_cns_like_test,ACCEPT,CC(=O)Oc1cccc(N)c1C(N)=O,True,False,3,1,max_steps=4;max_proposals=4;max_verify_calls=4;max_total_verifier_calls=8;max_edit_cost=None,corpus/corpus.parquet,,
sgchem_v0.3__repair_multi_violation__spec_v2_cns_like_test__00007,test,repair_multi_violation,L3,spec_v2_cns_like_test,ACCEPT,CC(C)N(C)C,True,False,3,1,max_steps=4;max_proposals=4;max_verify_calls=4;max_total_verifier_calls=8;max_edit_cost=None,corpus/corpus.parquet,,
sgchem_v0.3__repair_multi_violation__spec_v2_cns_like_test__00008,test,repair_multi_violation,L2,spec_v2_cns_like_test,ACCEPT,CC(C)NCF,True,False,3,1,max_steps=3;max_proposals=3;max_verify_calls=0;max_total_verifier_calls=3;max_edit_cost=None,corpus/corpus.parquet,,
sgchem_v0.3__repair_multi_violation__spec_v2_cns_like_test__00009,test,repair_multi_violation,L3,spec_v2_cns_like_test,ACCEPT,CC(CCl)C(=O)O,True,False,3,1,max_steps=4;max_proposals=4;max_verify_calls=4;max_total_verifier_calls=8;max_edit_cost=None,corpus/corpus.parquet,,
sgchem_v0.3__repair_multi_violation__spec_v2_cns_like_test__00010,test,repair_multi_violation,L3,spec_v2_cns_like_test,ACCEPT,CC(CF)OC(N)=O,True,False,3,1,max_steps=4;max_proposals=4;max_verify_calls=4;max_total_verifier_calls=8;max_edit_cost=None,corpus/corpus.parquet,,
sgchem_v0.3__repair_multi_violation__spec_v2_cns_like_test__00011,test,repair_multi_violation,L3,spec_v2_cns_like_test,ACCEPT,CC(CN)NCCCl,True,False,3,1,max_steps=4;max_proposals=4;max_verify_calls=4;max_total_verifier_calls=8;max_edit_cost=None,corpus/corpus.parquet,,
sgchem_v0.3__repair_multi_violation__spec_v2_cns_like_test__00012,test,repair_multi_violation,L2,spec_v2_cns_like_test,ACCEPT,CC(CO)NCCCl,True,False,3,1,max_steps=3;max_proposals=3;max_verify_calls=0;max_total_verifier_calls=3;max_edit_cost=None,corpus/corpus.parquet,,
sgchem_v0.3__repair_multi_violation__spec_v2_cns_like_test__00013,test,repair_multi_violation,L3,spec_v2_cns_like_test,ACCEPT,CC(Cl)CNCCO,True,False,3,1,max_steps=4;max_proposals=4;max_verify_calls=4;max_total_verifier_calls=8;max_edit_cost=None,corpus/corpus.parquet,,
sgchem_v0.3__repair_multi_violation__spec_v2_cns_like_test__00014,test,repair_multi_violation,L3,spec_v2_cns_like_test,ACCEPT,CC(F)CF,True,False,3,1,max_steps=4;max_proposals=4;max_verify_calls=4;max_total_verifier_calls=8;max_edit_cost=None,corpus/corpus.parquet,,
sgchem_v0.3__repair_multi_violation__spec_v2_cns_like_test__00015,test,repair_multi_violation,L3,spec_v2_cns_like_test,ACCEPT,CC(N)C(C)Cl,True,False,3,1,max_steps=4;max_proposals=4;max_verify_calls=4;max_total_verifier_calls=8;max_edit_cost=None,corpus/corpus.parquet,,
sgchem_v0.3__repair_multi_violation__spec_v2_cns_like_test__00016,test,repair_multi_violation,L2,spec_v2_cns_like_test,ACCEPT,CC(N)CCl,True,False,3,1,max_steps=3;max_proposals=3;max_verify_calls=0;max_total_verifier_calls=3;max_edit_cost=None,corpus/corpus.parquet,,
sgchem_v0.3__repair_multi_violation__spec_v2_cns_like_test__00017,test,repair_multi_violation,L3,spec_v2_cns_like_test,ACCEPT,CC(N)COC(N)=O,True,False,3,1,max_steps=4;max_proposals=4;max_verify_calls=4;max_total_verifier_calls=8;max_edit_cost=None,corpus/corpus.parquet,,
sgchem_v0.3__repair_multi_violation__spec_v2_cns_like_test__00018,test,repair_multi_violation,L3,spec_v2_cns_like_test,ACCEPT,CC(O)CNC(=O)CN,True,False,3,1,max_steps=4;max_proposals=4;max_verify_calls=4;max_total_verifier_calls=8;max_edit_cost=None,corpus/corpus.parquet,,
sgchem_v0.3__repair_multi_violation__spec_v2_cns_like_test__00019,test,repair_multi_violation,L3,spec_v2_cns_like_test,ACCEPT,CCC(C)O,True,False,3,1,max_steps=4;max_proposals=4;max_verify_calls=4;max_total_verifier_calls=8;max_edit_cost=None,corpus/corpus.parquet,,
sgchem_v0.3__repair_multi_violation__spec_v2_fragment_tight_train__00001,train,repair_multi_violation,L3,spec_v2_fragment_tight_train,ACCEPT,CC(C)Oc1ccccc1Cl,True,False,2,1,max_steps=4;max_proposals=4;max_verify_calls=4;max_total_verifier_calls=8;max_edit_cost=None,corpus/corpus.parquet,,
sgchem_v0.3__repair_multi_violation__spec_v2_fragment_tight_train__00002,train,repair_multi_violation,L3,spec_v2_fragment_tight_train,ACCEPT,CCCCCCCCCCCCO,True,False,2,1,max_steps=4;max_proposals=4;max_verify_calls=4;max_total_verifier_calls=8;max_edit_cost=None,corpus/corpus.parquet,,
sgchem_v0.3__repair_multi_violation__spec_v2_fragment_tight_train__00003,train,repair_multi_violation,L3,spec_v2_fragment_tight_train,ACCEPT,CCCCCCCCl,True,False,2,1,max_steps=4;max_proposals=4;max_verify_calls=4;max_total_verifier_calls=8;max_edit_cost=None,corpus/corpus.parquet,,
sgchem_v0.3__repair_multi_violation__spec_v2_fragment_tight_train__00004,train,repair_multi_violation,L2,spec_v2_fragment_tight_train,ACCEPT,CCOc1ccc(Cl)c(Cl)c1,True,False,2,1,max_steps=3;max_proposals=3;max_verify_calls=0;max_total_verifier_calls=3;max_edit_cost=None,corpus/corpus.parquet,,
sgchem_v0.3__repair_multi_violation__spec_v2_fragment_tight_train__00005,train,repair_multi_violation,L3,spec_v2_fragment_tight_train,ACCEPT,COc1cccc(Cl)c1Cl,True,False,2,1,max_steps=4;max_proposals=4;max_verify_calls=4;max_total_verifier_calls=8;max_edit_cost=None,corpus/corpus.parquet,,
sgchem_v0.3__repair_multi_violation__spec_v2_fragment_tight_train__00006,train,repair_multi_violation,L3,spec_v2_fragment_tight_train,ACCEPT,NC(=O)c1cc(C(N)=O)cc(C(N)=O)c1,True,False,2,1,max_steps=4;max_proposals=4;max_verify_calls=4;max_total_verifier_calls=8;max_edit_cost=None,corpus/corpus.parquet,,
sgchem_v0.3__repair_multi_violation__spec_v2_fragment_tight_train__00007,train,repair_multi_violation,L3,spec_v2_fragment_tight_train,ACCEPT,NC(=O)c1ccnc(N)c1C(N)=O,True,False,2,1,max_steps=4;max_proposals=4;max_verify_calls=4;max_total_verifier_calls=8;max_edit_cost=None,corpus/corpus.parquet,,
sgchem_v0.3__repair_multi_violation__spec_v2_fragment_tight_train__00008,train,repair_multi_violation,L2,spec_v2_fragment_tight_train,ACCEPT,c1ccccc1,True,False,2,1,max_steps=3;max_proposals=3;max_verify_calls=0;max_total_verifier_calls=3;max_edit_cost=None,corpus/corpus.parquet,,
sgchem_v0.3__repair_multi_violation__spec_v2_fragment_tight_train__00009,train,repair_multi_violation,L3,spec_v2_fragment_tight_train,ACCEPT,CCCCCCCCC,True,False,2,1,max_steps=4;max_proposals=4;max_verify_calls=4;max_total_verifier_calls=8;max_edit_cost=None,corpus/corpus.parquet,,
sgchem_v0.3__repair_multi_violation__spec_v2_fragment_tight_train__00010,train,repair_multi_violation,L3,spec_v2_fragment_tight_train,ACCEPT,CCCCCCCCCCF,True,False,2,1,max_steps=4;max_proposals=4;max_verify_calls=4;max_total_verifier_calls=8;max_edit_cost=None,corpus/corpus.parquet,,
sgchem_v0.3__repair_multi_violation__spec_v2_fragment_tight_train__00011,train,repair_multi_violation,L3,spec_v2_fragment_tight_train,ACCEPT,CCF,True,False,2,1,max_steps=4;max_proposals=4;max_verify_calls=4;max_total_verifier_calls=8;max_edit_cost=None,corpus/corpus.parquet,,
sgchem_v0.3__repair_multi_violation__spec_v2_fragment_tight_train__00012,train,repair_multi_violation,L2,spec_v2_fragment_tight_train,ACCEPT,COC(C)C,True,False,2,1,max_steps=3;max_proposals=3;max_verify_calls=0;max_total_verifier_calls=3;max_edit_cost=None,corpus/corpus.parquet,,
sgchem_v0.3__repair_multi_violation__spec_v2_fragment_tight_train__00013,train,repair_multi_violation,L3,spec_v2_fragment_tight_train,ACCEPT,Fc1cc(Cl)cc(Cl)c1,True,False,2,1,max_steps=4;max_proposals=4;max_verify_calls=4;max_total_verifier_calls=8;max_edit_cost=None,corpus/corpus.parquet,,
sgchem_v0.3__repair_multi_violation__spec_v2_fragment_tight_train__00014,train,repair_multi_violation,L3,spec_v2_fragment_tight_train,ACCEPT,NC(=O)c1ccc(C=C2SC(=S)NC2=O)c(C(N)=O)c1,True,False,2,1,max_steps=4;max_proposals=4;max_verify_calls=4;max_total_verifier_calls=8;max_edit_cost=None,corpus/corpus.parquet,,
sgchem_v0.3__repair_multi_violation__spec_v2_fragment_tight_train__00015,train,repair_multi_violation,L3,spec_v2_fragment_tight_train,ACCEPT,NCCO,True,False,2,1,max_steps=4;max_proposals=4;max_verify_calls=4;max_total_verifier_calls=8;max_edit_cost=None,corpus/corpus.parquet,,
sgchem_v0.3__repair_multi_violation__spec_v2_fragment_tight_train__00016,train,repair_multi_violation,L2,spec_v2_fragment_tight_train,ACCEPT,CC(C)Oc1cccc(Cl)c1,True,False,2,1,max_steps=3;max_proposals=3;max_verify_calls=0;max_total_verifier_calls=3;max_edit_cost=None,corpus/corpus.parquet,,
sgchem_v0.3__repair_multi_violation__spec_v2_fragment_tight_train__00017,train,repair_multi_violation,L3,spec_v2_fragment_tight_train,ACCEPT,CCCCCCCCCCCCN,True,False,2,1,max_steps=4;max_proposals=4;max_verify_calls=4;max_total_verifier_calls=8;max_edit_cost=None,corpus/corpus.parquet,,
sgchem_v0.3__repair_multi_violation__spec_v2_fragment_tight_train__00018,train,repair_multi_violation,L3,spec_v2_fragment_tight_train,ACCEPT,CCCCCCCCF,True,False,2,1,max_steps=4;max_proposals=4;max_verify_calls=4;max_total_verifier_calls=8;max_edit_cost=None,corpus/corpus.parquet,,
sgchem_v0.3__repair_multi_violation__spec_v2_fragment_ultra_dev__00001,dev,repair_multi_violation,L3,spec_v2_fragment_ultra_dev,ACCEPT,CC(=O)Nc1cc(C(N)=O)ccc1C(N)=O,True,False,2,1,max_steps=4;max_proposals=4;max_verify_calls=4;max_total_verifier_calls=8;max_edit_cost=None,corpus/corpus.parquet,,
sgchem_v0.3__repair_multi_violation__spec_v2_fragment_ultra_dev__00002,dev,repair_multi_violation,L3,spec_v2_fragment_ultra_dev,ACCEPT,CC(N)C(=O)NCCO,True,False,2,1,max_steps=4;max_proposals=4;max_verify_calls=4;max_total_verifier_calls=8;max_edit_cost=None,corpus/corpus.parquet,,
sgchem_v0.3__repair_multi_violation__spec_v2_fragment_ultra_dev__00003,dev,repair_multi_violation,L3,spec_v2_fragment_ultra_dev,ACCEPT,CCCCCC,True,False,2,1,max_steps=4;max_proposals=4;max_verify_calls=4;max_total_verifier_calls=8;max_edit_cost=None,corpus/corpus.parquet,,
sgchem_v0.3__repair_multi_violation__spec_v2_fragment_ultra_dev__00004,dev,repair_multi_violation,L2,spec_v2_fragment_ultra_dev,ACCEPT,CCCCCCCCCCCO,True,False,2,1,max_steps=3;max_proposals=3;max_verify_calls=0;max_total_verifier_calls=3;max_edit_cost=None,corpus/corpus.parquet,,
sgchem_v0.3__repair_multi_violation__spec_v2_fragment_ultra_dev__00005,dev,repair_multi_violation,L3,spec_v2_fragment_ultra_dev,ACCEPT,CCN(CCN)C(=O)OCCN,True,False,2,1,max_steps=4;max_proposals=4;max_verify_calls=4;max_total_verifier_calls=8;max_edit_cost=None,corpus/corpus.parquet,,
sgchem_v0.3__repair_multi_violation__spec_v2_fragment_ultra_dev__00006,dev,repair_multi_violation,L3,spec_v2_fragment_ultra_dev,ACCEPT,CNCCN,True,False,2,1,max_steps=4;max_proposals=4;max_verify_calls=4;max_total_verifier_calls=8;max_edit_cost=None,corpus/corpus.parquet,,
sgchem_v0.3__repair_multi_violation__spec_v2_fragment_ultra_dev__00007,dev,repair_multi_violation,L3,spec_v2_fragment_ultra_dev,ACCEPT,NC(=O)c1cc(N)nc(C(N)=O)c1,True,False,2,1,max_steps=4;max_proposals=4;max_verify_calls=4;max_total_verifier_calls=8;max_edit_cost=None,corpus/corpus.parquet,,
sgchem_v0.3__repair_multi_violation__spec_v2_fragment_ultra_dev__00008,dev,repair_multi_violation,L2,spec_v2_fragment_ultra_dev,ACCEPT,NC(=O)c1ccc(N)cc1C=C1SC(=S)NC1=O,True,False,2,1,max_steps=3;max_proposals=3;max_verify_calls=0;max_total_verifier_calls=3;max_edit_cost=None,corpus/corpus.parquet,,
sgchem_v0.3__repair_multi_violation__spec_v2_fragment_ultra_dev__00009,dev,repair_multi_violation,L3,spec_v2_fragment_ultra_dev,ACCEPT,NC(=O)c1cncc(C(N)=O)c1C(N)=O,True,False,2,1,max_steps=4;max_proposals=4;max_verify_calls=4;max_total_verifier_calls=8;max_edit_cost=None,corpus/corpus.parquet,,
sgchem_v0.3__repair_multi_violation__spec_v2_fragment_ultra_dev__00010,dev,repair_multi_violation,L3,spec_v2_fragment_ultra_dev,ACCEPT,NCCN(CCCl)C(=O)OCCCl,True,False,2,1,max_steps=4;max_proposals=4;max_verify_calls=4;max_total_verifier_calls=8;max_edit_cost=None,corpus/corpus.parquet,,
sgchem_v0.3__repair_multi_violation__spec_v2_fragment_ultra_dev__00011,dev,repair_multi_violation,L3,spec_v2_fragment_ultra_dev,ACCEPT,NCCO,True,False,2,1,max_steps=4;max_proposals=4;max_verify_calls=4;max_total_verifier_calls=8;max_edit_cost=None,corpus/corpus.parquet,,
sgchem_v0.3__repair_multi_violation__spec_v2_fragment_ultra_dev__00012,dev,repair_multi_violation,L2,spec_v2_fragment_ultra_dev,ACCEPT,Nc1cccc(N)c1C=C1SC(=S)NC1=O,True,False,2,1,max_steps=3;max_proposals=3;max_verify_calls=0;max_total_verifier_calls=3;max_edit_cost=None,corpus/corpus.parquet,,
sgchem_v0.3__repair_multi_violation__spec_v2_fragment_ultra_dev__00013,dev,repair_multi_violation,L3,spec_v2_fragment_ultra_dev,ACCEPT,O=C1NC(=S)SC1=Cc1ccc(Cl)cc1F,True,False,2,1,max_steps=4;max_proposals=4;max_verify_calls=4;max_total_verifier_calls=8;max_edit_cost=None,corpus/corpus.parquet,,
sgchem_v0.3__repair_multi_violation__spec_v2_fragment_ultra_dev__00014,dev,repair_multi_violation,L3,spec_v2_fragment_ultra_dev,ACCEPT,CC(=O)Nc1c(C(N)=O)cccc1C(N)=O,True,False,2,1,max_steps=4;max_proposals=4;max_verify_calls=4;max_total_verifier_calls=8;max_edit_cost=None,corpus/corpus.parquet,,
sgchem_v0.3__repair_multi_violation__spec_v2_fragment_ultra_dev__00015,dev,repair_multi_violation,L3,spec_v2_fragment_ultra_dev,ACCEPT,CC(N)=O,True,False,2,1,max_steps=4;max_proposals=4;max_verify_calls=4;max_total_verifier_calls=8;max_edit_cost=None,corpus/corpus.parquet,,
sgchem_v0.3__repair_multi_violation__spec_v2_fragment_ultra_dev__00016,dev,repair_multi_violation,L2,spec_v2_fragment_ultra_dev,ACCEPT,CC(O)CNC(=O)OCCN,True,False,2,1,max_steps=3;max_proposals=3;max_verify_calls=0;max_total_verifier_calls=3;max_edit_cost=None,corpus/corpus.parquet,,
sgchem_v0.3__repair_multi_violation__spec_v2_fragment_ultra_dev__00017,dev,repair_multi_violation,L3,spec_v2_fragment_ultra_dev,ACCEPT,CCCCCCCCCCCF,True,False,2,1,max_steps=4;max_proposals=4;max_verify_calls=4;max_total_verifier_calls=8;max_edit_cost=None,corpus/corpus.parquet,,
sgchem_v0.3__repair_multi_violation__spec_v2_fragment_ultra_dev__00018,dev,repair_multi_violation,L3,spec_v2_fragment_ultra_dev,ACCEPT,CCCCCCCCl,True,False,2,1,max_steps=4;max_proposals=4;max_verify_calls=4;max_total_verifier_calls=8;max_edit_cost=None,corpus/corpus.parquet,,
sgchem_v0.3__repair_multi_violation__spec_v2_low_rotor_train__00001,train,repair_multi_violation,L3,spec_v2_low_rotor_train,ACCEPT,CCCCCCCCCCC,True,False,2,1,max_steps=4;max_proposals=4;max_verify_calls=4;max_total_verifier_calls=8;max_edit_cost=None,corpus/corpus.parquet,,
sgchem_v0.3__repair_multi_violation__spec_v2_low_rotor_train__00002,train,repair_multi_violation,L3,spec_v2_low_rotor_train,ACCEPT,CNC(=O)CN,True,False,2,1,max_steps=4;max_proposals=4;max_verify_calls=4;max_total_verifier_calls=8;max_edit_cost=None,corpus/corpus.parquet,,
sgchem_v0.3__repair_multi_violation__spec_v2_low_rotor_train__00003,train,repair_multi_violation,L3,spec_v2_low_rotor_train,ACCEPT,NCCNCCO,True,False,2,1,max_steps=4;max_proposals=4;max_verify_calls=4;max_total_verifier_calls=8;max_edit_cost=None,corpus/corpus.parquet,,
sgchem_v0.3__repair_multi_violation__spec_v2_low_rotor_train__00004,train,repair_multi_violation,L2,spec_v2_low_rotor_train,ACCEPT,CC(N)CNCCN,True,False,2,1,max_steps=3;max_proposals=3;max_verify_calls=0;max_total_verifier_calls=3;max_edit_cost=None,corpus/corpus.parquet,,
sgchem_v0.3__repair_multi_violation__spec_v2_low_rotor_train__00005,train,repair_multi_violation,L3,spec_v2_low_rotor_train,ACCEPT,CCNC(CN)CO,True,False,2,1,max_steps=4;max_proposals=4;max_verify_calls=4;max_total_verifier_calls=8;max_edit_cost=None,corpus/corpus.parquet,,
sgchem_v0.3__repair_multi_violation__spec_v2_low_rotor_train__00006,train,repair_multi_violation,L3,spec_v2_low_rotor_train,ACCEPT,NCCN(CCN)CCN,True,False,2,1,max_steps=4;max_proposals=4;max_verify_calls=4;max_total_verifier_calls=8;max_edit_cost=None,corpus/corpus.parquet,,
sgchem_v0.3__repair_multi_violation__spec_v2_low_rotor_train__00007,train,repair_multi_violation,L3,spec_v2_low_rotor_train,ACCEPT,CC(CN)NCCN,True,False,2,1,max_steps=4;max_proposals=4;max_verify_calls=4;max_total_verifier_calls=8;max_edit_cost=None,corpus/corpus.parquet,,
sgchem_v0.3__repair_multi_violation__spec_v2_low_rotor_train__00008,train,repair_multi_violation,L2,spec_v2_low_rotor_train,ACCEPT,CCCCCCCF,True,False,2,1,max_steps=3;max_proposals=3;max_verify_calls=0;max_total_verifier_calls=3;max_edit_cost=None,corpus/corpus.parquet,,
sgchem_v0.3__repair_multi_violation__spec_v2_low_rotor_train__00009,train,repair_multi_violation,L3,spec_v2_low_rotor_train,ACCEPT,NCC(N)CN,True,False,2,1,max_steps=4;max_proposals=4;max_verify_calls=4;max_total_verifier_calls=8;max_edit_cost=None,corpus/corpus.parquet,,
sgchem_v0.3__repair_multi_violation__spec_v2_low_rotor_train__00010,train,repair_multi_violation,L3,spec_v2_low_rotor_train,ACCEPT,NCCOC(=O)N(CCN)CCO,True,False,2,1,max_steps=4;max_proposals=4;max_verify_calls=4;max_total_verifier_calls=8;max_edit_cost=None,corpus/corpus.parquet,,
sgchem_v0.3__repair_multi_violation__spec_v2_low_rotor_train__00011,train,repair_multi_violation,L3,spec_v2_low_rotor_train,ACCEPT,CCCCCCCCCCCC,True,False,2,1,max_steps=4;max_proposals=4;max_verify_calls=4;max_total_verifier_calls=8;max_edit_cost=None,corpus/corpus.parquet,,
sgchem_v0.3__repair_multi_violation__spec_v2_low_rotor_train__00012,train,repair_multi_violation,L2,spec_v2_low_rotor_train,ACCEPT,NCC(=O)NCCO,True,False,2,1,max_steps=3;max_proposals=3;max_verify_calls=0;max_total_verifier_calls=3;max_edit_cost=None,corpus/corpus.parquet,,
sgchem_v0.3__repair_multi_violation__spec_v2_low_rotor_train__00013,train,repair_multi_violation,L3,spec_v2_low_rotor_train,ACCEPT,NCCNCN,True,False,2,1,max_steps=4;max_proposals=4;max_verify_calls=4;max_total_verifier_calls=8;max_edit_cost=None,corpus/corpus.parquet,,
sgchem_v0.3__repair_multi_violation__spec_v2_low_rotor_train__00014,train,repair_multi_violation,L3,spec_v2_low_rotor_train,ACCEPT,CC(N)CNCCO,True,False,2,1,max_steps=4;max_proposals=4;max_verify_calls=4;max_total_verifier_calls=8;max_edit_cost=None,corpus/corpus.parquet,,
sgchem_v0.3__repair_multi_violation__spec_v2_low_rotor_train__00015,train,repair_multi_violation,L3,spec_v2_low_rotor_train,ACCEPT,CCNCC(N)CN,True,False,2,1,max_steps=4;max_proposals=4;max_verify_calls=4;max_total_verifier_calls=8;max_edit_cost=None,corpus/corpus.parquet,,
sgchem_v0.3__repair_multi_violation__spec_v2_low_rotor_train__00016,train,repair_multi_violation,L2,spec_v2_low_rotor_train,ACCEPT,NCCN(CCN)CCO,True,False,2,1,max_steps=3;max_proposals=3;max_verify_calls=0;max_total_verifier_calls=3;max_edit_cost=None,corpus/corpus.parquet,,
sgchem_v0.3__repair_multi_violation__spec_v2_low_rotor_train__00017,train,repair_multi_violation,L3,spec_v2_low_rotor_train,ACCEPT,CC(CN)NCCO,True,False,2,1,max_steps=4;max_proposals=4;max_verify_calls=4;max_total_verifier_calls=8;max_edit_cost=None,corpus/corpus.parquet,,
sgchem_v0.3__repair_multi_violation__spec_v2_low_rotor_train__00018,train,repair_multi_violation,L3,spec_v2_low_rotor_train,ACCEPT,CCCCCCCN,True,False,2,1,max_steps=4;max_proposals=4;max_verify_calls=4;max_total_verifier_calls=8;max_edit_cost=None,corpus/corpus.parquet,,
sgchem_v0.3__repair_multi_violation__spec_v2_polar_bias_train__00001,train,repair_multi_violation,L3,spec_v2_polar_bias_train,ACCEPT,CC(C)C(C)CN,True,False,2,1,max_steps=4;max_proposals=4;max_verify_calls=4;max_total_verifier_calls=8;max_edit_cost=None,corpus/corpus.parquet,,
sgchem_v0.3__repair_multi_violation__spec_v2_polar_bias_train__00002,train,repair_multi_violation,L3,spec_v2_polar_bias_train,ACCEPT,CC(C)F,True,False,2,1,max_steps=4;max_proposals=4;max_verify_calls=4;max_total_verifier_calls=8;max_edit_cost=None,corpus/corpus.parquet,,
sgchem_v0.3__repair_multi_violation__spec_v2_polar_bias_train__00003,train,repair_multi_violation,L3,spec_v2_polar_bias_train,ACCEPT,CC(C)OCCl,True,False,2,1,max_steps=4;max_proposals=4;max_verify_calls=4;max_total_verifier_calls=8;max_edit_cost=None,corpus/corpus.parquet,,
sgchem_v0.3__repair_multi_violation__spec_v2_polar_bias_train__00004,train,repair_multi_violation,L2,spec_v2_polar_bias_train,ACCEPT,CC(CN)CF,True,False,2,1,max_steps=3;max_proposals=3;max_verify_calls=0;max_total_verifier_calls=3;max_edit_cost=None,corpus/corpus.parquet,,
sgchem_v0.3__repair_multi_violation__spec_v2_polar_bias_train__00005,train,repair_multi_violation,L3,spec_v2_polar_bias_train,ACCEPT,CC(Cl)CN,True,False,2,1,max_steps=4;max_proposals=4;max_verify_calls=4;max_total_verifier_calls=8;max_edit_cost=None,corpus/corpus.parquet,,
sgchem_v0.3__repair_multi_violation__spec_v2_polar_bias_train__00006,train,repair_multi_violation,L3,spec_v2_polar_bias_train,ACCEPT,CC(F)CO,True,False,2,1,max_steps=4;max_proposals=4;max_verify_calls=4;max_total_verifier_calls=8;max_edit_cost=None,corpus/corpus.parquet,,
sgchem_v0.3__repair_multi_violation__spec_v2_polar_bias_train__00007,train,repair_multi_violation,L3,spec_v2_polar_bias_train,ACCEPT,CC(N)CNCCO,True,False,2,1,max_steps=4;max_proposals=4;max_verify_calls=4;max_total_verifier_calls=8;max_edit_cost=None,corpus/corpus.parquet,,
sgchem_v0.3__repair_multi_violation__spec_v2_polar_bias_train__00008,train,repair_multi_violation,L2,spec_v2_polar_bias_train,ACCEPT,CC(S)CN,True,False,2,1,max_steps=3;max_proposals=3;max_verify_calls=0;max_total_verifier_calls=3;max_edit_cost=None,corpus/corpus.parquet,,
sgchem_v0.3__repair_multi_violation__spec_v2_polar_bias_train__00009,train,repair_multi_violation,L3,spec_v2_polar_bias_train,ACCEPT,CCC(CN)CF,True,False,2,1,max_steps=4;max_proposals=4;max_verify_calls=4;max_total_verifier_calls=8;max_edit_cost=None,corpus/corpus.parquet,,
sgchem_v0.3__repair_multi_violation__spec_v2_polar_bias_train__00010,train,repair_multi_violation,L3,spec_v2_polar_bias_train,ACCEPT,CCCCCC,True,False,2,1,max_steps=4;max_proposals=4;max_verify_calls=4;max_total_verifier_calls=8;max_edit_cost=None,corpus/corpus.parquet,,
sgchem_v0.3__repair_multi_violation__spec_v2_polar_bias_train__00011,train,repair_multi_violation,L3,spec_v2_polar_bias_train,ACCEPT,CCCCCCCCCCCN,True,False,2,1,max_steps=4;max_proposals=4;max_verify_calls=4;max_total_verifier_calls=8;max_edit_cost=None,corpus/corpus.parquet,,
sgchem_v0.3__repair_multi_violation__spec_v2_polar_bias_train__00012,train,repair_multi_violation,L2,spec_v2_polar_bias_train,ACCEPT,CCCCCCCO,True,False,2,1,max_steps=3;max_proposals=3;max_verify_calls=0;max_total_verifier_calls=3;max_edit_cost=None,corpus/corpus.parquet,,
sgchem_v0.3__repair_multi_violation__spec_v2_polar_bias_train__00013,train,repair_multi_violation,L3,spec_v2_polar_bias_train,ACCEPT,CCCCl,True,False,2,1,max_steps=4;max_proposals=4;max_verify_calls=4;max_total_verifier_calls=8;max_edit_cost=None,corpus/corpus.parquet,,
sgchem_v0.3__repair_multi_violation__spec_v2_polar_bias_train__00014,train,repair_multi_violation,L3,spec_v2_polar_bias_train,ACCEPT,CCN(C)C,True,False,2,1,max_steps=4;max_proposals=4;max_verify_calls=4;max_total_verifier_calls=8;max_edit_cost=None,corpus/corpus.parquet,,
sgchem_v0.3__repair_multi_violation__spec_v2_polar_bias_train__00015,train,repair_multi_violation,L3,spec_v2_polar_bias_train,ACCEPT,CCNC,True,False,2,1,max_steps=4;max_proposals=4;max_verify_calls=4;max_total_verifier_calls=8;max_edit_cost=None,corpus/corpus.parquet,,
sgchem_v0.3__repair_multi_violation__spec_v2_polar_bias_train__00016,train,repair_multi_violation,L2,spec_v2_polar_bias_train,ACCEPT,CCNCC(O)CN,True,False,2,1,max_steps=3;max_proposals=3;max_verify_calls=0;max_total_verifier_calls=3;max_edit_cost=None,corpus/corpus.parquet,,
sgchem_v0.3__repair_multi_violation__spec_v2_polar_bias_train__00017,train,repair_multi_violation,L3,spec_v2_polar_bias_train,ACCEPT,CCOC(C)N,True,False,2,1,max_steps=4;max_proposals=4;max_verify_calls=4;max_total_verifier_calls=8;max_edit_cost=None,corpus/corpus.parquet,,
sgchem_v0.3__repair_multi_violation__spec_v2_polar_bias_train__00018,train,repair_multi_violation,L3,spec_v2_polar_bias_train,ACCEPT,CN,True,False,2,1,max_steps=4;max_proposals=4;max_verify_calls=4;max_total_verifier_calls=8;max_edit_cost=None,corpus/corpus.parquet,,
sgchem_v0.3__repair_multi_violation__spec_v2_ro5_balanced_test__00001,test,repair_multi_violation,L3,spec_v2_ro5_balanced_test,ACCEPT,CC(C)NCF,True,False,3,1,max_steps=4;max_proposals=4;max_verify_calls=4;max_total_verifier_calls=8;max_edit_cost=None,corpus/corpus.parquet,,
sgchem_v0.3__repair_multi_violation__spec_v2_ro5_balanced_test__00002,test,repair_multi_violation,L3,spec_v2_ro5_balanced_test,ACCEPT,CC(Cl)CCO,True,False,3,1,max_steps=4;max_proposals=4;max_verify_calls=4;max_total_verifier_calls=8;max_edit_cost=None,corpus/corpus.parquet,,
sgchem_v0.3__repair_multi_violation__spec_v2_ro5_balanced_test__00003,test,repair_multi_violation,L3,spec_v2_ro5_balanced_test,ACCEPT,CC(N)CNCCO,True,False,3,1,max_steps=4;max_proposals=4;max_verify_calls=4;max_total_verifier_calls=8;max_edit_cost=None,corpus/corpus.parquet,,
sgchem_v0.3__repair_multi_violation__spec_v2_ro5_balanced_test__00004,test,repair_multi_violation,L2,spec_v2_ro5_balanced_test,ACCEPT,CCCCCCC,True,False,3,1,max_steps=3;max_proposals=3;max_verify_calls=0;max_total_verifier_calls=3;max_edit_cost=None,corpus/corpus.parquet,,
sgchem_v0.3__repair_multi_violation__spec_v2_ro5_balanced_test__00005,test,repair_multi_violation,L3,spec_v2_ro5_balanced_test,ACCEPT,CCCCCl,True,False,3,1,max_steps=4;max_proposals=4;max_verify_calls=4;max_total_verifier_calls=8;max_edit_cost=None,corpus/corpus.parquet,,
sgchem_v0.3__repair_multi_violation__spec_v2_ro5_balanced_test__00006,test,repair_multi_violation,L3,spec_v2_ro5_balanced_test,ACCEPT,CCN(CN)CF,True,False,3,1,max_steps=4;max_proposals=4;max_verify_calls=4;max_total_verifier_calls=8;max_edit_cost=None,corpus/corpus.parquet,,
sgchem_v0.3__repair_multi_violation__spec_v2_ro5_balanced_test__00007,test,repair_multi_violation,L3,spec_v2_ro5_balanced_test,ACCEPT,CCNCN,True,False,3,1,max_steps=4;max_proposals=4;max_verify_calls=4;max_total_verifier_calls=8;max_edit_cost=None,corpus/corpus.parquet,,
sgchem_v0.3__repair_multi_violation__spec_v2_ro5_balanced_test__00008,test,repair_multi_violation,L2,spec_v2_ro5_balanced_test,ACCEPT,CNC(=O)CCl,True,False,3,1,max_steps=3;max_proposals=3;max_verify_calls=0;max_total_verifier_calls=3;max_edit_cost=None,corpus/corpus.parquet,,
sgchem_v0.3__repair_multi_violation__spec_v2_ro5_balanced_test__00009,test,repair_multi_violation,L3,spec_v2_ro5_balanced_test,ACCEPT,FCCCOCF,True,False,3,1,max_steps=4;max_proposals=4;max_verify_calls=4;max_total_verifier_calls=8;max_edit_cost=None,corpus/corpus.parquet,,
sgchem_v0.3__repair_multi_violation__spec_v2_ro5_balanced_test__00010,test,repair_multi_violation,L3,spec_v2_ro5_balanced_test,ACCEPT,Fc1ccnc(F)c1,True,False,3,1,max_steps=4;max_proposals=4;max_verify_calls=4;max_total_verifier_calls=8;max_edit_cost=None,corpus/corpus.parquet,,
sgchem_v0.3__repair_multi_violation__spec_v2_ro5_balanced_test__00011,test,repair_multi_violation,L3,spec_v2_ro5_balanced_test,ACCEPT,NCCCCCl,True,False,3,1,max_steps=4;max_proposals=4;max_verify_calls=4;max_total_verifier_calls=8;max_edit_cost=None,corpus/corpus.parquet,,
sgchem_v0.3__repair_multi_violation__spec_v2_ro5_balanced_test__00012,test,repair_multi_violation,L2,spec_v2_ro5_balanced_test,ACCEPT,NCCNCCl,True,False,3,1,max_steps=3;max_proposals=3;max_verify_calls=0;max_total_verifier_calls=3;max_edit_cost=None,corpus/corpus.parquet,,
sgchem_v0.3__repair_multi_violation__spec_v2_ro5_balanced_test__00013,test,repair_multi_violation,L3,spec_v2_ro5_balanced_test,ACCEPT,NCNCCF,True,False,3,1,max_steps=4;max_proposals=4;max_verify_calls=4;max_total_verifier_calls=8;max_edit_cost=None,corpus/corpus.parquet,,
sgchem_v0.3__repair_multi_violation__spec_v2_ro5_balanced_test__00014,test,repair_multi_violation,L3,spec_v2_ro5_balanced_test,ACCEPT,Nc1ccccc1F,True,False,3,1,max_steps=4;max_proposals=4;max_verify_calls=4;max_total_verifier_calls=8;max_edit_cost=None,corpus/corpus.parquet,,
sgchem_v0.3__repair_multi_violation__spec_v2_ro5_balanced_test__00015,test,repair_multi_violation,L3,spec_v2_ro5_balanced_test,ACCEPT,OCCCl,True,False,3,1,max_steps=4;max_proposals=4;max_verify_calls=4;max_total_verifier_calls=8;max_edit_cost=None,corpus/corpus.parquet,,
sgchem_v0.3__repair_multi_violation__spec_v2_ro5_balanced_test__00016,test,repair_multi_violation,L2,spec_v2_ro5_balanced_test,ACCEPT,CC(C)NCF,True,False,3,1,max_steps=3;max_proposals=3;max_verify_calls=0;max_total_verifier_calls=3;max_edit_cost=None,corpus/corpus.parquet,,
sgchem_v0.3__repair_multi_violation__spec_v2_ro5_balanced_test__00017,test,repair_multi_violation,L3,spec_v2_ro5_balanced_test,ACCEPT,CC(Cl)CCO,True,False,3,1,max_steps=4;max_proposals=4;max_verify_calls=4;max_total_verifier_calls=8;max_edit_cost=None,corpus/corpus.parquet,,
sgchem_v0.3__repair_multi_violation__spec_v2_ro5_balanced_test__00018,test,repair_multi_violation,L3,spec_v2_ro5_balanced_test,ACCEPT,CC(N)CNCCO,True,False,3,1,max_steps=4;max_proposals=4;max_verify_calls=4;max_total_verifier_calls=8;max_edit_cost=None,corpus/corpus.parquet,,
sgchem_v0.3__repair_multi_violation__spec_v2_sa_relaxed_dev__00001,dev,repair_multi_violation,L3,spec_v2_sa_relaxed_dev,ACCEPT,CNC(=O)CN,True,False,3,1,max_steps=4;max_proposals=4;max_verify_calls=4;max_total_verifier_calls=8;max_edit_cost=None,corpus/corpus.parquet,,
sgchem_v0.3__repair_multi_violation__spec_v2_sa_relaxed_dev__00002,dev,repair_multi_violation,L3,spec_v2_sa_relaxed_dev,ACCEPT,NCC(O)CN,True,False,3,1,max_steps=4;max_proposals=4;max_verify_calls=4;max_total_verifier_calls=8;max_edit_cost=None,corpus/corpus.parquet,,
sgchem_v0.3__repair_multi_violation__spec_v2_sa_relaxed_dev__00003,dev,repair_multi_violation,L3,spec_v2_sa_relaxed_dev,ACCEPT,NCCNCN,True,False,3,1,max_steps=4;max_proposals=4;max_verify_calls=4;max_total_verifier_calls=8;max_edit_cost=None,corpus/corpus.parquet,,
sgchem_v0.3__repair_multi_violation__spec_v2_sa_relaxed_dev__00004,dev,repair_multi_violation,L2,spec_v2_sa_relaxed_dev,ACCEPT,CC(N)C(N)=O,True,False,3,1,max_steps=3;max_proposals=3;max_verify_calls=0;max_total_verifier_calls=3;max_edit_cost=None,corpus/corpus.parquet,,
sgchem_v0.3__repair_multi_violation__spec_v2_sa_relaxed_dev__00005,dev,repair_multi_violation,L3,spec_v2_sa_relaxed_dev,ACCEPT,NCC(N)CN,True,False,3,1,max_steps=4;max_proposals=4;max_verify_calls=4;max_total_verifier_calls=8;max_edit_cost=None,corpus/corpus.parquet,,
sgchem_v0.3__repair_multi_violation__spec_v2_sa_relaxed_dev__00006,dev,repair_multi_violation,L3,spec_v2_sa_relaxed_dev,ACCEPT,NCCN,True,False,3,1,max_steps=4;max_proposals=4;max_verify_calls=4;max_total_verifier_calls=8;max_edit_cost=None,corpus/corpus.parquet,,
sgchem_v0.3__repair_multi_violation__spec_v2_sa_relaxed_dev__00007,dev,repair_multi_violation,L3,spec_v2_sa_relaxed_dev,ACCEPT,NCCOCN,True,False,3,1,max_steps=4;max_proposals=4;max_verify_calls=4;max_total_verifier_calls=8;max_edit_cost=None,corpus/corpus.parquet,,
sgchem_v0.3__repair_multi_violation__spec_v2_sa_relaxed_dev__00008,dev,repair_multi_violation,L2,spec_v2_sa_relaxed_dev,ACCEPT,NCC(N)=O,True,False,3,1,max_steps=3;max_proposals=3;max_verify_calls=0;max_total_verifier_calls=3;max_edit_cost=None,corpus/corpus.parquet,,
sgchem_v0.3__repair_multi_violation__spec_v2_sa_relaxed_dev__00009,dev,repair_multi_violation,L3,spec_v2_sa_relaxed_dev,ACCEPT,NCCC(N)=O,True,False,3,1,max_steps=4;max_proposals=4;max_verify_calls=4;max_total_verifier_calls=8;max_edit_cost=None,corpus/corpus.parquet,,
sgchem_v0.3__repair_multi_violation__spec_v2_sa_relaxed_dev__00010,dev,repair_multi_violation,L3,spec_v2_sa_relaxed_dev,ACCEPT,NCCO,True,False,3,1,max_steps=4;max_proposals=4;max_verify_calls=4;max_total_verifier_calls=8;max_edit_cost=None,corpus/corpus.parquet,,
sgchem_v0.3__repair_multi_violation__spec_v2_sa_relaxed_dev__00011,dev,repair_multi_violation,L3,spec_v2_sa_relaxed_dev,ACCEPT,CNC(=O)CN,True,False,3,1,max_steps=4;max_proposals=4;max_verify_calls=4;max_total_verifier_calls=8;max_edit_cost=None,corpus/corpus.parquet,,
sgchem_v0.3__repair_multi_violation__spec_v2_sa_relaxed_dev__00012,dev,repair_multi_violation,L2,spec_v2_sa_relaxed_dev,ACCEPT,NCC(O)CN,True,False,3,1,max_steps=3;max_proposals=3;max_verify_calls=0;max_total_verifier_calls=3;max_edit_cost=None,corpus/corpus.parquet,,
sgchem_v0.3__repair_multi_violation__spec_v2_sa_relaxed_dev__00013,dev,repair_multi_violation,L3,spec_v2_sa_relaxed_dev,ACCEPT,NCCNCN,True,False,3,1,max_steps=4;max_proposals=4;max_verify_calls=4;max_total_verifier_calls=8;max_edit_cost=None,corpus/corpus.parquet,,
sgchem_v0.3__repair_multi_violation__spec_v2_sa_relaxed_dev__00014,dev,repair_multi_violation,L3,spec_v2_sa_relaxed_dev,ACCEPT,CC(N)C(N)=O,True,False,3,1,max_steps=4;max_proposals=4;max_verify_calls=4;max_total_verifier_calls=8;max_edit_cost=None,corpus/corpus.parquet,,
sgchem_v0.3__repair_multi_violation__spec_v2_sa_relaxed_dev__00015,dev,repair_multi_violation,L3,spec_v2_sa_relaxed_dev,ACCEPT,NCC(N)CN,True,False,3,1,max_steps=4;max_proposals=4;max_verify_calls=4;max_total_verifier_calls=8;max_edit_cost=None,corpus/corpus.parquet,,
sgchem_v0.3__repair_multi_violation__spec_v2_sa_relaxed_dev__00016,dev,repair_multi_violation,L2,spec_v2_sa_relaxed_dev,ACCEPT,NCCN,True,False,3,1,max_steps=3;max_proposals=3;max_verify_calls=0;max_total_verifier_calls=3;max_edit_cost=None,corpus/corpus.parquet,,
sgchem_v0.3__repair_multi_violation__spec_v2_sa_relaxed_dev__00017,dev,repair_multi_violation,L3,spec_v2_sa_relaxed_dev,ACCEPT,NCCOCN,True,False,3,1,max_steps=4;max_proposals=4;max_verify_calls=4;max_total_verifier_calls=8;max_edit_cost=None,corpus/corpus.parquet,,
sgchem_v0.3__repair_multi_violation__spec_v2_sa_relaxed_dev__00018,dev,repair_multi_violation,L3,spec_v2_sa_relaxed_dev,ACCEPT,NCC(N)=O,True,False,3,1,max_steps=4;max_proposals=4;max_verify_calls=4;max_total_verifier_calls=8;max_edit_cost=None,corpus/corpus.parquet,,
sgchem_v0.3__repair_multi_violation__spec_v2_sa_strict_test__00001,test,repair_multi_violation,L3,spec_v2_sa_strict_test,ACCEPT,NCCC(N)=O,True,False,3,1,max_steps=4;max_proposals=4;max_verify_calls=4;max_total_verifier_calls=8;max_edit_cost=None,corpus/corpus.parquet,,
sgchem_v0.3__repair_multi_violation__spec_v2_sa_strict_test__00002,test,repair_multi_violation,L3,spec_v2_sa_strict_test,ACCEPT,CCCCCCCCCCCCO,True,False,3,1,max_steps=4;max_proposals=4;max_verify_calls=4;max_total_verifier_calls=8;max_edit_cost=None,corpus/corpus.parquet,,
sgchem_v0.3__repair_multi_violation__spec_v2_sa_strict_test__00003,test,repair_multi_violation,L3,spec_v2_sa_strict_test,ACCEPT,NCCO,True,False,3,1,max_steps=4;max_proposals=4;max_verify_calls=4;max_total_verifier_calls=8;max_edit_cost=None,corpus/corpus.parquet,,
sgchem_v0.3__repair_multi_violation__spec_v2_sa_strict_test__00004,test,repair_multi_violation,L2,spec_v2_sa_strict_test,ACCEPT,NCC(N)C(=O)O,True,False,3,1,max_steps=3;max_proposals=3;max_verify_calls=0;max_total_verifier_calls=3;max_edit_cost=None,corpus/corpus.parquet,,
sgchem_v0.3__repair_multi_violation__spec_v2_sa_strict_test__00005,test,repair_multi_violation,L3,spec_v2_sa_strict_test,ACCEPT,CCCCCCCCCCCCCl,True,False,3,1,max_steps=4;max_proposals=4;max_verify_calls=4;max_total_verifier_calls=8;max_edit_cost=None,corpus/corpus.parquet,,
sgchem_v0.3__repair_multi_violation__spec_v2_sa_strict_test__00006,test,repair_multi_violation,L3,spec_v2_sa_strict_test,ACCEPT,NCCNCCN,True,False,3,1,max_steps=4;max_proposals=4;max_verify_calls=4;max_total_verifier_calls=8;max_edit_cost=None,corpus/corpus.parquet,,
sgchem_v0.3__repair_multi_violation__spec_v2_sa_strict_test__00007,test,repair_multi_violation,L3,spec_v2_sa_strict_test,ACCEPT,CNC(=O)CN,True,False,3,1,max_steps=4;max_proposals=4;max_verify_calls=4;max_total_verifier_calls=8;max_edit_cost=None,corpus/corpus.parquet,,
sgchem_v0.3__repair_multi_violation__spec_v2_sa_strict_test__00008,test,repair_multi_violation,L2,spec_v2_sa_strict_test,ACCEPT,NCNC(=O)CF,True,False,3,1,max_steps=3;max_proposals=3;max_verify_calls=0;max_total_verifier_calls=3;max_edit_cost=None,corpus/corpus.parquet,,
sgchem_v0.3__repair_multi_violation__spec_v2_sa_strict_test__00009,test,repair_multi_violation,L3,spec_v2_sa_strict_test,ACCEPT,NCC(O)CN,True,False,3,1,max_steps=4;max_proposals=4;max_verify_calls=4;max_total_verifier_calls=8;max_edit_cost=None,corpus/corpus.parquet,,
sgchem_v0.3__repair_multi_violation__spec_v2_sa_strict_test__00010,test,repair_multi_violation,L3,spec_v2_sa_strict_test,ACCEPT,CCCCCCCCCCCCN,True,False,3,1,max_steps=4;max_proposals=4;max_verify_calls=4;max_total_verifier_calls=8;max_edit_cost=None,corpus/corpus.parquet,,
sgchem_v0.3__repair_multi_violation__spec_v2_sa_strict_test__00011,test,repair_multi_violation,L3,spec_v2_sa_strict_test,ACCEPT,NCCNCN,True,False,3,1,max_steps=4;max_proposals=4;max_verify_calls=4;max_total_verifier_calls=8;max_edit_cost=None,corpus/corpus.parquet,,
sgchem_v0.3__repair_multi_violation__spec_v2_sa_strict_test__00012,test,repair_multi_violation,L2,spec_v2_sa_strict_test,ACCEPT,NCC(N)=O,True,False,3,1,max_steps=3;max_proposals=3;max_verify_calls=0;max_total_verifier_calls=3;max_edit_cost=None,corpus/corpus.parquet,,
sgchem_v0.3__repair_multi_violation__spec_v2_sa_strict_test__00013,test,repair_multi_violation,L3,spec_v2_sa_strict_test,ACCEPT,CC(N)C(N)=O,True,False,3,1,max_steps=4;max_proposals=4;max_verify_calls=4;max_total_verifier_calls=8;max_edit_cost=None,corpus/corpus.parquet,,
sgchem_v0.3__repair_multi_violation__spec_v2_sa_strict_test__00014,test,repair_multi_violation,L3,spec_v2_sa_strict_test,ACCEPT,NCCN,True,False,3,1,max_steps=4;max_proposals=4;max_verify_calls=4;max_total_verifier_calls=8;max_edit_cost=None,corpus/corpus.parquet,,
sgchem_v0.3__repair_multi_violation__spec_v2_sa_strict_test__00015,test,repair_multi_violation,L3,spec_v2_sa_strict_test,ACCEPT,CN(CN)CCN,True,False,3,1,max_steps=4;max_proposals=4;max_verify_calls=4;max_total_verifier_calls=8;max_edit_cost=None,corpus/corpus.parquet,,
sgchem_v0.3__repair_multi_violation__spec_v2_sa_strict_test__00016,test,repair_multi_violation,L2,spec_v2_sa_strict_test,ACCEPT,NCCOCN,True,False,3,1,max_steps=3;max_proposals=3;max_verify_calls=0;max_total_verifier_calls=3;max_edit_cost=None,corpus/corpus.parquet,,
sgchem_v0.3__repair_multi_violation__spec_v2_sa_strict_test__00017,test,repair_multi_violation,L3,spec_v2_sa_strict_test,ACCEPT,NCC(N)CN,True,False,3,1,max_steps=4;max_proposals=4;max_verify_calls=4;max_total_verifier_calls=8;max_edit_cost=None,corpus/corpus.parquet,,
sgchem_v0.3__repair_multi_violation__spec_v2_sa_strict_test__00018,test,repair_multi_violation,L3,spec_v2_sa_strict_test,ACCEPT,CCCCCCCCCCCCF,True,False,3,1,max_steps=4;max_proposals=4;max_verify_calls=4;max_total_verifier_calls=8;max_edit_cost=None,corpus/corpus.parquet,,
sgchem_v0.3__repair_near_miss__spec_v1_basic__00001,train,repair_near_miss,L3,spec_v1_basic,ACCEPT,CC(=O)NC(C)C(C)N,True,False,2,2,max_steps=4;max_proposals=4;max_verify_calls=4;max_total_verifier_calls=8;max_edit_cost=None,corpus/corpus.parquet,,
sgchem_v0.3__repair_near_miss__spec_v1_basic__00002,train,repair_near_miss,L3,spec_v1_basic,ACCEPT,CC(=O)NCC(N)CCl,True,False,2,2,max_steps=4;max_proposals=4;max_verify_calls=4;max_total_verifier_calls=8;max_edit_cost=None,corpus/corpus.parquet,,
sgchem_v0.3__repair_near_miss__spec_v1_basic__00003,train,repair_near_miss,L2,spec_v1_basic,ACCEPT,CC(=O)Nc1cccc(C(N)=O)c1C(N)=O,True,False,2,2,max_steps=3;max_proposals=3;max_verify_calls=0;max_total_verifier_calls=3;max_edit_cost=None,corpus/corpus.parquet,,
sgchem_v0.3__repair_near_miss__spec_v1_basic__00004,train,repair_near_miss,L3,spec_v1_basic,ACCEPT,CC(C)N(CCO)C(=O)OCCN,True,False,2,2,max_steps=4;max_proposals=4;max_verify_calls=4;max_total_verifier_calls=8;max_edit_cost=None,corpus/corpus.parquet,,
sgchem_v0.3__repair_near_miss__spec_v1_basic__00005,train,repair_near_miss,L3,spec_v1_basic,ACCEPT,CC(CN)NC(=O)CCl,True,False,2,2,max_steps=4;max_proposals=4;max_verify_calls=4;max_total_verifier_calls=8;max_edit_cost=None,corpus/corpus.parquet,,
sgchem_v0.3__repair_near_miss__spec_v1_basic__00006,train,repair_near_miss,L2,spec_v1_basic,ACCEPT,CC(CO)NCCF,True,False,2,2,max_steps=3;max_proposals=3;max_verify_calls=0;max_total_verifier_calls=3;max_edit_cost=None,corpus/corpus.parquet,,
sgchem_v0.3__repair_near_miss__spec_v1_basic__00007,train,repair_near_miss,L3,spec_v1_basic,ACCEPT,CC(N)CC(N)=O,True,False,2,2,max_steps=4;max_proposals=4;max_verify_calls=4;max_total_verifier_calls=8;max_edit_cost=None,corpus/corpus.parquet,,
sgchem_v0.3__repair_near_miss__spec_v1_basic__00008,train,repair_near_miss,L3,spec_v1_basic,ACCEPT,CC(O)CNC(=O)OCCN,True,False,2,2,max_steps=4;max_proposals=4;max_verify_calls=4;max_total_verifier_calls=8;max_edit_cost=None,corpus/corpus.parquet,,
sgchem_v0.3__repair_near_miss__spec_v1_basic__00009,train,repair_near_miss,L2,spec_v1_basic,ACCEPT,CCN(CC)CC(O)CN,True,False,2,2,max_steps=3;max_proposals=3;max_verify_calls=0;max_total_verifier_calls=3;max_edit_cost=None,corpus/corpus.parquet,,
sgchem_v0.3__repair_near_miss__spec_v1_basic__00010,train,repair_near_miss,L3,spec_v1_basic,ACCEPT,CCN(CCO)C(C)CN,True,False,2,2,max_steps=4;max_proposals=4;max_verify_calls=4;max_total_verifier_calls=8;max_edit_cost=None,corpus/corpus.parquet,,
sgchem_v0.3__repair_near_miss__spec_v1_basic__00011,train,repair_near_miss,L3,spec_v1_basic,ACCEPT,CCNCC(O)CF,True,False,2,2,max_steps=4;max_proposals=4;max_verify_calls=4;max_total_verifier_calls=8;max_edit_cost=None,corpus/corpus.parquet,,
sgchem_v0.3__repair_near_miss__spec_v1_basic__00012,train,repair_near_miss,L2,spec_v1_basic,ACCEPT,CCOC(=O)N(CCN)CCO,True,False,2,2,max_steps=3;max_proposals=3;max_verify_calls=0;max_total_verifier_calls=3;max_edit_cost=None,corpus/corpus.parquet,,
sgchem_v0.3__repair_near_miss__spec_v1_basic__00013,train,repair_near_miss,L3,spec_v1_basic,ACCEPT,CN(CF)CCN,True,False,2,2,max_steps=4;max_proposals=4;max_verify_calls=4;max_total_verifier_calls=8;max_edit_cost=None,corpus/corpus.parquet,,
sgchem_v0.3__repair_near_miss__spec_v1_basic__00014,train,repair_near_miss,L3,spec_v1_basic,ACCEPT,COc1cc(C(N)=O)cc(N)n1,True,False,2,2,max_steps=4;max_proposals=4;max_verify_calls=4;max_total_verifier_calls=8;max_edit_cost=None,corpus/corpus.parquet,,
sgchem_v0.3__repair_near_miss__spec_v1_basic__00015,train,repair_near_miss,L2,spec_v1_basic,ACCEPT,COc1ncc(C(N)=O)cc1C(N)=O,True,False,2,2,max_steps=3;max_proposals=3;max_verify_calls=0;max_total_verifier_calls=3;max_edit_cost=None,corpus/corpus.parquet,,
sgchem_v0.3__repair_near_miss__spec_v1_basic__00016,train,repair_near_miss,L3,spec_v1_basic,ACCEPT,NC(=O)c1c(N)cccc1N,True,False,2,2,max_steps=4;max_proposals=4;max_verify_calls=4;max_total_verifier_calls=8;max_edit_cost=None,corpus/corpus.parquet,,
sgchem_v0.3__repair_near_miss__spec_v1_basic__00017,train,repair_near_miss,L3,spec_v1_basic,ACCEPT,NC(=O)c1cc(N)cc(C(N)=O)c1,True,False,2,2,max_steps=4;max_proposals=4;max_verify_calls=4;max_total_verifier_calls=8;max_edit_cost=None,corpus/corpus.parquet,,
sgchem_v0.3__repair_near_miss__spec_v1_basic__00018,train,repair_near_miss,L2,spec_v1_basic,ACCEPT,NC(=O)c1ccc(C(N)=O)c(C(N)=O)c1,True,False,2,2,max_steps=3;max_proposals=3;max_verify_calls=0;max_total_verifier_calls=3;max_edit_cost=None,corpus/corpus.parquet,,
sgchem_v0.3__repair_near_miss__spec_v1_basic__00019,train,repair_near_miss,L3,spec_v1_basic,ACCEPT,NC(=O)c1cccc(C(=O)O)c1C(N)=O,True,False,2,2,max_steps=4;max_proposals=4;max_verify_calls=4;max_total_verifier_calls=8;max_edit_cost=None,corpus/corpus.parquet,,
sgchem_v0.3__repair_near_miss__spec_v1_basic__00020,train,repair_near_miss,L3,spec_v1_basic,ACCEPT,NC(=O)c1cccnc1N,True,False,2,2,max_steps=4;max_proposals=4;max_verify_calls=4;max_total_verifier_calls=8;max_edit_cost=None,corpus/corpus.parquet,,
sgchem_v0.3__repair_near_miss__spec_v2_alert_soft_train__00001,train,repair_near_miss,L3,spec_v2_alert_soft_train,ACCEPT,CC(=O)NC(CN)CO,True,False,2,3,max_steps=4;max_proposals=4;max_verify_calls=4;max_total_verifier_calls=8;max_edit_cost=None,corpus/corpus.parquet,,
sgchem_v0.3__repair_near_miss__spec_v2_alert_soft_train__00002,train,repair_near_miss,L3,spec_v2_alert_soft_train,ACCEPT,CC(N)CNCCN,True,False,2,3,max_steps=4;max_proposals=4;max_verify_calls=4;max_total_verifier_calls=8;max_edit_cost=None,corpus/corpus.parquet,,
sgchem_v0.3__repair_near_miss__spec_v2_alert_soft_train__00003,train,repair_near_miss,L2,spec_v2_alert_soft_train,ACCEPT,Fc1ccccn1,True,False,2,3,max_steps=3;max_proposals=3;max_verify_calls=0;max_total_verifier_calls=3;max_edit_cost=None,corpus/corpus.parquet,,
sgchem_v0.3__repair_near_miss__spec_v2_alert_soft_train__00004,train,repair_near_miss,L3,spec_v2_alert_soft_train,ACCEPT,NC(=O)c1cnc(N)cc1C(N)=O,True,False,2,3,max_steps=4;max_proposals=4;max_verify_calls=4;max_total_verifier_calls=8;max_edit_cost=None,corpus/corpus.parquet,,
sgchem_v0.3__repair_near_miss__spec_v2_alert_soft_train__00005,train,repair_near_miss,L3,spec_v2_alert_soft_train,ACCEPT,NCCOC(=O)N(CCN)CCN,True,False,2,3,max_steps=4;max_proposals=4;max_verify_calls=4;max_total_verifier_calls=8;max_edit_cost=None,corpus/corpus.parquet,,
sgchem_v0.3__repair_near_miss__spec_v2_alert_soft_train__00006,train,repair_near_miss,L2,spec_v2_alert_soft_train,ACCEPT,CC(CN)NCCN,True,False,2,3,max_steps=3;max_proposals=3;max_verify_calls=0;max_total_verifier_calls=3;max_edit_cost=None,corpus/corpus.parquet,,
sgchem_v0.3__repair_near_miss__spec_v2_alert_soft_train__00007,train,repair_near_miss,L3,spec_v2_alert_soft_train,ACCEPT,CCNC(CN)CN,True,False,2,3,max_steps=4;max_proposals=4;max_verify_calls=4;max_total_verifier_calls=8;max_edit_cost=None,corpus/corpus.parquet,,
sgchem_v0.3__repair_near_miss__spec_v2_alert_soft_train__00008,train,repair_near_miss,L3,spec_v2_alert_soft_train,ACCEPT,NC(=O)c1cc(C(N)=O)c(N)cn1,True,False,2,3,max_steps=4;max_proposals=4;max_verify_calls=4;max_total_verifier_calls=8;max_edit_cost=None,corpus/corpus.parquet,,
sgchem_v0.3__repair_near_miss__spec_v2_alert_soft_train__00009,train,repair_near_miss,L2,spec_v2_alert_soft_train,ACCEPT,NCC(=O)NCCO,True,False,2,3,max_steps=3;max_proposals=3;max_verify_calls=0;max_total_verifier_calls=3;max_edit_cost=None,corpus/corpus.parquet,,
sgchem_v0.3__repair_near_miss__spec_v2_alert_soft_train__00010,train,repair_near_miss,L3,spec_v2_alert_soft_train,ACCEPT,NCNC(=O)CF,True,False,2,3,max_steps=4;max_proposals=4;max_verify_calls=4;max_total_verifier_calls=8;max_edit_cost=None,corpus/corpus.parquet,,
sgchem_v0.3__repair_near_miss__spec_v2_alert_soft_train__00011,train,repair_near_miss,L3,spec_v2_alert_soft_train,ACCEPT,CC(Cl)CF,True,False,2,3,max_steps=4;max_proposals=4;max_verify_calls=4;max_total_verifier_calls=8;max_edit_cost=None,corpus/corpus.parquet,,
sgchem_v0.3__repair_near_miss__spec_v2_alert_soft_train__00012,train,repair_near_miss,L2,spec_v2_alert_soft_train,ACCEPT,CN(CN)CCN,True,False,2,3,max_steps=3;max_proposals=3;max_verify_calls=0;max_total_verifier_calls=3;max_edit_cost=None,corpus/corpus.parquet,,
sgchem_v0.3__repair_near_miss__spec_v2_alert_soft_train__00013,train,repair_near_miss,L3,spec_v2_alert_soft_train,ACCEPT,NC(=O)c1ccc(C(N)=O)c(C(N)=O)c1,True,False,2,3,max_steps=4;max_proposals=4;max_verify_calls=4;max_total_verifier_calls=8;max_edit_cost=None,corpus/corpus.parquet,,
sgchem_v0.3__repair_near_miss__spec_v2_alert_soft_train__00014,train,repair_near_miss,L3,spec_v2_alert_soft_train,ACCEPT,NCCN(CCN)CCO,True,False,2,3,max_steps=4;max_proposals=4;max_verify_calls=4;max_total_verifier_calls=8;max_edit_cost=None,corpus/corpus.parquet,,
sgchem_v0.3__repair_near_miss__spec_v2_alert_soft_train__00015,train,repair_near_miss,L2,spec_v2_alert_soft_train,ACCEPT,CC(=O)NC(CN)CN,True,False,2,3,max_steps=3;max_proposals=3;max_verify_calls=0;max_total_verifier_calls=3;max_edit_cost=None,corpus/corpus.parquet,,
sgchem_v0.3__repair_near_miss__spec_v2_alert_soft_train__00016,train,repair_near_miss,L3,spec_v2_alert_soft_train,ACCEPT,CC(N)CNC(=O)CN,True,False,2,3,max_steps=4;max_proposals=4;max_verify_calls=4;max_total_verifier_calls=8;max_edit_cost=None,corpus/corpus.parquet,,
sgchem_v0.3__repair_near_miss__spec_v2_alert_soft_train__00017,train,repair_near_miss,L3,spec_v2_alert_soft_train,ACCEPT,Fc1ccccc1,True,False,2,3,max_steps=4;max_proposals=4;max_verify_calls=4;max_total_verifier_calls=8;max_edit_cost=None,corpus/corpus.parquet,,
sgchem_v0.3__repair_near_miss__spec_v2_alert_soft_train__00018,train,repair_near_miss,L2,spec_v2_alert_soft_train,ACCEPT,NC(=O)c1ccnc(N)c1C(N)=O,True,False,2,3,max_steps=3;max_proposals=3;max_verify_calls=0;max_total_verifier_calls=3;max_edit_cost=None,corpus/corpus.parquet,,
sgchem_v0.3__repair_near_miss__spec_v2_alert_soft_train__00019,train,repair_near_miss,L3,spec_v2_alert_soft_train,ACCEPT,NCCOC(=O)CN,True,False,2,3,max_steps=4;max_proposals=4;max_verify_calls=4;max_total_verifier_calls=8;max_edit_cost=None,corpus/corpus.parquet,,
sgchem_v0.3__repair_near_miss__spec_v2_alert_soft_train__00020,train,repair_near_miss,L3,spec_v2_alert_soft_train,ACCEPT,CC(CN)NC(=O)CN,True,False,2,3,max_steps=4;max_proposals=4;max_verify_calls=4;max_total_verifier_calls=8;max_edit_cost=None,corpus/corpus.parquet,,
sgchem_v0.3__repair_near_miss__spec_v2_alert_strict_dev__00001,dev,repair_near_miss,L3,spec_v2_alert_strict_dev,ACCEPT,CC(=O)NC(C)N,True,False,5,1,max_steps=4;max_proposals=4;max_verify_calls=4;max_total_verifier_calls=8;max_edit_cost=None,corpus/corpus.parquet,,
sgchem_v0.3__repair_near_miss__spec_v2_alert_strict_dev__00002,dev,repair_near_miss,L3,spec_v2_alert_strict_dev,ACCEPT,CC(=O)Nc1c(N)cccc1N,True,False,5,1,max_steps=4;max_proposals=4;max_verify_calls=4;max_total_verifier_calls=8;max_edit_cost=None,corpus/corpus.parquet,,
sgchem_v0.3__repair_near_miss__spec_v2_alert_strict_dev__00003,dev,repair_near_miss,L2,spec_v2_alert_strict_dev,ACCEPT,CC(=O)Nc1ccc(C(N)=O)cc1N,True,False,5,1,max_steps=3;max_proposals=3;max_verify_calls=0;max_total_verifier_calls=3;max_edit_cost=None,corpus/corpus.parquet,,
sgchem_v0.3__repair_near_miss__spec_v2_alert_strict_dev__00004,dev,repair_near_miss,L3,spec_v2_alert_strict_dev,ACCEPT,CC(=O)Nc1cccc(C(N)=O)c1N,True,False,5,1,max_steps=4;max_proposals=4;max_verify_calls=4;max_total_verifier_calls=8;max_edit_cost=None,corpus/corpus.parquet,,
sgchem_v0.3__repair_near_miss__spec_v2_alert_strict_dev__00005,dev,repair_near_miss,L3,spec_v2_alert_strict_dev,ACCEPT,CC(=O)Oc1c(Cl)cccc1C(N)=O,True,False,5,1,max_steps=4;max_proposals=4;max_verify_calls=4;max_total_verifier_calls=8;max_edit_cost=None,corpus/corpus.parquet,,
sgchem_v0.3__repair_near_miss__spec_v2_alert_strict_dev__00006,dev,repair_near_miss,L2,spec_v2_alert_strict_dev,ACCEPT,CC(=O)Oc1cc(C(N)=O)ccc1N,True,False,5,1,max_steps=3;max_proposals=3;max_verify_calls=0;max_total_verifier_calls=3;max_edit_cost=None,corpus/corpus.parquet,,
sgchem_v0.3__repair_near_miss__spec_v2_alert_strict_dev__00007,dev,repair_near_miss,L3,spec_v2_alert_strict_dev,ACCEPT,CC(=O)Oc1cc(F)ccc1N,True,False,5,1,max_steps=4;max_proposals=4;max_verify_calls=4;max_total_verifier_calls=8;max_edit_cost=None,corpus/corpus.parquet,,
sgchem_v0.3__repair_near_miss__spec_v2_alert_strict_dev__00008,dev,repair_near_miss,L3,spec_v2_alert_strict_dev,ACCEPT,CC(=O)Oc1ccc(C(N)=O)cc1,True,False,5,1,max_steps=4;max_proposals=4;max_verify_calls=4;max_total_verifier_calls=8;max_edit_cost=None,corpus/corpus.parquet,,
sgchem_v0.3__repair_near_miss__spec_v2_alert_strict_dev__00009,dev,repair_near_miss,L2,spec_v2_alert_strict_dev,ACCEPT,CC(=O)Oc1ccc(Cl)cc1N,True,False,5,1,max_steps=3;max_proposals=3;max_verify_calls=0;max_total_verifier_calls=3;max_edit_cost=None,corpus/corpus.parquet,,
sgchem_v0.3__repair_near_miss__spec_v2_alert_strict_dev__00010,dev,repair_near_miss,L3,spec_v2_alert_strict_dev,ACCEPT,CC(=O)Oc1ccc(N)c(N)c1,True,False,5,1,max_steps=4;max_proposals=4;max_verify_calls=4;max_total_verifier_calls=8;max_edit_cost=None,corpus/corpus.parquet,,
sgchem_v0.3__repair_near_miss__spec_v2_alert_strict_dev__00011,dev,repair_near_miss,L3,spec_v2_alert_strict_dev,ACCEPT,CC(=O)Oc1cccc(Cl)c1F,True,False,5,1,max_steps=4;max_proposals=4;max_verify_calls=4;max_total_verifier_calls=8;max_edit_cost=None,corpus/corpus.parquet,,
sgchem_v0.3__repair_near_miss__spec_v2_alert_strict_dev__00012,dev,repair_near_miss,L2,spec_v2_alert_strict_dev,ACCEPT,CC(=O)Oc1ccccc1C(N)=O,True,False,5,1,max_steps=3;max_proposals=3;max_verify_calls=0;max_total_verifier_calls=3;max_edit_cost=None,corpus/corpus.parquet,,
sgchem_v0.3__repair_near_miss__spec_v2_alert_strict_dev__00013,dev,repair_near_miss,L3,spec_v2_alert_strict_dev,ACCEPT,CC(C)O,True,False,5,1,max_steps=4;max_proposals=4;max_verify_calls=4;max_total_verifier_calls=8;max_edit_cost=None,corpus/corpus.parquet,,
sgchem_v0.3__repair_near_miss__spec_v2_alert_strict_dev__00014,dev,repair_near_miss,L3,spec_v2_alert_strict_dev,ACCEPT,CC(CCl)CCN,True,False,5,1,max_steps=4;max_proposals=4;max_verify_calls=4;max_total_verifier_calls=8;max_edit_cost=None,corpus/corpus.parquet,,
sgchem_v0.3__repair_near_miss__spec_v2_alert_strict_dev__00015,dev,repair_near_miss,L2,spec_v2_alert_strict_dev,ACCEPT,CC(CN)NCCO,True,False,5,1,max_steps=3;max_proposals=3;max_verify_calls=0;max_total_verifier_calls=3;max_edit_cost=None,corpus/corpus.parquet,,
sgchem_v0.3__repair_near_miss__spec_v2_alert_strict_dev__00016,dev,repair_near_miss,L3,spec_v2_alert_strict_dev,ACCEPT,CC(Cl)C(=O)Oc1ccccc1,True,False,5,1,max_steps=4;max_proposals=4;max_verify_calls=4;max_total_verifier_calls=8;max_edit_cost=None,corpus/corpus.parquet,,
sgchem_v0.3__repair_near_miss__spec_v2_alert_strict_dev__00017,dev,repair_near_miss,L3,spec_v2_alert_strict_dev,ACCEPT,CC(Cl)Oc1ccccn1,True,False,5,1,max_steps=4;max_proposals=4;max_verify_calls=4;max_total_verifier_calls=8;max_edit_cost=None,corpus/corpus.parquet,,
sgchem_v0.3__repair_near_miss__spec_v2_alert_strict_dev__00018,dev,repair_near_miss,L2,spec_v2_alert_strict_dev,ACCEPT,CC(N)CNC(=O)CN,True,False,5,1,max_steps=3;max_proposals=3;max_verify_calls=0;max_total_verifier_calls=3;max_edit_cost=None,corpus/corpus.parquet,,
sgchem_v0.3__repair_near_miss__spec_v2_alert_strict_dev__00019,dev,repair_near_miss,L3,spec_v2_alert_strict_dev,ACCEPT,CC(O)CNC(=O)OCCCl,True,False,5,1,max_steps=4;max_proposals=4;max_verify_calls=4;max_total_verifier_calls=8;max_edit_cost=None,corpus/corpus.parquet,,
sgchem_v0.3__repair_near_miss__spec_v2_alert_strict_dev__00020,dev,repair_near_miss,L3,spec_v2_alert_strict_dev,ACCEPT,CCCC(O)CCl,True,False,5,1,max_steps=4;max_proposals=4;max_verify_calls=4;max_total_verifier_calls=8;max_edit_cost=None,corpus/corpus.parquet,,
sgchem_v0.3__repair_near_miss__spec_v2_amide_friendly_dev__00001,dev,repair_near_miss,L3,spec_v2_amide_friendly_dev,ACCEPT,CC(=O)NC(CN)CO,True,False,2,2,max_steps=4;max_proposals=4;max_verify_calls=4;max_total_verifier_calls=8;max_edit_cost=None,corpus/corpus.parquet,,
sgchem_v0.3__repair_near_miss__spec_v2_amide_friendly_dev__00002,dev,repair_near_miss,L3,spec_v2_amide_friendly_dev,ACCEPT,CC(N)C(=O)NCCN,True,False,2,2,max_steps=4;max_proposals=4;max_verify_calls=4;max_total_verifier_calls=8;max_edit_cost=None,corpus/corpus.parquet,,
sgchem_v0.3__repair_near_miss__spec_v2_amide_friendly_dev__00003,dev,repair_near_miss,L2,spec_v2_amide_friendly_dev,ACCEPT,CCCCCCCCCF,True,False,2,2,max_steps=3;max_proposals=3;max_verify_calls=0;max_total_verifier_calls=3;max_edit_cost=None,corpus/corpus.parquet,,
sgchem_v0.3__repair_near_miss__spec_v2_amide_friendly_dev__00004,dev,repair_near_miss,L3,spec_v2_amide_friendly_dev,ACCEPT,CCOC(=O)C(C)N,True,False,2,2,max_steps=4;max_proposals=4;max_verify_calls=4;max_total_verifier_calls=8;max_edit_cost=None,corpus/corpus.parquet,,
sgchem_v0.3__repair_near_miss__spec_v2_amide_friendly_dev__00005,dev,repair_near_miss,L3,spec_v2_amide_friendly_dev,ACCEPT,Fc1cc(F)cc(Cl)c1,True,False,2,2,max_steps=4;max_proposals=4;max_verify_calls=4;max_total_verifier_calls=8;max_edit_cost=None,corpus/corpus.parquet,,
sgchem_v0.3__repair_near_miss__spec_v2_amide_friendly_dev__00006,dev,repair_near_miss,L2,spec_v2_amide_friendly_dev,ACCEPT,Fc1cccc(F)c1Cl,True,False,2,2,max_steps=3;max_proposals=3;max_verify_calls=0;max_total_verifier_calls=3;max_edit_cost=None,corpus/corpus.parquet,,
sgchem_v0.3__repair_near_miss__spec_v2_amide_friendly_dev__00007,dev,repair_near_miss,L3,spec_v2_amide_friendly_dev,ACCEPT,NC(=O)c1ccc(C(N)=O)c(C(N)=O)c1,True,False,2,2,max_steps=4;max_proposals=4;max_verify_calls=4;max_total_verifier_calls=8;max_edit_cost=None,corpus/corpus.parquet,,
sgchem_v0.3__repair_near_miss__spec_v2_amide_friendly_dev__00008,dev,repair_near_miss,L3,spec_v2_amide_friendly_dev,ACCEPT,NCCOC(=O)NCN,True,False,2,2,max_steps=4;max_proposals=4;max_verify_calls=4;max_total_verifier_calls=8;max_edit_cost=None,corpus/corpus.parquet,,
sgchem_v0.3__repair_near_miss__spec_v2_amide_friendly_dev__00009,dev,repair_near_miss,L2,spec_v2_amide_friendly_dev,ACCEPT,CC(C)OC(=O)CN,True,False,2,2,max_steps=3;max_proposals=3;max_verify_calls=0;max_total_verifier_calls=3;max_edit_cost=None,corpus/corpus.parquet,,
sgchem_v0.3__repair_near_miss__spec_v2_amide_friendly_dev__00010,dev,repair_near_miss,L3,spec_v2_amide_friendly_dev,ACCEPT,CCCCCCCCCCCF,True,False,2,2,max_steps=4;max_proposals=4;max_verify_calls=4;max_total_verifier_calls=8;max_edit_cost=None,corpus/corpus.parquet,,
sgchem_v0.3__repair_near_miss__spec_v2_amide_friendly_dev__00011,dev,repair_near_miss,L3,spec_v2_amide_friendly_dev,ACCEPT,CCN(CC)CCN,True,False,2,2,max_steps=4;max_proposals=4;max_verify_calls=4;max_total_verifier_calls=8;max_edit_cost=None,corpus/corpus.parquet,,
sgchem_v0.3__repair_near_miss__spec_v2_amide_friendly_dev__00012,dev,repair_near_miss,L2,spec_v2_amide_friendly_dev,ACCEPT,Clc1ccccc1Cl,True,False,2,2,max_steps=3;max_proposals=3;max_verify_calls=0;max_total_verifier_calls=3;max_edit_cost=None,corpus/corpus.parquet,,
sgchem_v0.3__repair_near_miss__spec_v2_amide_friendly_dev__00013,dev,repair_near_miss,L3,spec_v2_amide_friendly_dev,ACCEPT,Fc1ccc(F)nc1,True,False,2,2,max_steps=4;max_proposals=4;max_verify_calls=4;max_total_verifier_calls=8;max_edit_cost=None,corpus/corpus.parquet,,
sgchem_v0.3__repair_near_miss__spec_v2_amide_friendly_dev__00014,dev,repair_near_miss,L3,spec_v2_amide_friendly_dev,ACCEPT,NC(=O)c1cc(C(N)=O)c(N)cn1,True,False,2,2,max_steps=4;max_proposals=4;max_verify_calls=4;max_total_verifier_calls=8;max_edit_cost=None,corpus/corpus.parquet,,
sgchem_v0.3__repair_near_miss__spec_v2_amide_friendly_dev__00015,dev,repair_near_miss,L2,spec_v2_amide_friendly_dev,ACCEPT,NCCN(CCN)CCO,True,False,2,2,max_steps=3;max_proposals=3;max_verify_calls=0;max_total_verifier_calls=3;max_edit_cost=None,corpus/corpus.parquet,,
sgchem_v0.3__repair_near_miss__spec_v2_amide_friendly_dev__00016,dev,repair_near_miss,L3,spec_v2_amide_friendly_dev,ACCEPT,CC(=O)OC(C)CN,True,False,2,2,max_steps=4;max_proposals=4;max_verify_calls=4;max_total_verifier_calls=8;max_edit_cost=None,corpus/corpus.parquet,,
sgchem_v0.3__repair_near_miss__spec_v2_amide_friendly_dev__00017,dev,repair_near_miss,L3,spec_v2_amide_friendly_dev,ACCEPT,CC(O)CNC(=O)CN,True,False,2,2,max_steps=4;max_proposals=4;max_verify_calls=4;max_total_verifier_calls=8;max_edit_cost=None,corpus/corpus.parquet,,
sgchem_v0.3__repair_near_miss__spec_v2_amide_friendly_dev__00018,dev,repair_near_miss,L2,spec_v2_amide_friendly_dev,ACCEPT,CCCCCCCO,True,False,2,2,max_steps=3;max_proposals=3;max_verify_calls=0;max_total_verifier_calls=3;max_edit_cost=None,corpus/corpus.parquet,,
sgchem_v0.3__repair_near_miss__spec_v2_amide_friendly_dev__00019,dev,repair_near_miss,L3,spec_v2_amide_friendly_dev,ACCEPT,Clc1ccc(Cl)c(Cl)c1,True,False,2,2,max_steps=4;max_proposals=4;max_verify_calls=4;max_total_verifier_calls=8;max_edit_cost=None,corpus/corpus.parquet,,
sgchem_v0.3__repair_near_miss__spec_v2_amide_friendly_dev__00020,dev,repair_near_miss,L3,spec_v2_amide_friendly_dev,ACCEPT,Fc1ccc(Cl)cc1Cl,True,False,2,2,max_steps=4;max_proposals=4;max_verify_calls=4;max_total_verifier_calls=8;max_edit_cost=None,corpus/corpus.parquet,,
sgchem_v0.3__repair_near_miss__spec_v2_aromatic_pref_test__00001,test,repair_near_miss,L3,spec_v2_aromatic_pref_test,ACCEPT,CC(CN)NC(=O)CN,True,False,2,1,max_steps=4;max_proposals=4;max_verify_calls=4;max_total_verifier_calls=8;max_edit_cost=None,corpus/corpus.parquet,,
sgchem_v0.3__repair_near_miss__spec_v2_aromatic_pref_test__00002,test,repair_near_miss,L3,spec_v2_aromatic_pref_test,ACCEPT,CC(O)CNCCN,True,False,2,1,max_steps=4;max_proposals=4;max_verify_calls=4;max_total_verifier_calls=8;max_edit_cost=None,corpus/corpus.parquet,,
sgchem_v0.3__repair_near_miss__spec_v2_aromatic_pref_test__00003,test,repair_near_miss,L2,spec_v2_aromatic_pref_test,ACCEPT,Fc1ccncc1,True,False,2,1,max_steps=3;max_proposals=3;max_verify_calls=0;max_total_verifier_calls=3;max_edit_cost=None,corpus/corpus.parquet,,
sgchem_v0.3__repair_near_miss__spec_v2_aromatic_pref_test__00004,test,repair_near_miss,L3,spec_v2_aromatic_pref_test,ACCEPT,NC(=O)c1cncc(N)c1C(N)=O,True,False,2,1,max_steps=4;max_proposals=4;max_verify_calls=4;max_total_verifier_calls=8;max_edit_cost=None,corpus/corpus.parquet,,
sgchem_v0.3__repair_near_miss__spec_v2_aromatic_pref_test__00005,test,repair_near_miss,L3,spec_v2_aromatic_pref_test,ACCEPT,NCCOC(=O)NCCO,True,False,2,1,max_steps=4;max_proposals=4;max_verify_calls=4;max_total_verifier_calls=8;max_edit_cost=None,corpus/corpus.parquet,,
sgchem_v0.3__repair_near_miss__spec_v2_aromatic_pref_test__00006,test,repair_near_miss,L2,spec_v2_aromatic_pref_test,ACCEPT,CC(CO)NC(=O)CN,True,False,2,1,max_steps=3;max_proposals=3;max_verify_calls=0;max_total_verifier_calls=3;max_edit_cost=None,corpus/corpus.parquet,,
sgchem_v0.3__repair_near_miss__spec_v2_aromatic_pref_test__00007,test,repair_near_miss,L3,spec_v2_aromatic_pref_test,ACCEPT,CCNC(CN)CO,True,False,2,1,max_steps=4;max_proposals=4;max_verify_calls=4;max_total_verifier_calls=8;max_edit_cost=None,corpus/corpus.parquet,,
sgchem_v0.3__repair_near_miss__spec_v2_aromatic_pref_test__00008,test,repair_near_miss,L3,spec_v2_aromatic_pref_test,ACCEPT,NC(=O)c1cc(C(N)=O)cc(C(N)=O)c1,True,False,2,1,max_steps=4;max_proposals=4;max_verify_calls=4;max_total_verifier_calls=8;max_edit_cost=None,corpus/corpus.parquet,,
sgchem_v0.3__repair_near_miss__spec_v2_aromatic_pref_test__00009,test,repair_near_miss,L2,spec_v2_aromatic_pref_test,ACCEPT,NCC(=O)NCF,True,False,2,1,max_steps=3;max_proposals=3;max_verify_calls=0;max_total_verifier_calls=3;max_edit_cost=None,corpus/corpus.parquet,,
sgchem_v0.3__repair_near_miss__spec_v2_aromatic_pref_test__00010,test,repair_near_miss,L3,spec_v2_aromatic_pref_test,ACCEPT,NCNC(=O)CN,True,False,2,1,max_steps=4;max_proposals=4;max_verify_calls=4;max_total_verifier_calls=8;max_edit_cost=None,corpus/corpus.parquet,,
sgchem_v0.3__repair_near_miss__spec_v2_aromatic_pref_test__00011,test,repair_near_miss,L3,spec_v2_aromatic_pref_test,ACCEPT,CC(F)CCl,True,False,2,1,max_steps=4;max_proposals=4;max_verify_calls=4;max_total_verifier_calls=8;max_edit_cost=None,corpus/corpus.parquet,,
sgchem_v0.3__repair_near_miss__spec_v2_aromatic_pref_test__00012,test,repair_near_miss,L2,spec_v2_aromatic_pref_test,ACCEPT,CN(CN)CCN,True,False,2,1,max_steps=3;max_proposals=3;max_verify_calls=0;max_total_verifier_calls=3;max_edit_cost=None,corpus/corpus.parquet,,
sgchem_v0.3__repair_near_miss__spec_v2_aromatic_pref_test__00013,test,repair_near_miss,L3,spec_v2_aromatic_pref_test,ACCEPT,NC(=O)c1ccc(C(N)=O)c(C(N)=O)c1,True,False,2,1,max_steps=4;max_proposals=4;max_verify_calls=4;max_total_verifier_calls=8;max_edit_cost=None,corpus/corpus.parquet,,
sgchem_v0.3__repair_near_miss__spec_v2_aromatic_pref_test__00014,test,repair_near_miss,L3,spec_v2_aromatic_pref_test,ACCEPT,NCCN(CCN)CCO,True,False,2,1,max_steps=4;max_proposals=4;max_verify_calls=4;max_total_verifier_calls=8;max_edit_cost=None,corpus/corpus.parquet,,
sgchem_v0.3__repair_near_miss__spec_v2_aromatic_pref_test__00015,test,repair_near_miss,L2,spec_v2_aromatic_pref_test,ACCEPT,CC(=O)NC(CN)CN,True,False,2,1,max_steps=3;max_proposals=3;max_verify_calls=0;max_total_verifier_calls=3;max_edit_cost=None,corpus/corpus.parquet,,
sgchem_v0.3__repair_near_miss__spec_v2_aromatic_pref_test__00016,test,repair_near_miss,L3,spec_v2_aromatic_pref_test,ACCEPT,CC(N)CNC(=O)CN,True,False,2,1,max_steps=4;max_proposals=4;max_verify_calls=4;max_total_verifier_calls=8;max_edit_cost=None,corpus/corpus.parquet,,
sgchem_v0.3__repair_near_miss__spec_v2_aromatic_pref_test__00017,test,repair_near_miss,L3,spec_v2_aromatic_pref_test,ACCEPT,FCCOCF,True,False,2,1,max_steps=4;max_proposals=4;max_verify_calls=4;max_total_verifier_calls=8;max_edit_cost=None,corpus/corpus.parquet,,
sgchem_v0.3__repair_near_miss__spec_v2_aromatic_pref_test__00018,test,repair_near_miss,L2,spec_v2_aromatic_pref_test,ACCEPT,NC(=O)c1ccnc(C(N)=O)c1N,True,False,2,1,max_steps=3;max_proposals=3;max_verify_calls=0;max_total_verifier_calls=3;max_edit_cost=None,corpus/corpus.parquet,,
sgchem_v0.3__repair_near_miss__spec_v2_aromatic_pref_test__00019,test,repair_near_miss,L3,spec_v2_aromatic_pref_test,ACCEPT,NCCNCCO,True,False,2,1,max_steps=4;max_proposals=4;max_verify_calls=4;max_total_verifier_calls=8;max_edit_cost=None,corpus/corpus.parquet,,
sgchem_v0.3__repair_near_miss__spec_v2_aromatic_pref_test__00020,test,repair_near_miss,L3,spec_v2_aromatic_pref_test,ACCEPT,CC(=O)NCC(O)CN,True,False,2,1,max_steps=4;max_proposals=4;max_verify_calls=4;max_total_verifier_calls=8;max_edit_cost=None,corpus/corpus.parquet,,
sgchem_v0.3__repair_near_miss__spec_v2_cns_like_test__00001,test,repair_near_miss,L3,spec_v2_cns_like_test,ACCEPT,CC(=O)Nc1cc(C(N)=O)ccc1F,True,False,3,1,max_steps=4;max_proposals=4;max_verify_calls=4;max_total_verifier_calls=8;max_edit_cost=None,corpus/corpus.parquet,,
sgchem_v0.3__repair_near_miss__spec_v2_cns_like_test__00002,test,repair_near_miss,L3,spec_v2_cns_like_test,ACCEPT,CC(=O)Oc1c(N)cccc1N,True,False,3,1,max_steps=4;max_proposals=4;max_verify_calls=4;max_total_verifier_calls=8;max_edit_cost=None,corpus/corpus.parquet,,
sgchem_v0.3__repair_near_miss__spec_v2_cns_like_test__00003,test,repair_near_miss,L2,spec_v2_cns_like_test,ACCEPT,CC(=O)Oc1cccc(C(N)=O)c1,True,False,3,1,max_steps=3;max_proposals=3;max_verify_calls=0;max_total_verifier_calls=3;max_edit_cost=None,corpus/corpus.parquet,,
sgchem_v0.3__repair_near_miss__spec_v2_cns_like_test__00004,test,repair_near_miss,L3,spec_v2_cns_like_test,ACCEPT,CC(C)OC(=O)N(CCN)CCN,True,False,3,1,max_steps=4;max_proposals=4;max_verify_calls=4;max_total_verifier_calls=8;max_edit_cost=None,corpus/corpus.parquet,,
sgchem_v0.3__repair_near_miss__spec_v2_cns_like_test__00005,test,repair_near_miss,L3,spec_v2_cns_like_test,ACCEPT,CC(CO)NC(=O)OCCCl,True,False,3,1,max_steps=4;max_proposals=4;max_verify_calls=4;max_total_verifier_calls=8;max_edit_cost=None,corpus/corpus.parquet,,
sgchem_v0.3__repair_near_miss__spec_v2_cns_like_test__00006,test,repair_near_miss,L2,spec_v2_cns_like_test,ACCEPT,CC(O)CNC(=O)OCCF,True,False,3,1,max_steps=3;max_proposals=3;max_verify_calls=0;max_total_verifier_calls=3;max_edit_cost=None,corpus/corpus.parquet,,
sgchem_v0.3__repair_near_miss__spec_v2_cns_like_test__00007,test,repair_near_miss,L3,spec_v2_cns_like_test,ACCEPT,CCN(CC(C)O)C(=O)OCCN,True,False,3,1,max_steps=4;max_proposals=4;max_verify_calls=4;max_total_verifier_calls=8;max_edit_cost=None,corpus/corpus.parquet,,
sgchem_v0.3__repair_near_miss__spec_v2_cns_like_test__00008,test,repair_near_miss,L3,spec_v2_cns_like_test,ACCEPT,CCN(CCN)C(=O)OC(C)CN,True,False,3,1,max_steps=4;max_proposals=4;max_verify_calls=4;max_total_verifier_calls=8;max_edit_cost=None,corpus/corpus.parquet,,
sgchem_v0.3__repair_near_miss__spec_v2_cns_like_test__00009,test,repair_near_miss,L2,spec_v2_cns_like_test,ACCEPT,CCN(CCO)C(=O)OCC(C)N,True,False,3,1,max_steps=3;max_proposals=3;max_verify_calls=0;max_total_verifier_calls=3;max_edit_cost=None,corpus/corpus.parquet,,
sgchem_v0.3__repair_near_miss__spec_v2_cns_like_test__00010,test,repair_near_miss,L3,spec_v2_cns_like_test,ACCEPT,CCOC(=O)N(CC)CC(C)N,True,False,3,1,max_steps=4;max_proposals=4;max_verify_calls=4;max_total_verifier_calls=8;max_edit_cost=None,corpus/corpus.parquet,,
sgchem_v0.3__repair_near_miss__spec_v2_cns_like_test__00011,test,repair_near_miss,L3,spec_v2_cns_like_test,ACCEPT,CCOC(=O)N(CCN)C(C)CF,True,False,3,1,max_steps=4;max_proposals=4;max_verify_calls=4;max_total_verifier_calls=8;max_edit_cost=None,corpus/corpus.parquet,,
sgchem_v0.3__repair_near_miss__spec_v2_cns_like_test__00012,test,repair_near_miss,L2,spec_v2_cns_like_test,ACCEPT,CCOC(=O)N(CCO)CC(C)F,True,False,3,1,max_steps=3;max_proposals=3;max_verify_calls=0;max_total_verifier_calls=3;max_edit_cost=None,corpus/corpus.parquet,,
sgchem_v0.3__repair_near_miss__spec_v2_cns_like_test__00013,test,repair_near_miss,L3,spec_v2_cns_like_test,ACCEPT,CCOc1cc(C(N)=O)ccn1,True,False,3,1,max_steps=4;max_proposals=4;max_verify_calls=4;max_total_verifier_calls=8;max_edit_cost=None,corpus/corpus.parquet,,
sgchem_v0.3__repair_near_miss__spec_v2_cns_like_test__00014,test,repair_near_miss,L3,spec_v2_cns_like_test,ACCEPT,CCOc1ccc(N)c(N)n1,True,False,3,1,max_steps=4;max_proposals=4;max_verify_calls=4;max_total_verifier_calls=8;max_edit_cost=None,corpus/corpus.parquet,,
sgchem_v0.3__repair_near_miss__spec_v2_cns_like_test__00015,test,repair_near_miss,L2,spec_v2_cns_like_test,ACCEPT,CCOc1nccc(N)c1N,True,False,3,1,max_steps=3;max_proposals=3;max_verify_calls=0;max_total_verifier_calls=3;max_edit_cost=None,corpus/corpus.parquet,,
sgchem_v0.3__repair_near_miss__spec_v2_cns_like_test__00016,test,repair_near_miss,L3,spec_v2_cns_like_test,ACCEPT,COc1cc(Cl)c(C(N)=O)cn1,True,False,3,1,max_steps=4;max_proposals=4;max_verify_calls=4;max_total_verifier_calls=8;max_edit_cost=None,corpus/corpus.parquet,,
sgchem_v0.3__repair_near_miss__spec_v2_cns_like_test__00017,test,repair_near_miss,L3,spec_v2_cns_like_test,ACCEPT,COc1ccc(C(N)=O)c(N)c1,True,False,3,1,max_steps=4;max_proposals=4;max_verify_calls=4;max_total_verifier_calls=8;max_edit_cost=None,corpus/corpus.parquet,,
sgchem_v0.3__repair_near_miss__spec_v2_cns_like_test__00018,test,repair_near_miss,L2,spec_v2_cns_like_test,ACCEPT,COc1cccc(C(N)=O)c1F,True,False,3,1,max_steps=3;max_proposals=3;max_verify_calls=0;max_total_verifier_calls=3;max_edit_cost=None,corpus/corpus.parquet,,
sgchem_v0.3__repair_near_miss__spec_v2_cns_like_test__00019,test,repair_near_miss,L3,spec_v2_cns_like_test,ACCEPT,COc1ncc(Cl)cc1C(N)=O,True,False,3,1,max_steps=4;max_proposals=4;max_verify_calls=4;max_total_verifier_calls=8;max_edit_cost=None,corpus/corpus.parquet,,
sgchem_v0.3__repair_near_miss__spec_v2_cns_like_test__00020,test,repair_near_miss,L3,spec_v2_cns_like_test,ACCEPT,NC(=O)c1c(F)cccc1C(=O)O,True,False,3,1,max_steps=4;max_proposals=4;max_verify_calls=4;max_total_verifier_calls=8;max_edit_cost=None,corpus/corpus.parquet,,
sgchem_v0.3__repair_near_miss__spec_v2_fragment_tight_train__00001,train,repair_near_miss,L3,spec_v2_fragment_tight_train,ACCEPT,CC(=O)Oc1cc(C(N)=O)ccc1C(N)=O,True,False,2,1,max_steps=4;max_proposals=4;max_verify_calls=4;max_total_verifier_calls=8;max_edit_cost=None,corpus/corpus.parquet,,
sgchem_v0.3__repair_near_miss__spec_v2_fragment_tight_train__00002,train,repair_near_miss,L3,spec_v2_fragment_tight_train,ACCEPT,CC(CF)Oc1ccccc1,True,False,2,1,max_steps=4;max_proposals=4;max_verify_calls=4;max_total_verifier_calls=8;max_edit_cost=None,corpus/corpus.parquet,,
sgchem_v0.3__repair_near_miss__spec_v2_fragment_tight_train__00003,train,repair_near_miss,L2,spec_v2_fragment_tight_train,ACCEPT,CC(N)C(=O)NCCO,True,False,2,1,max_steps=3;max_proposals=3;max_verify_calls=0;max_total_verifier_calls=3;max_edit_cost=None,corpus/corpus.parquet,,
sgchem_v0.3__repair_near_miss__spec_v2_fragment_tight_train__00004,train,repair_near_miss,L3,spec_v2_fragment_tight_train,ACCEPT,CCC(C)OCF,True,False,2,1,max_steps=4;max_proposals=4;max_verify_calls=4;max_total_verifier_calls=8;max_edit_cost=None,corpus/corpus.parquet,,
sgchem_v0.3__repair_near_miss__spec_v2_fragment_tight_train__00005,train,repair_near_miss,L3,spec_v2_fragment_tight_train,ACCEPT,CCNCF,True,False,2,1,max_steps=4;max_proposals=4;max_verify_calls=4;max_total_verifier_calls=8;max_edit_cost=None,corpus/corpus.parquet,,
sgchem_v0.3__repair_near_miss__spec_v2_fragment_tight_train__00006,train,repair_near_miss,L2,spec_v2_fragment_tight_train,ACCEPT,CCOc1ccc(Cl)cc1,True,False,2,1,max_steps=3;max_proposals=3;max_verify_calls=0;max_total_verifier_calls=3;max_edit_cost=None,corpus/corpus.parquet,,
sgchem_v0.3__repair_near_miss__spec_v2_fragment_tight_train__00007,train,repair_near_miss,L3,spec_v2_fragment_tight_train,ACCEPT,CCOc1ccccc1Cl,True,False,2,1,max_steps=4;max_proposals=4;max_verify_calls=4;max_total_verifier_calls=8;max_edit_cost=None,corpus/corpus.parquet,,
sgchem_v0.3__repair_near_miss__spec_v2_fragment_tight_train__00008,train,repair_near_miss,L3,spec_v2_fragment_tight_train,ACCEPT,COCC(C)Cl,True,False,2,1,max_steps=4;max_proposals=4;max_verify_calls=4;max_total_verifier_calls=8;max_edit_cost=None,corpus/corpus.parquet,,
sgchem_v0.3__repair_near_miss__spec_v2_fragment_tight_train__00009,train,repair_near_miss,L2,spec_v2_fragment_tight_train,ACCEPT,COc1cc(F)ccc1Cl,True,False,2,1,max_steps=3;max_proposals=3;max_verify_calls=0;max_total_verifier_calls=3;max_edit_cost=None,corpus/corpus.parquet,,
sgchem_v0.3__repair_near_miss__spec_v2_fragment_tight_train__00010,train,repair_near_miss,L3,spec_v2_fragment_tight_train,ACCEPT,COc1cccc(F)c1Cl,True,False,2,1,max_steps=4;max_proposals=4;max_verify_calls=4;max_total_verifier_calls=8;max_edit_cost=None,corpus/corpus.parquet,,
sgchem_v0.3__repair_near_miss__spec_v2_fragment_tight_train__00011,train,repair_near_miss,L3,spec_v2_fragment_tight_train,ACCEPT,ClCOc1ccccc1,True,False,2,1,max_steps=4;max_proposals=4;max_verify_calls=4;max_total_verifier_calls=8;max_edit_cost=None,corpus/corpus.parquet,,
sgchem_v0.3__repair_near_miss__spec_v2_fragment_tight_train__00012,train,repair_near_miss,L2,spec_v2_fragment_tight_train,ACCEPT,FCOCCCCl,True,False,2,1,max_steps=3;max_proposals=3;max_verify_calls=0;max_total_verifier_calls=3;max_edit_cost=None,corpus/corpus.parquet,,
sgchem_v0.3__repair_near_miss__spec_v2_fragment_tight_train__00013,train,repair_near_miss,L3,spec_v2_fragment_tight_train,ACCEPT,Fc1ccccc1OCCCl,True,False,2,1,max_steps=4;max_proposals=4;max_verify_calls=4;max_total_verifier_calls=8;max_edit_cost=None,corpus/corpus.parquet,,
sgchem_v0.3__repair_near_miss__spec_v2_fragment_tight_train__00014,train,repair_near_miss,L3,spec_v2_fragment_tight_train,ACCEPT,NC(=O)c1ccc(N)c(C(N)=O)c1,True,False,2,1,max_steps=4;max_proposals=4;max_verify_calls=4;max_total_verifier_calls=8;max_edit_cost=None,corpus/corpus.parquet,,
sgchem_v0.3__repair_near_miss__spec_v2_fragment_tight_train__00015,train,repair_near_miss,L2,spec_v2_fragment_tight_train,ACCEPT,NCCCF,True,False,2,1,max_steps=3;max_proposals=3;max_verify_calls=0;max_total_verifier_calls=3;max_edit_cost=None,corpus/corpus.parquet,,
sgchem_v0.3__repair_near_miss__spec_v2_fragment_tight_train__00016,train,repair_near_miss,L3,spec_v2_fragment_tight_train,ACCEPT,NCCOC(=O)NCN,True,False,2,1,max_steps=4;max_proposals=4;max_verify_calls=4;max_total_verifier_calls=8;max_edit_cost=None,corpus/corpus.parquet,,
sgchem_v0.3__repair_near_miss__spec_v2_fragment_tight_train__00017,train,repair_near_miss,L3,spec_v2_fragment_tight_train,ACCEPT,CC(=O)Oc1cc(C(N)=O)cc(C(N)=O)c1,True,False,2,1,max_steps=4;max_proposals=4;max_verify_calls=4;max_total_verifier_calls=8;max_edit_cost=None,corpus/corpus.parquet,,
sgchem_v0.3__repair_near_miss__spec_v2_fragment_tight_train__00018,train,repair_near_miss,L2,spec_v2_fragment_tight_train,ACCEPT,CC(CCl)Oc1ccccc1,True,False,2,1,max_steps=3;max_proposals=3;max_verify_calls=0;max_total_verifier_calls=3;max_edit_cost=None,corpus/corpus.parquet,,
sgchem_v0.3__repair_near_miss__spec_v2_fragment_tight_train__00019,train,repair_near_miss,L3,spec_v2_fragment_tight_train,ACCEPT,CC(N)C(=O)NCCN,True,False,2,1,max_steps=4;max_proposals=4;max_verify_calls=4;max_total_verifier_calls=8;max_edit_cost=None,corpus/corpus.parquet,,
sgchem_v0.3__repair_near_miss__spec_v2_fragment_tight_train__00020,train,repair_near_miss,L3,spec_v2_fragment_tight_train,ACCEPT,CCC(C)OCCl,True,False,2,1,max_steps=4;max_proposals=4;max_verify_calls=4;max_total_verifier_calls=8;max_edit_cost=None,corpus/corpus.parquet,,
sgchem_v0.3__repair_near_miss__spec_v2_fragment_ultra_dev__00001,dev,repair_near_miss,L3,spec_v2_fragment_ultra_dev,ACCEPT,CC(=O)NCCN,True,False,2,1,max_steps=4;max_proposals=4;max_verify_calls=4;max_total_verifier_calls=8;max_edit_cost=None,corpus/corpus.parquet,,
sgchem_v0.3__repair_near_miss__spec_v2_fragment_ultra_dev__00002,dev,repair_near_miss,L3,spec_v2_fragment_ultra_dev,ACCEPT,CC(=O)Nc1ccc(C(N)=O)cc1N,True,False,2,1,max_steps=4;max_proposals=4;max_verify_calls=4;max_total_verifier_calls=8;max_edit_cost=None,corpus/corpus.parquet,,
sgchem_v0.3__repair_near_miss__spec_v2_fragment_ultra_dev__00003,dev,repair_near_miss,L2,spec_v2_fragment_ultra_dev,ACCEPT,CC(=O)Oc1cc(C(N)=O)cc(C(N)=O)c1,True,False,2,1,max_steps=3;max_proposals=3;max_verify_calls=0;max_total_verifier_calls=3;max_edit_cost=None,corpus/corpus.parquet,,
sgchem_v0.3__repair_near_miss__spec_v2_fragment_ultra_dev__00004,dev,repair_near_miss,L3,spec_v2_fragment_ultra_dev,ACCEPT,CC(C)C(N)=O,True,False,2,1,max_steps=4;max_proposals=4;max_verify_calls=4;max_total_verifier_calls=8;max_edit_cost=None,corpus/corpus.parquet,,
sgchem_v0.3__repair_near_miss__spec_v2_fragment_ultra_dev__00005,dev,repair_near_miss,L3,spec_v2_fragment_ultra_dev,ACCEPT,CC(C)N(CCO)C(=O)OCCN,True,False,2,1,max_steps=4;max_proposals=4;max_verify_calls=4;max_total_verifier_calls=8;max_edit_cost=None,corpus/corpus.parquet,,
sgchem_v0.3__repair_near_miss__spec_v2_fragment_ultra_dev__00006,dev,repair_near_miss,L2,spec_v2_fragment_ultra_dev,ACCEPT,CC(C)Oc1ccc(Cl)cn1,True,False,2,1,max_steps=3;max_proposals=3;max_verify_calls=0;max_total_verifier_calls=3;max_edit_cost=None,corpus/corpus.parquet,,
sgchem_v0.3__repair_near_miss__spec_v2_fragment_ultra_dev__00007,dev,repair_near_miss,L3,spec_v2_fragment_ultra_dev,ACCEPT,CC(CN)OC(N)=O,True,False,2,1,max_steps=4;max_proposals=4;max_verify_calls=4;max_total_verifier_calls=8;max_edit_cost=None,corpus/corpus.parquet,,
sgchem_v0.3__repair_near_miss__spec_v2_fragment_ultra_dev__00008,dev,repair_near_miss,L3,spec_v2_fragment_ultra_dev,ACCEPT,CC(O)CCN,True,False,2,1,max_steps=4;max_proposals=4;max_verify_calls=4;max_total_verifier_calls=8;max_edit_cost=None,corpus/corpus.parquet,,
sgchem_v0.3__repair_near_miss__spec_v2_fragment_ultra_dev__00009,dev,repair_near_miss,L2,spec_v2_fragment_ultra_dev,ACCEPT,CCCCCCCO,True,False,2,1,max_steps=3;max_proposals=3;max_verify_calls=0;max_total_verifier_calls=3;max_edit_cost=None,corpus/corpus.parquet,,
sgchem_v0.3__repair_near_miss__spec_v2_fragment_ultra_dev__00010,dev,repair_near_miss,L3,spec_v2_fragment_ultra_dev,ACCEPT,CCN(CC(C)N)C(=O)OCCCl,True,False,2,1,max_steps=4;max_proposals=4;max_verify_calls=4;max_total_verifier_calls=8;max_edit_cost=None,corpus/corpus.parquet,,
sgchem_v0.3__repair_near_miss__spec_v2_fragment_ultra_dev__00011,dev,repair_near_miss,L3,spec_v2_fragment_ultra_dev,ACCEPT,CCN(CC)CC(N)CF,True,False,2,1,max_steps=4;max_proposals=4;max_verify_calls=4;max_total_verifier_calls=8;max_edit_cost=None,corpus/corpus.parquet,,
sgchem_v0.3__repair_near_miss__spec_v2_fragment_ultra_dev__00012,dev,repair_near_miss,L2,spec_v2_fragment_ultra_dev,ACCEPT,CCN(CCF)CC(C)O,True,False,2,1,max_steps=3;max_proposals=3;max_verify_calls=0;max_total_verifier_calls=3;max_edit_cost=None,corpus/corpus.parquet,,
sgchem_v0.3__repair_near_miss__spec_v2_fragment_ultra_dev__00013,dev,repair_near_miss,L3,spec_v2_fragment_ultra_dev,ACCEPT,CCN(CCN)C(C)CN,True,False,2,1,max_steps=4;max_proposals=4;max_verify_calls=4;max_total_verifier_calls=8;max_edit_cost=None,corpus/corpus.parquet,,
sgchem_v0.3__repair_near_miss__spec_v2_fragment_ultra_dev__00014,dev,repair_near_miss,L3,spec_v2_fragment_ultra_dev,ACCEPT,CCN(CCO)C(=O)OCC(C)N,True,False,2,1,max_steps=4;max_proposals=4;max_verify_calls=4;max_total_verifier_calls=8;max_edit_cost=None,corpus/corpus.parquet,,
sgchem_v0.3__repair_near_miss__spec_v2_fragment_ultra_dev__00015,dev,repair_near_miss,L2,spec_v2_fragment_ultra_dev,ACCEPT,CCNCCN,True,False,2,1,max_steps=3;max_proposals=3;max_verify_calls=0;max_total_verifier_calls=3;max_edit_cost=None,corpus/corpus.parquet,,
sgchem_v0.3__repair_near_miss__spec_v2_fragment_ultra_dev__00016,dev,repair_near_miss,L3,spec_v2_fragment_ultra_dev,ACCEPT,CCOC(=O)N(CC)CC(O)CN,True,False,2,1,max_steps=4;max_proposals=4;max_verify_calls=4;max_total_verifier_calls=8;max_edit_cost=None,corpus/corpus.parquet,,
sgchem_v0.3__repair_near_miss__spec_v2_fragment_ultra_dev__00017,dev,repair_near_miss,L3,spec_v2_fragment_ultra_dev,ACCEPT,CCOC(=O)N(CCN)CC(C)Cl,True,False,2,1,max_steps=4;max_proposals=4;max_verify_calls=4;max_total_verifier_calls=8;max_edit_cost=None,corpus/corpus.parquet,,
sgchem_v0.3__repair_near_miss__spec_v2_fragment_ultra_dev__00018,dev,repair_near_miss,L2,spec_v2_fragment_ultra_dev,ACCEPT,CCOC(=O)N(CCO)CCF,True,False,2,1,max_steps=3;max_proposals=3;max_verify_calls=0;max_total_verifier_calls=3;max_edit_cost=None,corpus/corpus.parquet,,
sgchem_v0.3__repair_near_miss__spec_v2_fragment_ultra_dev__00019,dev,repair_near_miss,L3,spec_v2_fragment_ultra_dev,ACCEPT,CCOc1ccc(Cl)c(Cl)c1,True,False,2,1,max_steps=4;max_proposals=4;max_verify_calls=4;max_total_verifier_calls=8;max_edit_cost=None,corpus/corpus.parquet,,
sgchem_v0.3__repair_near_miss__spec_v2_fragment_ultra_dev__00020,dev,repair_near_miss,L3,spec_v2_fragment_ultra_dev,ACCEPT,CCOc1nc(Cl)ccc1Cl,True,False,2,1,max_steps=4;max_proposals=4;max_verify_calls=4;max_total_verifier_calls=8;max_edit_cost=None,corpus/corpus.parquet,,
sgchem_v0.3__repair_near_miss__spec_v2_low_rotor_train__00001,train,repair_near_miss,L3,spec_v2_low_rotor_train,ACCEPT,CC(=O)OC(C)CN,True,False,2,1,max_steps=4;max_proposals=4;max_verify_calls=4;max_total_verifier_calls=8;max_edit_cost=None,corpus/corpus.parquet,,
sgchem_v0.3__repair_near_miss__spec_v2_low_rotor_train__00002,train,repair_near_miss,L3,spec_v2_low_rotor_train,ACCEPT,CC(C)N(CCO)CCF,True,False,2,1,max_steps=4;max_proposals=4;max_verify_calls=4;max_total_verifier_calls=8;max_edit_cost=None,corpus/corpus.parquet,,
sgchem_v0.3__repair_near_miss__spec_v2_low_rotor_train__00003,train,repair_near_miss,L2,spec_v2_low_rotor_train,ACCEPT,CC(N)C(=O)NCCN,True,False,2,1,max_steps=3;max_proposals=3;max_verify_calls=0;max_total_verifier_calls=3;max_edit_cost=None,corpus/corpus.parquet,,
sgchem_v0.3__repair_near_miss__spec_v2_low_rotor_train__00004,train,repair_near_miss,L3,spec_v2_low_rotor_train,ACCEPT,CCCCCCCCCCF,True,False,2,1,max_steps=4;max_proposals=4;max_verify_calls=4;max_total_verifier_calls=8;max_edit_cost=None,corpus/corpus.parquet,,
sgchem_v0.3__repair_near_miss__spec_v2_low_rotor_train__00005,train,repair_near_miss,L3,spec_v2_low_rotor_train,ACCEPT,CCN(C(=O)OCCCl)C(C)CO,True,False,2,1,max_steps=4;max_proposals=4;max_verify_calls=4;max_total_verifier_calls=8;max_edit_cost=None,corpus/corpus.parquet,,
sgchem_v0.3__repair_near_miss__spec_v2_low_rotor_train__00006,train,repair_near_miss,L2,spec_v2_low_rotor_train,ACCEPT,CCN(CC)C(CN)CF,True,False,2,1,max_steps=3;max_proposals=3;max_verify_calls=0;max_total_verifier_calls=3;max_edit_cost=None,corpus/corpus.parquet,,
sgchem_v0.3__repair_near_miss__spec_v2_low_rotor_train__00007,train,repair_near_miss,L3,spec_v2_low_rotor_train,ACCEPT,CCN(CC)CCO,True,False,2,1,max_steps=4;max_proposals=4;max_verify_calls=4;max_total_verifier_calls=8;max_edit_cost=None,corpus/corpus.parquet,,
sgchem_v0.3__repair_near_miss__spec_v2_low_rotor_train__00008,train,repair_near_miss,L3,spec_v2_low_rotor_train,ACCEPT,CCN(CCN)C(=O)OC(C)CF,True,False,2,1,max_steps=4;max_proposals=4;max_verify_calls=4;max_total_verifier_calls=8;max_edit_cost=None,corpus/corpus.parquet,,
sgchem_v0.3__repair_near_miss__spec_v2_low_rotor_train__00009,train,repair_near_miss,L2,spec_v2_low_rotor_train,ACCEPT,CCN(CCN)CC(C)F,True,False,2,1,max_steps=3;max_proposals=3;max_verify_calls=0;max_total_verifier_calls=3;max_edit_cost=None,corpus/corpus.parquet,,
sgchem_v0.3__repair_near_miss__spec_v2_low_rotor_train__00010,train,repair_near_miss,L3,spec_v2_low_rotor_train,ACCEPT,CCN(CCO)C(=O)OCCCl,True,False,2,1,max_steps=4;max_proposals=4;max_verify_calls=4;max_total_verifier_calls=8;max_edit_cost=None,corpus/corpus.parquet,,
sgchem_v0.3__repair_near_miss__spec_v2_low_rotor_train__00011,train,repair_near_miss,L3,spec_v2_low_rotor_train,ACCEPT,CCOC(=O)C(C)N,True,False,2,1,max_steps=4;max_proposals=4;max_verify_calls=4;max_total_verifier_calls=8;max_edit_cost=None,corpus/corpus.parquet,,
sgchem_v0.3__repair_near_miss__spec_v2_low_rotor_train__00012,train,repair_near_miss,L2,spec_v2_low_rotor_train,ACCEPT,CCOC(=O)N(CCCl)C(C)CN,True,False,2,1,max_steps=3;max_proposals=3;max_verify_calls=0;max_total_verifier_calls=3;max_edit_cost=None,corpus/corpus.parquet,,
sgchem_v0.3__repair_near_miss__spec_v2_low_rotor_train__00013,train,repair_near_miss,L3,spec_v2_low_rotor_train,ACCEPT,CCOC(=O)N(CCN)CC(C)F,True,False,2,1,max_steps=4;max_proposals=4;max_verify_calls=4;max_total_verifier_calls=8;max_edit_cost=None,corpus/corpus.parquet,,
sgchem_v0.3__repair_near_miss__spec_v2_low_rotor_train__00014,train,repair_near_miss,L3,spec_v2_low_rotor_train,ACCEPT,CCOC(=O)N(CCO)CCCl,True,False,2,1,max_steps=4;max_proposals=4;max_verify_calls=4;max_total_verifier_calls=8;max_edit_cost=None,corpus/corpus.parquet,,
sgchem_v0.3__repair_near_miss__spec_v2_low_rotor_train__00015,train,repair_near_miss,L2,spec_v2_low_rotor_train,ACCEPT,NC(=O)c1cc(C(N)=O)cc(C(N)=O)c1,True,False,2,1,max_steps=3;max_proposals=3;max_verify_calls=0;max_total_verifier_calls=3;max_edit_cost=None,corpus/corpus.parquet,,
sgchem_v0.3__repair_near_miss__spec_v2_low_rotor_train__00016,train,repair_near_miss,L3,spec_v2_low_rotor_train,ACCEPT,NCCN(CCCl)CCCl,True,False,2,1,max_steps=4;max_proposals=4;max_verify_calls=4;max_total_verifier_calls=8;max_edit_cost=None,corpus/corpus.parquet,,
sgchem_v0.3__repair_near_miss__spec_v2_low_rotor_train__00017,train,repair_near_miss,L3,spec_v2_low_rotor_train,ACCEPT,NCCOC(=O)N(CCN)CCCl,True,False,2,1,max_steps=4;max_proposals=4;max_verify_calls=4;max_total_verifier_calls=8;max_edit_cost=None,corpus/corpus.parquet,,
sgchem_v0.3__repair_near_miss__spec_v2_low_rotor_train__00018,train,repair_near_miss,L2,spec_v2_low_rotor_train,ACCEPT,CC(=O)NC(C)CN,True,False,2,1,max_steps=3;max_proposals=3;max_verify_calls=0;max_total_verifier_calls=3;max_edit_cost=None,corpus/corpus.parquet,,
sgchem_v0.3__repair_near_miss__spec_v2_low_rotor_train__00019,train,repair_near_miss,L3,spec_v2_low_rotor_train,ACCEPT,CC(C)N(CCN)CCCl,True,False,2,1,max_steps=4;max_proposals=4;max_verify_calls=4;max_total_verifier_calls=8;max_edit_cost=None,corpus/corpus.parquet,,
sgchem_v0.3__repair_near_miss__spec_v2_low_rotor_train__00020,train,repair_near_miss,L3,spec_v2_low_rotor_train,ACCEPT,CC(C)OC(=O)N(CCN)CCF,True,False,2,1,max_steps=4;max_proposals=4;max_verify_calls=4;max_total_verifier_calls=8;max_edit_cost=None,corpus/corpus.parquet,,
sgchem_v0.3__repair_near_miss__spec_v2_polar_bias_train__00001,train,repair_near_miss,L3,spec_v2_polar_bias_train,ACCEPT,CC(=O)OCC(C)N,True,False,2,1,max_steps=4;max_proposals=4;max_verify_calls=4;max_total_verifier_calls=8;max_edit_cost=None,corpus/corpus.parquet,,
sgchem_v0.3__repair_near_miss__spec_v2_polar_bias_train__00002,train,repair_near_miss,L3,spec_v2_polar_bias_train,ACCEPT,CC(CN)OC(N)=O,True,False,2,1,max_steps=4;max_proposals=4;max_verify_calls=4;max_total_verifier_calls=8;max_edit_cost=None,corpus/corpus.parquet,,
sgchem_v0.3__repair_near_miss__spec_v2_polar_bias_train__00003,train,repair_near_miss,L2,spec_v2_polar_bias_train,ACCEPT,CC(N)Oc1ccccc1,True,False,2,1,max_steps=3;max_proposals=3;max_verify_calls=0;max_total_verifier_calls=3;max_edit_cost=None,corpus/corpus.parquet,,
sgchem_v0.3__repair_near_miss__spec_v2_polar_bias_train__00004,train,repair_near_miss,L3,spec_v2_polar_bias_train,ACCEPT,CCOc1c(N)cccc1F,True,False,2,1,max_steps=4;max_proposals=4;max_verify_calls=4;max_total_verifier_calls=8;max_edit_cost=None,corpus/corpus.parquet,,
sgchem_v0.3__repair_near_miss__spec_v2_polar_bias_train__00005,train,repair_near_miss,L3,spec_v2_polar_bias_train,ACCEPT,CCOc1ccc(N)cc1,True,False,2,1,max_steps=4;max_proposals=4;max_verify_calls=4;max_total_verifier_calls=8;max_edit_cost=None,corpus/corpus.parquet,,
sgchem_v0.3__repair_near_miss__spec_v2_polar_bias_train__00006,train,repair_near_miss,L2,spec_v2_polar_bias_train,ACCEPT,CNC(=O)OCCCl,True,False,2,1,max_steps=3;max_proposals=3;max_verify_calls=0;max_total_verifier_calls=3;max_edit_cost=None,corpus/corpus.parquet,,
sgchem_v0.3__repair_near_miss__spec_v2_polar_bias_train__00007,train,repair_near_miss,L3,spec_v2_polar_bias_train,ACCEPT,COc1ccc(F)c(N)c1,True,False,2,1,max_steps=4;max_proposals=4;max_verify_calls=4;max_total_verifier_calls=8;max_edit_cost=None,corpus/corpus.parquet,,
sgchem_v0.3__repair_near_miss__spec_v2_polar_bias_train__00008,train,repair_near_miss,L3,spec_v2_polar_bias_train,ACCEPT,NC(=O)c1cc(C(N)=O)c(C(N)=O)cn1,True,False,2,1,max_steps=4;max_proposals=4;max_verify_calls=4;max_total_verifier_calls=8;max_edit_cost=None,corpus/corpus.parquet,,
sgchem_v0.3__repair_near_miss__spec_v2_polar_bias_train__00009,train,repair_near_miss,L2,spec_v2_polar_bias_train,ACCEPT,NCCCOCCl,True,False,2,1,max_steps=3;max_proposals=3;max_verify_calls=0;max_total_verifier_calls=3;max_edit_cost=None,corpus/corpus.parquet,,
sgchem_v0.3__repair_near_miss__spec_v2_polar_bias_train__00010,train,repair_near_miss,L3,spec_v2_polar_bias_train,ACCEPT,NCCOc1ccccc1Cl,True,False,2,1,max_steps=4;max_proposals=4;max_verify_calls=4;max_total_verifier_calls=8;max_edit_cost=None,corpus/corpus.parquet,,
sgchem_v0.3__repair_near_miss__spec_v2_polar_bias_train__00011,train,repair_near_miss,L3,spec_v2_polar_bias_train,ACCEPT,Nc1ccc(OCCCl)cc1,True,False,2,1,max_steps=4;max_proposals=4;max_verify_calls=4;max_total_verifier_calls=8;max_edit_cost=None,corpus/corpus.parquet,,
sgchem_v0.3__repair_near_miss__spec_v2_polar_bias_train__00012,train,repair_near_miss,L2,spec_v2_polar_bias_train,ACCEPT,Nc1cccnc1Cl,True,False,2,1,max_steps=3;max_proposals=3;max_verify_calls=0;max_total_verifier_calls=3;max_edit_cost=None,corpus/corpus.parquet,,
sgchem_v0.3__repair_near_miss__spec_v2_polar_bias_train__00013,train,repair_near_miss,L3,spec_v2_polar_bias_train,ACCEPT,O=C(O)c1cc(Cl)cc(Cl)c1,True,False,2,1,max_steps=4;max_proposals=4;max_verify_calls=4;max_total_verifier_calls=8;max_edit_cost=None,corpus/corpus.parquet,,
sgchem_v0.3__repair_near_miss__spec_v2_polar_bias_train__00014,train,repair_near_miss,L3,spec_v2_polar_bias_train,ACCEPT,O=C(O)c1ccc(F)c(F)c1,True,False,2,1,max_steps=4;max_proposals=4;max_verify_calls=4;max_total_verifier_calls=8;max_edit_cost=None,corpus/corpus.parquet,,
sgchem_v0.3__repair_near_miss__spec_v2_polar_bias_train__00015,train,repair_near_miss,L2,spec_v2_polar_bias_train,ACCEPT,CC(=O)NC(C)CN,True,False,2,1,max_steps=3;max_proposals=3;max_verify_calls=0;max_total_verifier_calls=3;max_edit_cost=None,corpus/corpus.parquet,,
sgchem_v0.3__repair_near_miss__spec_v2_polar_bias_train__00016,train,repair_near_miss,L3,spec_v2_polar_bias_train,ACCEPT,CC(C)Oc1ccc(N)cc1,True,False,2,1,max_steps=4;max_proposals=4;max_verify_calls=4;max_total_verifier_calls=8;max_edit_cost=None,corpus/corpus.parquet,,
sgchem_v0.3__repair_near_miss__spec_v2_polar_bias_train__00017,train,repair_near_miss,L3,spec_v2_polar_bias_train,ACCEPT,CC(Cl)CNCCN,True,False,2,1,max_steps=4;max_proposals=4;max_verify_calls=4;max_total_verifier_calls=8;max_edit_cost=None,corpus/corpus.parquet,,
sgchem_v0.3__repair_near_miss__spec_v2_polar_bias_train__00018,train,repair_near_miss,L2,spec_v2_polar_bias_train,ACCEPT,CCNCC(N)CCl,True,False,2,1,max_steps=3;max_proposals=3;max_verify_calls=0;max_total_verifier_calls=3;max_edit_cost=None,corpus/corpus.parquet,,
sgchem_v0.3__repair_near_miss__spec_v2_polar_bias_train__00019,train,repair_near_miss,L3,spec_v2_polar_bias_train,ACCEPT,CCOc1cc(N)cc(F)c1,True,False,2,1,max_steps=4;max_proposals=4;max_verify_calls=4;max_total_verifier_calls=8;max_edit_cost=None,corpus/corpus.parquet,,
sgchem_v0.3__repair_near_miss__spec_v2_polar_bias_train__00020,train,repair_near_miss,L3,spec_v2_polar_bias_train,ACCEPT,CCOc1cccc(F)c1N,True,False,2,1,max_steps=4;max_proposals=4;max_verify_calls=4;max_total_verifier_calls=8;max_edit_cost=None,corpus/corpus.parquet,,
sgchem_v0.3__repair_near_miss__spec_v2_ro5_balanced_test__00001,test,repair_near_miss,L3,spec_v2_ro5_balanced_test,ACCEPT,CC(=O)NCC(N)CN,True,False,3,1,max_steps=4;max_proposals=4;max_verify_calls=4;max_total_verifier_calls=8;max_edit_cost=None,corpus/corpus.parquet,,
sgchem_v0.3__repair_near_miss__spec_v2_ro5_balanced_test__00002,test,repair_near_miss,L3,spec_v2_ro5_balanced_test,ACCEPT,CC(=O)Nc1cc(N)cc(N)c1,True,False,3,1,max_steps=4;max_proposals=4;max_verify_calls=4;max_total_verifier_calls=8;max_edit_cost=None,corpus/corpus.parquet,,
sgchem_v0.3__repair_near_miss__spec_v2_ro5_balanced_test__00003,test,repair_near_miss,L2,spec_v2_ro5_balanced_test,ACCEPT,CC(=O)Nc1ccc(N)c(F)c1,True,False,3,1,max_steps=3;max_proposals=3;max_verify_calls=0;max_total_verifier_calls=3;max_edit_cost=None,corpus/corpus.parquet,,
sgchem_v0.3__repair_near_miss__spec_v2_ro5_balanced_test__00004,test,repair_near_miss,L3,spec_v2_ro5_balanced_test,ACCEPT,CC(=O)Nc1cccc(N)c1F,True,False,3,1,max_steps=4;max_proposals=4;max_verify_calls=4;max_total_verifier_calls=8;max_edit_cost=None,corpus/corpus.parquet,,
sgchem_v0.3__repair_near_miss__spec_v2_ro5_balanced_test__00005,test,repair_near_miss,L3,spec_v2_ro5_balanced_test,ACCEPT,CC(=O)Oc1c(F)cccc1F,True,False,3,1,max_steps=4;max_proposals=4;max_verify_calls=4;max_total_verifier_calls=8;max_edit_cost=None,corpus/corpus.parquet,,
sgchem_v0.3__repair_near_miss__spec_v2_ro5_balanced_test__00006,test,repair_near_miss,L2,spec_v2_ro5_balanced_test,ACCEPT,CC(=O)Oc1cc(Cl)ccc1Cl,True,False,3,1,max_steps=3;max_proposals=3;max_verify_calls=0;max_total_verifier_calls=3;max_edit_cost=None,corpus/corpus.parquet,,
sgchem_v0.3__repair_near_miss__spec_v2_ro5_balanced_test__00007,test,repair_near_miss,L3,spec_v2_ro5_balanced_test,ACCEPT,CC(=O)Oc1cc(N)cc(N)c1,True,False,3,1,max_steps=4;max_proposals=4;max_verify_calls=4;max_total_verifier_calls=8;max_edit_cost=None,corpus/corpus.parquet,,
sgchem_v0.3__repair_near_miss__spec_v2_ro5_balanced_test__00008,test,repair_near_miss,L3,spec_v2_ro5_balanced_test,ACCEPT,CC(=O)Oc1ccc(C(N)=O)cc1N,True,False,3,1,max_steps=4;max_proposals=4;max_verify_calls=4;max_total_verifier_calls=8;max_edit_cost=None,corpus/corpus.parquet,,
sgchem_v0.3__repair_near_miss__spec_v2_ro5_balanced_test__00009,test,repair_near_miss,L2,spec_v2_ro5_balanced_test,ACCEPT,CC(=O)Oc1ccc(F)c(N)c1,True,False,3,1,max_steps=3;max_proposals=3;max_verify_calls=0;max_total_verifier_calls=3;max_edit_cost=None,corpus/corpus.parquet,,
sgchem_v0.3__repair_near_miss__spec_v2_ro5_balanced_test__00010,test,repair_near_miss,L3,spec_v2_ro5_balanced_test,ACCEPT,CC(=O)Oc1ccc(N)cc1F,True,False,3,1,max_steps=4;max_proposals=4;max_verify_calls=4;max_total_verifier_calls=8;max_edit_cost=None,corpus/corpus.parquet,,
sgchem_v0.3__repair_near_miss__spec_v2_ro5_balanced_test__00011,test,repair_near_miss,L3,spec_v2_ro5_balanced_test,ACCEPT,CC(=O)Oc1cccc(F)c1C(N)=O,True,False,3,1,max_steps=4;max_proposals=4;max_verify_calls=4;max_total_verifier_calls=8;max_edit_cost=None,corpus/corpus.parquet,,
sgchem_v0.3__repair_near_miss__spec_v2_ro5_balanced_test__00012,test,repair_near_miss,L2,spec_v2_ro5_balanced_test,ACCEPT,CC(=O)Oc1ccccc1N,True,False,3,1,max_steps=3;max_proposals=3;max_verify_calls=0;max_total_verifier_calls=3;max_edit_cost=None,corpus/corpus.parquet,,
sgchem_v0.3__repair_near_miss__spec_v2_ro5_balanced_test__00013,test,repair_near_miss,L3,spec_v2_ro5_balanced_test,ACCEPT,CC(C)OC(=O)NCN,True,False,3,1,max_steps=4;max_proposals=4;max_verify_calls=4;max_total_verifier_calls=8;max_edit_cost=None,corpus/corpus.parquet,,
sgchem_v0.3__repair_near_miss__spec_v2_ro5_balanced_test__00014,test,repair_near_miss,L3,spec_v2_ro5_balanced_test,ACCEPT,CC(CCl)OC(N)=O,True,False,3,1,max_steps=4;max_proposals=4;max_verify_calls=4;max_total_verifier_calls=8;max_edit_cost=None,corpus/corpus.parquet,,
sgchem_v0.3__repair_near_miss__spec_v2_ro5_balanced_test__00015,test,repair_near_miss,L2,spec_v2_ro5_balanced_test,ACCEPT,CC(Cl)C(=O)NCCO,True,False,3,1,max_steps=3;max_proposals=3;max_verify_calls=0;max_total_verifier_calls=3;max_edit_cost=None,corpus/corpus.parquet,,
sgchem_v0.3__repair_near_miss__spec_v2_ro5_balanced_test__00016,test,repair_near_miss,L3,spec_v2_ro5_balanced_test,ACCEPT,CC(F)C(=O)Oc1ccccc1,True,False,3,1,max_steps=4;max_proposals=4;max_verify_calls=4;max_total_verifier_calls=8;max_edit_cost=None,corpus/corpus.parquet,,
sgchem_v0.3__repair_near_miss__spec_v2_ro5_balanced_test__00017,test,repair_near_miss,L3,spec_v2_ro5_balanced_test,ACCEPT,CC(N)Oc1ccccc1,True,False,3,1,max_steps=4;max_proposals=4;max_verify_calls=4;max_total_verifier_calls=8;max_edit_cost=None,corpus/corpus.parquet,,
sgchem_v0.3__repair_near_miss__spec_v2_ro5_balanced_test__00018,test,repair_near_miss,L2,spec_v2_ro5_balanced_test,ACCEPT,CCCCCCCCCCCCN,True,False,3,1,max_steps=3;max_proposals=3;max_verify_calls=0;max_total_verifier_calls=3;max_edit_cost=None,corpus/corpus.parquet,,
sgchem_v0.3__repair_near_miss__spec_v2_ro5_balanced_test__00019,test,repair_near_miss,L3,spec_v2_ro5_balanced_test,ACCEPT,CCN(CC(C)O)C(=O)OCCCl,True,False,3,1,max_steps=4;max_proposals=4;max_verify_calls=4;max_total_verifier_calls=8;max_edit_cost=None,corpus/corpus.parquet,,
sgchem_v0.3__repair_near_miss__spec_v2_ro5_balanced_test__00020,test,repair_near_miss,L3,spec_v2_ro5_balanced_test,ACCEPT,CCN(CCN)C(=O)OC(C)CCl,True,False,3,1,max_steps=4;max_proposals=4;max_verify_calls=4;max_total_verifier_calls=8;max_edit_cost=None,corpus/corpus.parquet,,
sgchem_v0.3__repair_near_miss__spec_v2_sa_relaxed_dev__00001,dev,repair_near_miss,L3,spec_v2_sa_relaxed_dev,ACCEPT,CC(N)C(=O)NCCN,True,False,3,1,max_steps=4;max_proposals=4;max_verify_calls=4;max_total_verifier_calls=8;max_edit_cost=None,corpus/corpus.parquet,,
sgchem_v0.3__repair_near_miss__spec_v2_sa_relaxed_dev__00002,dev,repair_near_miss,L3,spec_v2_sa_relaxed_dev,ACCEPT,ClCCCl,True,False,3,1,max_steps=4;max_proposals=4;max_verify_calls=4;max_total_verifier_calls=8;max_edit_cost=None,corpus/corpus.parquet,,
sgchem_v0.3__repair_near_miss__spec_v2_sa_relaxed_dev__00003,dev,repair_near_miss,L2,spec_v2_sa_relaxed_dev,ACCEPT,NC(=O)c1cccc(C(N)=O)c1C(N)=O,True,False,3,1,max_steps=3;max_proposals=3;max_verify_calls=0;max_total_verifier_calls=3;max_edit_cost=None,corpus/corpus.parquet,,
sgchem_v0.3__repair_near_miss__spec_v2_sa_relaxed_dev__00004,dev,repair_near_miss,L3,spec_v2_sa_relaxed_dev,ACCEPT,NCCNC(=O)CN,True,False,3,1,max_steps=4;max_proposals=4;max_verify_calls=4;max_total_verifier_calls=8;max_edit_cost=None,corpus/corpus.parquet,,
sgchem_v0.3__repair_near_miss__spec_v2_sa_relaxed_dev__00005,dev,repair_near_miss,L3,spec_v2_sa_relaxed_dev,ACCEPT,CC(=O)NC(CN)CO,True,False,3,1,max_steps=4;max_proposals=4;max_verify_calls=4;max_total_verifier_calls=8;max_edit_cost=None,corpus/corpus.parquet,,
sgchem_v0.3__repair_near_miss__spec_v2_sa_relaxed_dev__00006,dev,repair_near_miss,L2,spec_v2_sa_relaxed_dev,ACCEPT,CC(N)CNCCN,True,False,3,1,max_steps=3;max_proposals=3;max_verify_calls=0;max_total_verifier_calls=3;max_edit_cost=None,corpus/corpus.parquet,,
sgchem_v0.3__repair_near_miss__spec_v2_sa_relaxed_dev__00007,dev,repair_near_miss,L3,spec_v2_sa_relaxed_dev,ACCEPT,Fc1ccccc1,True,False,3,1,max_steps=4;max_proposals=4;max_verify_calls=4;max_total_verifier_calls=8;max_edit_cost=None,corpus/corpus.parquet,,
sgchem_v0.3__repair_near_miss__spec_v2_sa_relaxed_dev__00008,dev,repair_near_miss,L3,spec_v2_sa_relaxed_dev,ACCEPT,NC(=O)c1ccnc(N)c1C(N)=O,True,False,3,1,max_steps=4;max_proposals=4;max_verify_calls=4;max_total_verifier_calls=8;max_edit_cost=None,corpus/corpus.parquet,,
sgchem_v0.3__repair_near_miss__spec_v2_sa_relaxed_dev__00009,dev,repair_near_miss,L2,spec_v2_sa_relaxed_dev,ACCEPT,NCCOC(=O)CN,True,False,3,1,max_steps=3;max_proposals=3;max_verify_calls=0;max_total_verifier_calls=3;max_edit_cost=None,corpus/corpus.parquet,,
sgchem_v0.3__repair_near_miss__spec_v2_sa_relaxed_dev__00010,dev,repair_near_miss,L3,spec_v2_sa_relaxed_dev,ACCEPT,CC(CN)NC(=O)CN,True,False,3,1,max_steps=4;max_proposals=4;max_verify_calls=4;max_total_verifier_calls=8;max_edit_cost=None,corpus/corpus.parquet,,
sgchem_v0.3__repair_near_miss__spec_v2_sa_relaxed_dev__00011,dev,repair_near_miss,L3,spec_v2_sa_relaxed_dev,ACCEPT,CC(O)CNCCN,True,False,3,1,max_steps=4;max_proposals=4;max_verify_calls=4;max_total_verifier_calls=8;max_edit_cost=None,corpus/corpus.parquet,,
sgchem_v0.3__repair_near_miss__spec_v2_sa_relaxed_dev__00012,dev,repair_near_miss,L2,spec_v2_sa_relaxed_dev,ACCEPT,Fc1ccncc1,True,False,3,1,max_steps=3;max_proposals=3;max_verify_calls=0;max_total_verifier_calls=3;max_edit_cost=None,corpus/corpus.parquet,,
sgchem_v0.3__repair_near_miss__spec_v2_sa_relaxed_dev__00013,dev,repair_near_miss,L3,spec_v2_sa_relaxed_dev,ACCEPT,NC(=O)c1cncc(N)c1C(N)=O,True,False,3,1,max_steps=4;max_proposals=4;max_verify_calls=4;max_total_verifier_calls=8;max_edit_cost=None,corpus/corpus.parquet,,
sgchem_v0.3__repair_near_miss__spec_v2_sa_relaxed_dev__00014,dev,repair_near_miss,L3,spec_v2_sa_relaxed_dev,ACCEPT,NCCOC(=O)NCCO,True,False,3,1,max_steps=4;max_proposals=4;max_verify_calls=4;max_total_verifier_calls=8;max_edit_cost=None,corpus/corpus.parquet,,
sgchem_v0.3__repair_near_miss__spec_v2_sa_relaxed_dev__00015,dev,repair_near_miss,L2,spec_v2_sa_relaxed_dev,ACCEPT,CC(CO)NC(=O)CN,True,False,3,1,max_steps=3;max_proposals=3;max_verify_calls=0;max_total_verifier_calls=3;max_edit_cost=None,corpus/corpus.parquet,,
sgchem_v0.3__repair_near_miss__spec_v2_sa_relaxed_dev__00016,dev,repair_near_miss,L3,spec_v2_sa_relaxed_dev,ACCEPT,CCNC(CN)CO,True,False,3,1,max_steps=4;max_proposals=4;max_verify_calls=4;max_total_verifier_calls=8;max_edit_cost=None,corpus/corpus.parquet,,
sgchem_v0.3__repair_near_miss__spec_v2_sa_relaxed_dev__00017,dev,repair_near_miss,L3,spec_v2_sa_relaxed_dev,ACCEPT,NC(=O)c1cc(C(N)=O)cc(C(N)=O)c1,True,False,3,1,max_steps=4;max_proposals=4;max_verify_calls=4;max_total_verifier_calls=8;max_edit_cost=None,corpus/corpus.parquet,,
sgchem_v0.3__repair_near_miss__spec_v2_sa_relaxed_dev__00018,dev,repair_near_miss,L2,spec_v2_sa_relaxed_dev,ACCEPT,NCC(=O)NCF,True,False,3,1,max_steps=3;max_proposals=3;max_verify_calls=0;max_total_verifier_calls=3;max_edit_cost=None,corpus/corpus.parquet,,
sgchem_v0.3__repair_near_miss__spec_v2_sa_relaxed_dev__00019,dev,repair_near_miss,L3,spec_v2_sa_relaxed_dev,ACCEPT,NCNC(=O)CN,True,False,3,1,max_steps=4;max_proposals=4;max_verify_calls=4;max_total_verifier_calls=8;max_edit_cost=None,corpus/corpus.parquet,,
sgchem_v0.3__repair_near_miss__spec_v2_sa_relaxed_dev__00020,dev,repair_near_miss,L3,spec_v2_sa_relaxed_dev,ACCEPT,CC(F)CCl,True,False,3,1,max_steps=4;max_proposals=4;max_verify_calls=4;max_total_verifier_calls=8;max_edit_cost=None,corpus/corpus.parquet,,
sgchem_v0.3__repair_near_miss__spec_v2_sa_strict_test__00001,test,repair_near_miss,L3,spec_v2_sa_strict_test,ACCEPT,CC(CF)C(N)=O,True,False,3,1,max_steps=4;max_proposals=4;max_verify_calls=4;max_total_verifier_calls=8;max_edit_cost=None,corpus/corpus.parquet,,
sgchem_v0.3__repair_near_miss__spec_v2_sa_strict_test__00002,test,repair_near_miss,L3,spec_v2_sa_strict_test,ACCEPT,CC(Cl)C(=O)O,True,False,3,1,max_steps=4;max_proposals=4;max_verify_calls=4;max_total_verifier_calls=8;max_edit_cost=None,corpus/corpus.parquet,,
sgchem_v0.3__repair_near_miss__spec_v2_sa_strict_test__00003,test,repair_near_miss,L2,spec_v2_sa_strict_test,ACCEPT,CC(N)CCCl,True,False,3,1,max_steps=3;max_proposals=3;max_verify_calls=0;max_total_verifier_calls=3;max_edit_cost=None,corpus/corpus.parquet,,
sgchem_v0.3__repair_near_miss__spec_v2_sa_strict_test__00004,test,repair_near_miss,L3,spec_v2_sa_strict_test,ACCEPT,CCC(N)CCl,True,False,3,1,max_steps=4;max_proposals=4;max_verify_calls=4;max_total_verifier_calls=8;max_edit_cost=None,corpus/corpus.parquet,,
sgchem_v0.3__repair_near_miss__spec_v2_sa_strict_test__00005,test,repair_near_miss,L3,spec_v2_sa_strict_test,ACCEPT,CCCCCCCCCCO,True,False,3,1,max_steps=4;max_proposals=4;max_verify_calls=4;max_total_verifier_calls=8;max_edit_cost=None,corpus/corpus.parquet,,
sgchem_v0.3__repair_near_miss__spec_v2_sa_strict_test__00006,test,repair_near_miss,L2,spec_v2_sa_strict_test,ACCEPT,CCOC(=O)CF,True,False,3,1,max_steps=3;max_proposals=3;max_verify_calls=0;max_total_verifier_calls=3;max_edit_cost=None,corpus/corpus.parquet,,
sgchem_v0.3__repair_near_miss__spec_v2_sa_strict_test__00007,test,repair_near_miss,L3,spec_v2_sa_strict_test,ACCEPT,COCC(C)Cl,True,False,3,1,max_steps=4;max_proposals=4;max_verify_calls=4;max_total_verifier_calls=8;max_edit_cost=None,corpus/corpus.parquet,,
sgchem_v0.3__repair_near_miss__spec_v2_sa_strict_test__00008,test,repair_near_miss,L3,spec_v2_sa_strict_test,ACCEPT,NC(=O)c1cccc(C(N)=O)c1C(N)=O,True,False,3,1,max_steps=4;max_proposals=4;max_verify_calls=4;max_total_verifier_calls=8;max_edit_cost=None,corpus/corpus.parquet,,
sgchem_v0.3__repair_near_miss__spec_v2_sa_strict_test__00009,test,repair_near_miss,L2,spec_v2_sa_strict_test,ACCEPT,NCCN(CCN)CCN,True,False,3,1,max_steps=3;max_proposals=3;max_verify_calls=0;max_total_verifier_calls=3;max_edit_cost=None,corpus/corpus.parquet,,
sgchem_v0.3__repair_near_miss__spec_v2_sa_strict_test__00010,test,repair_near_miss,L3,spec_v2_sa_strict_test,ACCEPT,NCOCCCl,True,False,3,1,max_steps=4;max_proposals=4;max_verify_calls=4;max_total_verifier_calls=8;max_edit_cost=None,corpus/corpus.parquet,,
sgchem_v0.3__repair_near_miss__spec_v2_sa_strict_test__00011,test,repair_near_miss,L3,spec_v2_sa_strict_test,ACCEPT,O=C(CF)NCF,True,False,3,1,max_steps=4;max_proposals=4;max_verify_calls=4;max_total_verifier_calls=8;max_edit_cost=None,corpus/corpus.parquet,,
sgchem_v0.3__repair_near_miss__spec_v2_sa_strict_test__00012,test,repair_near_miss,L2,spec_v2_sa_strict_test,ACCEPT,CC(C)N(C)CF,True,False,3,1,max_steps=3;max_proposals=3;max_verify_calls=0;max_total_verifier_calls=3;max_edit_cost=None,corpus/corpus.parquet,,
sgchem_v0.3__repair_near_miss__spec_v2_sa_strict_test__00013,test,repair_near_miss,L3,spec_v2_sa_strict_test,ACCEPT,CC(CO)CCF,True,False,3,1,max_steps=4;max_proposals=4;max_verify_calls=4;max_total_verifier_calls=8;max_edit_cost=None,corpus/corpus.parquet,,
sgchem_v0.3__repair_near_miss__spec_v2_sa_strict_test__00014,test,repair_near_miss,L3,spec_v2_sa_strict_test,ACCEPT,CC(N)C(=O)NCCN,True,False,3,1,max_steps=4;max_proposals=4;max_verify_calls=4;max_total_verifier_calls=8;max_edit_cost=None,corpus/corpus.parquet,,
sgchem_v0.3__repair_near_miss__spec_v2_sa_strict_test__00015,test,repair_near_miss,L2,spec_v2_sa_strict_test,ACCEPT,CCC(C)OCF,True,False,3,1,max_steps=3;max_proposals=3;max_verify_calls=0;max_total_verifier_calls=3;max_edit_cost=None,corpus/corpus.parquet,,
sgchem_v0.3__repair_near_miss__spec_v2_sa_strict_test__00016,test,repair_near_miss,L3,spec_v2_sa_strict_test,ACCEPT,CCCCCCCCCCCO,True,False,3,1,max_steps=4;max_proposals=4;max_verify_calls=4;max_total_verifier_calls=8;max_edit_cost=None,corpus/corpus.parquet,,
sgchem_v0.3__repair_near_miss__spec_v2_sa_strict_test__00017,test,repair_near_miss,L3,spec_v2_sa_strict_test,ACCEPT,CCNC(CN)CN,True,False,3,1,max_steps=4;max_proposals=4;max_verify_calls=4;max_total_verifier_calls=8;max_edit_cost=None,corpus/corpus.parquet,,
sgchem_v0.3__repair_near_miss__spec_v2_sa_strict_test__00018,test,repair_near_miss,L2,spec_v2_sa_strict_test,ACCEPT,CNCC(C)Cl,True,False,3,1,max_steps=3;max_proposals=3;max_verify_calls=0;max_total_verifier_calls=3;max_edit_cost=None,corpus/corpus.parquet,,
sgchem_v0.3__repair_near_miss__spec_v2_sa_strict_test__00019,test,repair_near_miss,L3,spec_v2_sa_strict_test,ACCEPT,NC(=O)c1cc(C(N)=O)cc(C(N)=O)c1,True,False,3,1,max_steps=4;max_proposals=4;max_verify_calls=4;max_total_verifier_calls=8;max_edit_cost=None,corpus/corpus.parquet,,
sgchem_v0.3__repair_near_miss__spec_v2_sa_strict_test__00020,test,repair_near_miss,L3,spec_v2_sa_strict_test,ACCEPT,NCC(N)CCl,True,False,3,1,max_steps=4;max_proposals=4;max_verify_calls=4;max_total_verifier_calls=8;max_edit_cost=None,corpus/corpus.parquet,,
sgchem_v0.3__smiles_invariance__spec_v1_basic__00001,train,smiles_invariance,L1,spec_v1_basic,ACCEPT,CC(=O)Nc1c(N)cccc1C(N)=O,True,False,2,2,max_steps=1;max_proposals=1;max_verify_calls=0;max_total_verifier_calls=1;max_edit_cost=None,corpus/corpus.parquet,sgchem_v0.3__invariance_group__stereo__spec_v1_basic__00009,
sgchem_v0.3__smiles_invariance__spec_v1_basic__00002,train,smiles_invariance,L1,spec_v1_basic,ACCEPT,c1c(N)c(NC(C)=O)c(C(N)=O)cc1,True,False,2,2,max_steps=1;max_proposals=1;max_verify_calls=0;max_total_verifier_calls=1;max_edit_cost=None,corpus/corpus.parquet,sgchem_v0.3__invariance_group__stereo__spec_v1_basic__00009,
sgchem_v0.3__smiles_invariance__spec_v1_basic__00003,train,smiles_invariance,L1,spec_v1_basic,ACCEPT,CC(=O)Nc1c(N)cccc1N,True,False,2,2,max_steps=1;max_proposals=1;max_verify_calls=0;max_total_verifier_calls=1;max_edit_cost=None,corpus/corpus.parquet,sgchem_v0.3__invariance_group__aromatic__spec_v1_basic__00021,
sgchem_v0.3__smiles_invariance__spec_v1_basic__00004,train,smiles_invariance,L1,spec_v1_basic,ACCEPT,Nc1c(NC(C)=O)c(N)ccc1,True,False,2,2,max_steps=1;max_proposals=1;max_verify_calls=0;max_total_verifier_calls=1;max_edit_cost=None,corpus/corpus.parquet,sgchem_v0.3__invariance_group__aromatic__spec_v1_basic__00021,
sgchem_v0.3__smiles_invariance__spec_v1_basic__00005,train,smiles_invariance,L3,spec_v1_basic,ACCEPT,C=C(O)N=C1C(=N)CC=CC1=C(N)O,True,False,3,2,max_steps=4;max_proposals=4;max_verify_calls=4;max_total_verifier_calls=8;max_edit_cost=None,corpus/corpus.parquet,sgchem_v0.3__invariance_group__tautomer__spec_v1_basic__00033,
sgchem_v0.3__smiles_invariance__spec_v1_basic__00006,train,smiles_invariance,L1,spec_v1_basic,ACCEPT,CC(=O)Nc1c(N)cccc1C(N)=O,True,False,2,2,max_steps=1;max_proposals=1;max_verify_calls=0;max_total_verifier_calls=1;max_edit_cost=None,corpus/corpus.parquet,sgchem_v0.3__invariance_group__tautomer__spec_v1_basic__00033,
sgchem_v0.3__smiles_invariance__spec_v1_basic__00007,train,smiles_invariance,L3,spec_v1_basic,ACCEPT,CC(C)[NH+](CCO)CCF,True,False,3,2,max_steps=4;max_proposals=4;max_verify_calls=4;max_total_verifier_calls=8;max_edit_cost=None,corpus/corpus.parquet,sgchem_v0.3__invariance_group__charge__spec_v1_basic__00044,
sgchem_v0.3__smiles_invariance__spec_v1_basic__00008,train,smiles_invariance,L1,spec_v1_basic,ACCEPT,CC(C)N(CCO)CCF,True,False,2,2,max_steps=1;max_proposals=1;max_verify_calls=0;max_total_verifier_calls=1;max_edit_cost=None,corpus/corpus.parquet,sgchem_v0.3__invariance_group__charge__spec_v1_basic__00044,
sgchem_v0.3__smiles_invariance__spec_v2_alert_soft_train__00001,train,smiles_invariance,L1,spec_v2_alert_soft_train,ACCEPT,CC(=O)NC(CO)CCl,True,False,2,3,max_steps=1;max_proposals=1;max_verify_calls=0;max_total_verifier_calls=1;max_edit_cost=None,corpus/corpus.parquet,sgchem_v0.3__invariance_group__stereo__spec_v2_alert_soft_train__00010,
sgchem_v0.3__smiles_invariance__spec_v2_alert_soft_train__00002,train,smiles_invariance,L1,spec_v2_alert_soft_train,ACCEPT,C(NC(C)=O)(CO)CCl,True,False,2,3,max_steps=1;max_proposals=1;max_verify_calls=0;max_total_verifier_calls=1;max_edit_cost=None,corpus/corpus.parquet,sgchem_v0.3__invariance_group__stereo__spec_v2_alert_soft_train__00010,
sgchem_v0.3__smiles_invariance__spec_v2_alert_soft_train__00003,train,smiles_invariance,L1,spec_v2_alert_soft_train,ACCEPT,CC(=O)Nc1c(N)cccc1N,True,False,2,3,max_steps=1;max_proposals=1;max_verify_calls=0;max_total_verifier_calls=1;max_edit_cost=None,corpus/corpus.parquet,sgchem_v0.3__invariance_group__aromatic__spec_v2_alert_soft_train__00022,
sgchem_v0.3__smiles_invariance__spec_v2_alert_soft_train__00004,train,smiles_invariance,L1,spec_v2_alert_soft_train,ACCEPT,Nc1c(NC(C)=O)c(N)ccc1,True,False,2,3,max_steps=1;max_proposals=1;max_verify_calls=0;max_total_verifier_calls=1;max_edit_cost=None,corpus/corpus.parquet,sgchem_v0.3__invariance_group__aromatic__spec_v2_alert_soft_train__00022,
sgchem_v0.3__smiles_invariance__spec_v2_alert_soft_train__00005,train,smiles_invariance,L3,spec_v2_alert_soft_train,ACCEPT,C=C(O)NC(CO)CCl,True,False,3,3,max_steps=4;max_proposals=4;max_verify_calls=4;max_total_verifier_calls=8;max_edit_cost=None,corpus/corpus.parquet,sgchem_v0.3__invariance_group__tautomer__spec_v2_alert_soft_train__00034,
sgchem_v0.3__smiles_invariance__spec_v2_alert_soft_train__00006,train,smiles_invariance,L1,spec_v2_alert_soft_train,ACCEPT,CC(=O)NC(CO)CCl,True,False,2,3,max_steps=1;max_proposals=1;max_verify_calls=0;max_total_verifier_calls=1;max_edit_cost=None,corpus/corpus.parquet,sgchem_v0.3__invariance_group__tautomer__spec_v2_alert_soft_train__00034,
sgchem_v0.3__smiles_invariance__spec_v2_alert_soft_train__00007,train,smiles_invariance,L3,spec_v2_alert_soft_train,ACCEPT,CC(C)[NH+](CCO)CCCl,True,False,3,3,max_steps=4;max_proposals=4;max_verify_calls=4;max_total_verifier_calls=8;max_edit_cost=None,corpus/corpus.parquet,sgchem_v0.3__invariance_group__charge__spec_v2_alert_soft_train__00045,
sgchem_v0.3__smiles_invariance__spec_v2_alert_soft_train__00008,train,smiles_invariance,L1,spec_v2_alert_soft_train,ACCEPT,CC(C)N(CCO)CCCl,True,False,2,3,max_steps=1;max_proposals=1;max_verify_calls=0;max_total_verifier_calls=1;max_edit_cost=None,corpus/corpus.parquet,sgchem_v0.3__invariance_group__charge__spec_v2_alert_soft_train__00045,
sgchem_v0.3__smiles_invariance__spec_v2_alert_strict_dev__00001,dev,smiles_invariance,L1,spec_v2_alert_strict_dev,ACCEPT,CC(=O)NC(CN)CF,True,False,5,1,max_steps=1;max_proposals=1;max_verify_calls=0;max_total_verifier_calls=1;max_edit_cost=None,corpus/corpus.parquet,sgchem_v0.3__invariance_group__stereo__spec_v2_alert_strict_dev__00005,
sgchem_v0.3__smiles_invariance__spec_v2_alert_strict_dev__00002,dev,smiles_invariance,L1,spec_v2_alert_strict_dev,ACCEPT,C(NC(C)=O)(CN)CF,True,False,5,1,max_steps=1;max_proposals=1;max_verify_calls=0;max_total_verifier_calls=1;max_edit_cost=None,corpus/corpus.parquet,sgchem_v0.3__invariance_group__stereo__spec_v2_alert_strict_dev__00005,
sgchem_v0.3__smiles_invariance__spec_v2_alert_strict_dev__00003,dev,smiles_invariance,L1,spec_v2_alert_strict_dev,ACCEPT,CC(=O)Nc1c(F)cccc1Cl,True,False,5,1,max_steps=1;max_proposals=1;max_verify_calls=0;max_total_verifier_calls=1;max_edit_cost=None,corpus/corpus.parquet,sgchem_v0.3__invariance_group__aromatic__spec_v2_alert_strict_dev__00017,
sgchem_v0.3__smiles_invariance__spec_v2_alert_strict_dev__00004,dev,smiles_invariance,L1,spec_v2_alert_strict_dev,ACCEPT,Fc1c(NC(C)=O)c(Cl)ccc1,True,False,5,1,max_steps=1;max_proposals=1;max_verify_calls=0;max_total_verifier_calls=1;max_edit_cost=None,corpus/corpus.parquet,sgchem_v0.3__invariance_group__aromatic__spec_v2_alert_strict_dev__00017,
sgchem_v0.3__smiles_invariance__spec_v2_alert_strict_dev__00005,dev,smiles_invariance,L3,spec_v2_alert_strict_dev,ACCEPT,C=C(O)NC(CN)CF,True,False,6,1,max_steps=4;max_proposals=4;max_verify_calls=4;max_total_verifier_calls=8;max_edit_cost=None,corpus/corpus.parquet,sgchem_v0.3__invariance_group__tautomer__spec_v2_alert_strict_dev__00029,
sgchem_v0.3__smiles_invariance__spec_v2_alert_strict_dev__00006,dev,smiles_invariance,L1,spec_v2_alert_strict_dev,ACCEPT,CC(=O)NC(CN)CF,True,False,5,1,max_steps=1;max_proposals=1;max_verify_calls=0;max_total_verifier_calls=1;max_edit_cost=None,corpus/corpus.parquet,sgchem_v0.3__invariance_group__tautomer__spec_v2_alert_strict_dev__00029,
sgchem_v0.3__smiles_invariance__spec_v2_alert_strict_dev__00007,dev,smiles_invariance,L3,spec_v2_alert_strict_dev,ACCEPT,CC(C)[NH+](CCO)C(C)C,True,False,6,1,max_steps=4;max_proposals=4;max_verify_calls=4;max_total_verifier_calls=8;max_edit_cost=None,corpus/corpus.parquet,sgchem_v0.3__invariance_group__charge__spec_v2_alert_strict_dev__00040,
sgchem_v0.3__smiles_invariance__spec_v2_alert_strict_dev__00008,dev,smiles_invariance,L1,spec_v2_alert_strict_dev,ACCEPT,CC(C)N(CCO)C(C)C,True,False,5,1,max_steps=1;max_proposals=1;max_verify_calls=0;max_total_verifier_calls=1;max_edit_cost=None,corpus/corpus.parquet,sgchem_v0.3__invariance_group__charge__spec_v2_alert_strict_dev__00040,
sgchem_v0.3__smiles_invariance__spec_v2_amide_friendly_dev__00001,dev,smiles_invariance,L1,spec_v2_amide_friendly_dev,ACCEPT,CC(=O)NC(CO)CCl,True,False,2,2,max_steps=1;max_proposals=1;max_verify_calls=0;max_total_verifier_calls=1;max_edit_cost=None,corpus/corpus.parquet,sgchem_v0.3__invariance_group__stereo__spec_v2_amide_friendly_dev__00006,
sgchem_v0.3__smiles_invariance__spec_v2_amide_friendly_dev__00002,dev,smiles_invariance,L1,spec_v2_amide_friendly_dev,ACCEPT,C(NC(C)=O)(CO)CCl,True,False,2,2,max_steps=1;max_proposals=1;max_verify_calls=0;max_total_verifier_calls=1;max_edit_cost=None,corpus/corpus.parquet,sgchem_v0.3__invariance_group__stereo__spec_v2_amide_friendly_dev__00006,
sgchem_v0.3__smiles_invariance__spec_v2_amide_friendly_dev__00003,dev,smiles_invariance,L1,spec_v2_amide_friendly_dev,ACCEPT,CC(=O)Nc1c(F)cccc1F,True,False,2,2,max_steps=1;max_proposals=1;max_verify_calls=0;max_total_verifier_calls=1;max_edit_cost=None,corpus/corpus.parquet,sgchem_v0.3__invariance_group__aromatic__spec_v2_amide_friendly_dev__00018,
sgchem_v0.3__smiles_invariance__spec_v2_amide_friendly_dev__00004,dev,smiles_invariance,L1,spec_v2_amide_friendly_dev,ACCEPT,Fc1c(NC(C)=O)c(F)ccc1,True,False,2,2,max_steps=1;max_proposals=1;max_verify_calls=0;max_total_verifier_calls=1;max_edit_cost=None,corpus/corpus.parquet,sgchem_v0.3__invariance_group__aromatic__spec_v2_amide_friendly_dev__00018,
sgchem_v0.3__smiles_invariance__spec_v2_amide_friendly_dev__00005,dev,smiles_invariance,L3,spec_v2_amide_friendly_dev,ACCEPT,C=C(O)NC(CO)CCl,True,False,3,2,max_steps=4;max_proposals=4;max_verify_calls=4;max_total_verifier_calls=8;max_edit_cost=None,corpus/corpus.parquet,sgchem_v0.3__invariance_group__tautomer__spec_v2_amide_friendly_dev__00030,
sgchem_v0.3__smiles_invariance__spec_v2_amide_friendly_dev__00006,dev,smiles_invariance,L1,spec_v2_amide_friendly_dev,ACCEPT,CC(=O)NC(CO)CCl,True,False,2,2,max_steps=1;max_proposals=1;max_verify_calls=0;max_total_verifier_calls=1;max_edit_cost=None,corpus/corpus.parquet,sgchem_v0.3__invariance_group__tautomer__spec_v2_amide_friendly_dev__00030,
sgchem_v0.3__smiles_invariance__spec_v2_amide_friendly_dev__00007,dev,smiles_invariance,L3,spec_v2_amide_friendly_dev,ACCEPT,CC(C)[NH+](CCN)CCO,True,False,3,2,max_steps=4;max_proposals=4;max_verify_calls=4;max_total_verifier_calls=8;max_edit_cost=None,corpus/corpus.parquet,sgchem_v0.3__invariance_group__charge__spec_v2_amide_friendly_dev__00041,
sgchem_v0.3__smiles_invariance__spec_v2_amide_friendly_dev__00008,dev,smiles_invariance,L1,spec_v2_amide_friendly_dev,ACCEPT,CC(C)N(CCN)CCO,True,False,2,2,max_steps=1;max_proposals=1;max_verify_calls=0;max_total_verifier_calls=1;max_edit_cost=None,corpus/corpus.parquet,sgchem_v0.3__invariance_group__charge__spec_v2_amide_friendly_dev__00041,
sgchem_v0.3__smiles_invariance__spec_v2_aromatic_pref_test__00001,test,smiles_invariance,L1,spec_v2_aromatic_pref_test,ACCEPT,CC(=O)NC(C)C(C)N,True,False,2,1,max_steps=1;max_proposals=1;max_verify_calls=0;max_total_verifier_calls=1;max_edit_cost=None,corpus/corpus.parquet,sgchem_v0.3__invariance_group__stereo__spec_v2_aromatic_pref_test__00001,
sgchem_v0.3__smiles_invariance__spec_v2_aromatic_pref_test__00002,test,smiles_invariance,L1,spec_v2_aromatic_pref_test,ACCEPT,C(NC(C)=O)(C)C(C)N,True,False,2,1,max_steps=1;max_proposals=1;max_verify_calls=0;max_total_verifier_calls=1;max_edit_cost=None,corpus/corpus.parquet,sgchem_v0.3__invariance_group__stereo__spec_v2_aromatic_pref_test__00001,
sgchem_v0.3__smiles_invariance__spec_v2_aromatic_pref_test__00003,test,smiles_invariance,L1,spec_v2_aromatic_pref_test,ACCEPT,CC(=O)Nc1c(C(N)=O)cccc1C(N)=O,True,False,2,1,max_steps=1;max_proposals=1;max_verify_calls=0;max_total_verifier_calls=1;max_edit_cost=None,corpus/corpus.parquet,sgchem_v0.3__invariance_group__aromatic__spec_v2_aromatic_pref_test__00013,
sgchem_v0.3__smiles_invariance__spec_v2_aromatic_pref_test__00004,test,smiles_invariance,L1,spec_v2_aromatic_pref_test,ACCEPT,O=C(c1c(NC(C)=O)c(C(N)=O)ccc1)N,True,False,2,1,max_steps=1;max_proposals=1;max_verify_calls=0;max_total_verifier_calls=1;max_edit_cost=None,corpus/corpus.parquet,sgchem_v0.3__invariance_group__aromatic__spec_v2_aromatic_pref_test__00013,
sgchem_v0.3__smiles_invariance__spec_v2_aromatic_pref_test__00005,test,smiles_invariance,L3,spec_v2_aromatic_pref_test,ACCEPT,C=C(O)NC(C)C(C)N,True,False,3,1,max_steps=4;max_proposals=4;max_verify_calls=4;max_total_verifier_calls=8;max_edit_cost=None,corpus/corpus.parquet,sgchem_v0.3__invariance_group__tautomer__spec_v2_aromatic_pref_test__00025,
sgchem_v0.3__smiles_invariance__spec_v2_aromatic_pref_test__00006,test,smiles_invariance,L1,spec_v2_aromatic_pref_test,ACCEPT,CC(=O)NC(C)C(C)N,True,False,2,1,max_steps=1;max_proposals=1;max_verify_calls=0;max_total_verifier_calls=1;max_edit_cost=None,corpus/corpus.parquet,sgchem_v0.3__invariance_group__tautomer__spec_v2_aromatic_pref_test__00025,
sgchem_v0.3__smiles_invariance__spec_v2_aromatic_pref_test__00007,test,smiles_invariance,L3,spec_v2_aromatic_pref_test,ACCEPT,CC(C)[NH+](C)CCl,True,False,3,1,max_steps=4;max_proposals=4;max_verify_calls=4;max_total_verifier_calls=8;max_edit_cost=None,corpus/corpus.parquet,sgchem_v0.3__invariance_group__charge__spec_v2_aromatic_pref_test__00037,
sgchem_v0.3__smiles_invariance__spec_v2_aromatic_pref_test__00008,test,smiles_invariance,L1,spec_v2_aromatic_pref_test,ACCEPT,CC(C)N(C)CCl,True,False,2,1,max_steps=1;max_proposals=1;max_verify_calls=0;max_total_verifier_calls=1;max_edit_cost=None,corpus/corpus.parquet,sgchem_v0.3__invariance_group__charge__spec_v2_aromatic_pref_test__00037,
sgchem_v0.3__smiles_invariance__spec_v2_cns_like_test__00001,test,smiles_invariance,L1,spec_v2_cns_like_test,ACCEPT,CC(=O)Nc1c(Cl)cccc1Cl,True,False,3,1,max_steps=1;max_proposals=1;max_verify_calls=0;max_total_verifier_calls=1;max_edit_cost=None,corpus/corpus.parquet,sgchem_v0.3__invariance_group__stereo__spec_v2_cns_like_test__00002,
sgchem_v0.3__smiles_invariance__spec_v2_cns_like_test__00002,test,smiles_invariance,L1,spec_v2_cns_like_test,ACCEPT,Clc1c(NC(C)=O)c(Cl)ccc1,True,False,3,1,max_steps=1;max_proposals=1;max_verify_calls=0;max_total_verifier_calls=1;max_edit_cost=None,corpus/corpus.parquet,sgchem_v0.3__invariance_group__stereo__spec_v2_cns_like_test__00002,
sgchem_v0.3__smiles_invariance__spec_v2_cns_like_test__00003,test,smiles_invariance,L1,spec_v2_cns_like_test,ACCEPT,CC(=O)Nc1c(Cl)cccc1Cl,True,False,3,1,max_steps=1;max_proposals=1;max_verify_calls=0;max_total_verifier_calls=1;max_edit_cost=None,corpus/corpus.parquet,sgchem_v0.3__invariance_group__aromatic__spec_v2_cns_like_test__00014,
sgchem_v0.3__smiles_invariance__spec_v2_cns_like_test__00004,test,smiles_invariance,L1,spec_v2_cns_like_test,ACCEPT,Clc1c(NC(C)=O)c(Cl)ccc1,True,False,3,1,max_steps=1;max_proposals=1;max_verify_calls=0;max_total_verifier_calls=1;max_edit_cost=None,corpus/corpus.parquet,sgchem_v0.3__invariance_group__aromatic__spec_v2_cns_like_test__00014,
sgchem_v0.3__smiles_invariance__spec_v2_cns_like_test__00005,test,smiles_invariance,L3,spec_v2_cns_like_test,ACCEPT,C=C(O)Nc1c(Cl)cccc1Cl,True,False,4,1,max_steps=4;max_proposals=4;max_verify_calls=4;max_total_verifier_calls=8;max_edit_cost=None,corpus/corpus.parquet,sgchem_v0.3__invariance_group__tautomer__spec_v2_cns_like_test__00026,
sgchem_v0.3__smiles_invariance__spec_v2_cns_like_test__00006,test,smiles_invariance,L1,spec_v2_cns_like_test,ACCEPT,CC(=O)Nc1c(Cl)cccc1Cl,True,False,3,1,max_steps=1;max_proposals=1;max_verify_calls=0;max_total_verifier_calls=1;max_edit_cost=None,corpus/corpus.parquet,sgchem_v0.3__invariance_group__tautomer__spec_v2_cns_like_test__00026,
sgchem_v0.3__smiles_invariance__spec_v2_fragment_tight_train__00001,train,smiles_invariance,L1,spec_v2_fragment_tight_train,ACCEPT,CC(=O)NC(CO)CF,True,False,2,1,max_steps=1;max_proposals=1;max_verify_calls=0;max_total_verifier_calls=1;max_edit_cost=None,corpus/corpus.parquet,sgchem_v0.3__invariance_group__stereo__spec_v2_fragment_tight_train__00011,
sgchem_v0.3__smiles_invariance__spec_v2_fragment_tight_train__00002,train,smiles_invariance,L1,spec_v2_fragment_tight_train,ACCEPT,C(NC(C)=O)(CO)CF,True,False,2,1,max_steps=1;max_proposals=1;max_verify_calls=0;max_total_verifier_calls=1;max_edit_cost=None,corpus/corpus.parquet,sgchem_v0.3__invariance_group__stereo__spec_v2_fragment_tight_train__00011,
sgchem_v0.3__smiles_invariance__spec_v2_fragment_tight_train__00003,train,smiles_invariance,L1,spec_v2_fragment_tight_train,ACCEPT,CC(=O)Nc1cc(C(N)=O)ccc1F,True,False,2,1,max_steps=1;max_proposals=1;max_verify_calls=0;max_total_verifier_calls=1;max_edit_cost=None,corpus/corpus.parquet,sgchem_v0.3__invariance_group__aromatic__spec_v2_fragment_tight_train__00023,
sgchem_v0.3__smiles_invariance__spec_v2_fragment_tight_train__00004,train,smiles_invariance,L1,spec_v2_fragment_tight_train,ACCEPT,C(c1cc(NC(C)=O)c(F)cc1)(N)=O,True,False,2,1,max_steps=1;max_proposals=1;max_verify_calls=0;max_total_verifier_calls=1;max_edit_cost=None,corpus/corpus.parquet,sgchem_v0.3__invariance_group__aromatic__spec_v2_fragment_tight_train__00023,
sgchem_v0.3__smiles_invariance__spec_v2_fragment_tight_train__00005,train,smiles_invariance,L3,spec_v2_fragment_tight_train,ACCEPT,C=C(O)NC(CO)CF,True,False,3,1,max_steps=4;max_proposals=4;max_verify_calls=4;max_total_verifier_calls=8;max_edit_cost=None,corpus/corpus.parquet,sgchem_v0.3__invariance_group__tautomer__spec_v2_fragment_tight_train__00035,
sgchem_v0.3__smiles_invariance__spec_v2_fragment_tight_train__00006,train,smiles_invariance,L1,spec_v2_fragment_tight_train,ACCEPT,CC(=O)NC(CO)CF,True,False,2,1,max_steps=1;max_proposals=1;max_verify_calls=0;max_total_verifier_calls=1;max_edit_cost=None,corpus/corpus.parquet,sgchem_v0.3__invariance_group__tautomer__spec_v2_fragment_tight_train__00035,
sgchem_v0.3__smiles_invariance__spec_v2_fragment_tight_train__00007,train,smiles_invariance,L3,spec_v2_fragment_tight_train,ACCEPT,CC(N)C[NH+](C)C,True,False,3,1,max_steps=4;max_proposals=4;max_verify_calls=4;max_total_verifier_calls=8;max_edit_cost=None,corpus/corpus.parquet,sgchem_v0.3__invariance_group__charge__spec_v2_fragment_tight_train__00046,
sgchem_v0.3__smiles_invariance__spec_v2_fragment_tight_train__00008,train,smiles_invariance,L1,spec_v2_fragment_tight_train,ACCEPT,CC(N)CN(C)C,True,False,2,1,max_steps=1;max_proposals=1;max_verify_calls=0;max_total_verifier_calls=1;max_edit_cost=None,corpus/corpus.parquet,sgchem_v0.3__invariance_group__charge__spec_v2_fragment_tight_train__00046,
sgchem_v0.3__smiles_invariance__spec_v2_fragment_ultra_dev__00001,dev,smiles_invariance,L1,spec_v2_fragment_ultra_dev,ACCEPT,CC(=O)NC(CO)CCl,True,False,2,1,max_steps=1;max_proposals=1;max_verify_calls=0;max_total_verifier_calls=1;max_edit_cost=None,corpus/corpus.parquet,sgchem_v0.3__invariance_group__stereo__spec_v2_fragment_ultra_dev__00007,
sgchem_v0.3__smiles_invariance__spec_v2_fragment_ultra_dev__00002,dev,smiles_invariance,L1,spec_v2_fragment_ultra_dev,ACCEPT,C(NC(C)=O)(CO)CCl,True,False,2,1,max_steps=1;max_proposals=1;max_verify_calls=0;max_total_verifier_calls=1;max_edit_cost=None,corpus/corpus.parquet,sgchem_v0.3__invariance_group__stereo__spec_v2_fragment_ultra_dev__00007,
sgchem_v0.3__smiles_invariance__spec_v2_fragment_ultra_dev__00003,dev,smiles_invariance,L1,spec_v2_fragment_ultra_dev,ACCEPT,CC(=O)Nc1cc(C(N)=O)ccc1Cl,True,False,2,1,max_steps=1;max_proposals=1;max_verify_calls=0;max_total_verifier_calls=1;max_edit_cost=None,corpus/corpus.parquet,sgchem_v0.3__invariance_group__aromatic__spec_v2_fragment_ultra_dev__00019,
sgchem_v0.3__smiles_invariance__spec_v2_fragment_ultra_dev__00004,dev,smiles_invariance,L1,spec_v2_fragment_ultra_dev,ACCEPT,C(c1cc(NC(C)=O)c(Cl)cc1)(N)=O,True,False,2,1,max_steps=1;max_proposals=1;max_verify_calls=0;max_total_verifier_calls=1;max_edit_cost=None,corpus/corpus.parquet,sgchem_v0.3__invariance_group__aromatic__spec_v2_fragment_ultra_dev__00019,
sgchem_v0.3__smiles_invariance__spec_v2_fragment_ultra_dev__00005,dev,smiles_invariance,L3,spec_v2_fragment_ultra_dev,ACCEPT,C=C(O)NC(CO)CCl,True,False,3,1,max_steps=4;max_proposals=4;max_verify_calls=4;max_total_verifier_calls=8;max_edit_cost=None,corpus/corpus.parquet,sgchem_v0.3__invariance_group__tautomer__spec_v2_fragment_ultra_dev__00031,
sgchem_v0.3__smiles_invariance__spec_v2_fragment_ultra_dev__00006,dev,smiles_invariance,L1,spec_v2_fragment_ultra_dev,ACCEPT,CC(=O)NC(CO)CCl,True,False,2,1,max_steps=1;max_proposals=1;max_verify_calls=0;max_total_verifier_calls=1;max_edit_cost=None,corpus/corpus.parquet,sgchem_v0.3__invariance_group__tautomer__spec_v2_fragment_ultra_dev__00031,
sgchem_v0.3__smiles_invariance__spec_v2_fragment_ultra_dev__00007,dev,smiles_invariance,L3,spec_v2_fragment_ultra_dev,ACCEPT,CC(CF)[NH+](C)C,True,False,3,1,max_steps=4;max_proposals=4;max_verify_calls=4;max_total_verifier_calls=8;max_edit_cost=None,corpus/corpus.parquet,sgchem_v0.3__invariance_group__charge__spec_v2_fragment_ultra_dev__00042,
sgchem_v0.3__smiles_invariance__spec_v2_fragment_ultra_dev__00008,dev,smiles_invariance,L1,spec_v2_fragment_ultra_dev,ACCEPT,CC(CF)N(C)C,True,False,2,1,max_steps=1;max_proposals=1;max_verify_calls=0;max_total_verifier_calls=1;max_edit_cost=None,corpus/corpus.parquet,sgchem_v0.3__invariance_group__charge__spec_v2_fragment_ultra_dev__00042,
sgchem_v0.3__smiles_invariance__spec_v2_low_rotor_train__00001,train,smiles_invariance,L1,spec_v2_low_rotor_train,ACCEPT,CC(=O)Nc1c(C(N)=O)cccc1C(N)=O,True,False,2,1,max_steps=1;max_proposals=1;max_verify_calls=0;max_total_verifier_calls=1;max_edit_cost=None,corpus/corpus.parquet,sgchem_v0.3__invariance_group__stereo__spec_v2_low_rotor_train__00012,
sgchem_v0.3__smiles_invariance__spec_v2_low_rotor_train__00002,train,smiles_invariance,L1,spec_v2_low_rotor_train,ACCEPT,O=C(c1c(NC(C)=O)c(C(N)=O)ccc1)N,True,False,2,1,max_steps=1;max_proposals=1;max_verify_calls=0;max_total_verifier_calls=1;max_edit_cost=None,corpus/corpus.parquet,sgchem_v0.3__invariance_group__stereo__spec_v2_low_rotor_train__00012,
sgchem_v0.3__smiles_invariance__spec_v2_low_rotor_train__00003,train,smiles_invariance,L1,spec_v2_low_rotor_train,ACCEPT,CC(=O)Nc1cc(C(N)=O)ccc1C(N)=O,True,False,2,1,max_steps=1;max_proposals=1;max_verify_calls=0;max_total_verifier_calls=1;max_edit_cost=None,corpus/corpus.parquet,sgchem_v0.3__invariance_group__aromatic__spec_v2_low_rotor_train__00024,
sgchem_v0.3__smiles_invariance__spec_v2_low_rotor_train__00004,train,smiles_invariance,L1,spec_v2_low_rotor_train,ACCEPT,NC(c1cc(NC(C)=O)c(C(N)=O)cc1)=O,True,False,2,1,max_steps=1;max_proposals=1;max_verify_calls=0;max_total_verifier_calls=1;max_edit_cost=None,corpus/corpus.parquet,sgchem_v0.3__invariance_group__aromatic__spec_v2_low_rotor_train__00024,
sgchem_v0.3__smiles_invariance__spec_v2_low_rotor_train__00005,train,smiles_invariance,L3,spec_v2_low_rotor_train,ACCEPT,C=C(O)N=C1C(C(=N)O)=CC=CC1=C(N)O,True,False,3,1,max_steps=4;max_proposals=4;max_verify_calls=4;max_total_verifier_calls=8;max_edit_cost=None,corpus/corpus.parquet,sgchem_v0.3__invariance_group__tautomer__spec_v2_low_rotor_train__00036,
sgchem_v0.3__smiles_invariance__spec_v2_low_rotor_train__00006,train,smiles_invariance,L1,spec_v2_low_rotor_train,ACCEPT,CC(=O)Nc1c(C(N)=O)cccc1C(N)=O,True,False,2,1,max_steps=1;max_proposals=1;max_verify_calls=0;max_total_verifier_calls=1;max_edit_cost=None,corpus/corpus.parquet,sgchem_v0.3__invariance_group__tautomer__spec_v2_low_rotor_train__00036,
sgchem_v0.3__smiles_invariance__spec_v2_low_rotor_train__00007,train,smiles_invariance,L3,spec_v2_low_rotor_train,ACCEPT,CC[NH+](CC)C(C)C(C)N,True,False,3,1,max_steps=4;max_proposals=4;max_verify_calls=4;max_total_verifier_calls=8;max_edit_cost=None,corpus/corpus.parquet,sgchem_v0.3__invariance_group__charge__spec_v2_low_rotor_train__00047,
sgchem_v0.3__smiles_invariance__spec_v2_low_rotor_train__00008,train,smiles_invariance,L1,spec_v2_low_rotor_train,ACCEPT,CCN(CC)C(C)C(C)N,True,False,2,1,max_steps=1;max_proposals=1;max_verify_calls=0;max_total_verifier_calls=1;max_edit_cost=None,corpus/corpus.parquet,sgchem_v0.3__invariance_group__charge__spec_v2_low_rotor_train__00047,
sgchem_v0.3__smiles_invariance__spec_v2_ro5_balanced_test__00001,test,smiles_invariance,L1,spec_v2_ro5_balanced_test,ACCEPT,CC(=O)NC(CN)CF,True,False,3,1,max_steps=1;max_proposals=1;max_verify_calls=0;max_total_verifier_calls=1;max_edit_cost=None,corpus/corpus.parquet,sgchem_v0.3__invariance_group__stereo__spec_v2_ro5_balanced_test__00003,
sgchem_v0.3__smiles_invariance__spec_v2_ro5_balanced_test__00002,test,smiles_invariance,L1,spec_v2_ro5_balanced_test,ACCEPT,C(NC(C)=O)(CN)CF,True,False,3,1,max_steps=1;max_proposals=1;max_verify_calls=0;max_total_verifier_calls=1;max_edit_cost=None,corpus/corpus.parquet,sgchem_v0.3__invariance_group__stereo__spec_v2_ro5_balanced_test__00003,
sgchem_v0.3__smiles_invariance__spec_v2_ro5_balanced_test__00003,test,smiles_invariance,L1,spec_v2_ro5_balanced_test,ACCEPT,CC(=O)Nc1c(Cl)cccc1Cl,True,False,3,1,max_steps=1;max_proposals=1;max_verify_calls=0;max_total_verifier_calls=1;max_edit_cost=None,corpus/corpus.parquet,sgchem_v0.3__invariance_group__aromatic__spec_v2_ro5_balanced_test__00015,
sgchem_v0.3__smiles_invariance__spec_v2_ro5_balanced_test__00004,test,smiles_invariance,L1,spec_v2_ro5_balanced_test,ACCEPT,Clc1c(NC(C)=O)c(Cl)ccc1,True,False,3,1,max_steps=1;max_proposals=1;max_verify_calls=0;max_total_verifier_calls=1;max_edit_cost=None,corpus/corpus.parquet,sgchem_v0.3__invariance_group__aromatic__spec_v2_ro5_balanced_test__00015,
sgchem_v0.3__smiles_invariance__spec_v2_ro5_balanced_test__00005,test,smiles_invariance,L3,spec_v2_ro5_balanced_test,ACCEPT,C=C(O)NC(CN)CF,True,False,4,1,max_steps=4;max_proposals=4;max_verify_calls=4;max_total_verifier_calls=8;max_edit_cost=None,corpus/corpus.parquet,sgchem_v0.3__invariance_group__tautomer__spec_v2_ro5_balanced_test__00027,
sgchem_v0.3__smiles_invariance__spec_v2_ro5_balanced_test__00006,test,smiles_invariance,L1,spec_v2_ro5_balanced_test,ACCEPT,CC(=O)NC(CN)CF,True,False,3,1,max_steps=1;max_proposals=1;max_verify_calls=0;max_total_verifier_calls=1;max_edit_cost=None,corpus/corpus.parquet,sgchem_v0.3__invariance_group__tautomer__spec_v2_ro5_balanced_test__00027,
sgchem_v0.3__smiles_invariance__spec_v2_ro5_balanced_test__00007,test,smiles_invariance,L3,spec_v2_ro5_balanced_test,ACCEPT,CC(C)[NH+](CCN)CCN,True,False,4,1,max_steps=4;max_proposals=4;max_verify_calls=4;max_total_verifier_calls=8;max_edit_cost=None,corpus/corpus.parquet,sgchem_v0.3__invariance_group__charge__spec_v2_ro5_balanced_test__00038,
sgchem_v0.3__smiles_invariance__spec_v2_ro5_balanced_test__00008,test,smiles_invariance,L1,spec_v2_ro5_balanced_test,ACCEPT,CC(C)N(CCN)CCN,True,False,3,1,max_steps=1;max_proposals=1;max_verify_calls=0;max_total_verifier_calls=1;max_edit_cost=None,corpus/corpus.parquet,sgchem_v0.3__invariance_group__charge__spec_v2_ro5_balanced_test__00038,
sgchem_v0.3__smiles_invariance__spec_v2_sa_relaxed_dev__00001,dev,smiles_invariance,L1,spec_v2_sa_relaxed_dev,ACCEPT,CC(=O)NC(CN)CCl,True,False,3,1,max_steps=1;max_proposals=1;max_verify_calls=0;max_total_verifier_calls=1;max_edit_cost=None,corpus/corpus.parquet,sgchem_v0.3__invariance_group__stereo__spec_v2_sa_relaxed_dev__00008,
sgchem_v0.3__smiles_invariance__spec_v2_sa_relaxed_dev__00002,dev,smiles_invariance,L1,spec_v2_sa_relaxed_dev,ACCEPT,C(NC(C)=O)(CN)CCl,True,False,3,1,max_steps=1;max_proposals=1;max_verify_calls=0;max_total_verifier_calls=1;max_edit_cost=None,corpus/corpus.parquet,sgchem_v0.3__invariance_group__stereo__spec_v2_sa_relaxed_dev__00008,
sgchem_v0.3__smiles_invariance__spec_v2_sa_relaxed_dev__00003,dev,smiles_invariance,L1,spec_v2_sa_relaxed_dev,ACCEPT,CC(=O)Nc1c(N)cccc1Cl,True,False,3,1,max_steps=1;max_proposals=1;max_verify_calls=0;max_total_verifier_calls=1;max_edit_cost=None,corpus/corpus.parquet,sgchem_v0.3__invariance_group__aromatic__spec_v2_sa_relaxed_dev__00020,
sgchem_v0.3__smiles_invariance__spec_v2_sa_relaxed_dev__00004,dev,smiles_invariance,L1,spec_v2_sa_relaxed_dev,ACCEPT,Nc1c(NC(C)=O)c(Cl)ccc1,True,False,3,1,max_steps=1;max_proposals=1;max_verify_calls=0;max_total_verifier_calls=1;max_edit_cost=None,corpus/corpus.parquet,sgchem_v0.3__invariance_group__aromatic__spec_v2_sa_relaxed_dev__00020,
sgchem_v0.3__smiles_invariance__spec_v2_sa_relaxed_dev__00005,dev,smiles_invariance,L3,spec_v2_sa_relaxed_dev,ACCEPT,C=C(O)NC(CN)CCl,True,False,4,1,max_steps=4;max_proposals=4;max_verify_calls=4;max_total_verifier_calls=8;max_edit_cost=None,corpus/corpus.parquet,sgchem_v0.3__invariance_group__tautomer__spec_v2_sa_relaxed_dev__00032,
sgchem_v0.3__smiles_invariance__spec_v2_sa_relaxed_dev__00006,dev,smiles_invariance,L1,spec_v2_sa_relaxed_dev,ACCEPT,CC(=O)NC(CN)CCl,True,False,3,1,max_steps=1;max_proposals=1;max_verify_calls=0;max_total_verifier_calls=1;max_edit_cost=None,corpus/corpus.parquet,sgchem_v0.3__invariance_group__tautomer__spec_v2_sa_relaxed_dev__00032,
sgchem_v0.3__smiles_invariance__spec_v2_sa_relaxed_dev__00007,dev,smiles_invariance,L3,spec_v2_sa_relaxed_dev,ACCEPT,CC(C)[NH+](CCN)CCO,True,False,4,1,max_steps=4;max_proposals=4;max_verify_calls=4;max_total_verifier_calls=8;max_edit_cost=None,corpus/corpus.parquet,sgchem_v0.3__invariance_group__charge__spec_v2_sa_relaxed_dev__00043,
sgchem_v0.3__smiles_invariance__spec_v2_sa_relaxed_dev__00008,dev,smiles_invariance,L1,spec_v2_sa_relaxed_dev,ACCEPT,CC(C)N(CCN)CCO,True,False,3,1,max_steps=1;max_proposals=1;max_verify_calls=0;max_total_verifier_calls=1;max_edit_cost=None,corpus/corpus.parquet,sgchem_v0.3__invariance_group__charge__spec_v2_sa_relaxed_dev__00043,
sgchem_v0.3__smiles_invariance__spec_v2_sa_strict_test__00001,test,smiles_invariance,L1,spec_v2_sa_strict_test,ACCEPT,CC(=O)NC(C)CO,True,False,3,1,max_steps=1;max_proposals=1;max_verify_calls=0;max_total_verifier_calls=1;max_edit_cost=None,corpus/corpus.parquet,sgchem_v0.3__invariance_group__stereo__spec_v2_sa_strict_test__00004,
sgchem_v0.3__smiles_invariance__spec_v2_sa_strict_test__00002,test,smiles_invariance,L1,spec_v2_sa_strict_test,ACCEPT,C(NC(C)=O)(C)CO,True,False,3,1,max_steps=1;max_proposals=1;max_verify_calls=0;max_total_verifier_calls=1;max_edit_cost=None,corpus/corpus.parquet,sgchem_v0.3__invariance_group__stereo__spec_v2_sa_strict_test__00004,
sgchem_v0.3__smiles_invariance__spec_v2_sa_strict_test__00003,test,smiles_invariance,L1,spec_v2_sa_strict_test,ACCEPT,CC(=O)Nc1c(F)cccc1C(N)=O,True,False,3,1,max_steps=1;max_proposals=1;max_verify_calls=0;max_total_verifier_calls=1;max_edit_cost=None,corpus/corpus.parquet,sgchem_v0.3__invariance_group__aromatic__spec_v2_sa_strict_test__00016,
sgchem_v0.3__smiles_invariance__spec_v2_sa_strict_test__00004,test,smiles_invariance,L1,spec_v2_sa_strict_test,ACCEPT,c1c(F)c(NC(C)=O)c(C(N)=O)cc1,True,False,3,1,max_steps=1;max_proposals=1;max_verify_calls=0;max_total_verifier_calls=1;max_edit_cost=None,corpus/corpus.parquet,sgchem_v0.3__invariance_group__aromatic__spec_v2_sa_strict_test__00016,
sgchem_v0.3__smiles_invariance__spec_v2_sa_strict_test__00005,test,smiles_invariance,L3,spec_v2_sa_strict_test,ACCEPT,C=C(O)NC(C)CO,True,False,4,1,max_steps=4;max_proposals=4;max_verify_calls=4;max_total_verifier_calls=8;max_edit_cost=None,corpus/corpus.parquet,sgchem_v0.3__invariance_group__tautomer__spec_v2_sa_strict_test__00028,
sgchem_v0.3__smiles_invariance__spec_v2_sa_strict_test__00006,test,smiles_invariance,L1,spec_v2_sa_strict_test,ACCEPT,CC(=O)NC(C)CO,True,False,3,1,max_steps=1;max_proposals=1;max_verify_calls=0;max_total_verifier_calls=1;max_edit_cost=None,corpus/corpus.parquet,sgchem_v0.3__invariance_group__tautomer__spec_v2_sa_strict_test__00028,
sgchem_v0.3__smiles_invariance__spec_v2_sa_strict_test__00007,test,smiles_invariance,L3,spec_v2_sa_strict_test,ACCEPT,CC(C)[NH+](CCN)CCF,True,False,4,1,max_steps=4;max_proposals=4;max_verify_calls=4;max_total_verifier_calls=8;max_edit_cost=None,corpus/corpus.parquet,sgchem_v0.3__invariance_group__charge__spec_v2_sa_strict_test__00039,
sgchem_v0.3__smiles_invariance__spec_v2_sa_strict_test__00008,test,smiles_invariance,L1,spec_v2_sa_strict_test,ACCEPT,CC(C)N(CCN)CCF,True,False,3,1,max_steps=1;max_proposals=1;max_verify_calls=0;max_total_verifier_calls=1;max_edit_cost=None,corpus/corpus.parquet,sgchem_v0.3__invariance_group__charge__spec_v2_sa_strict_test__00039,
sgchem_v0.3__tool_forced_l3__spec_v1_basic__00001,train,tool_forced_l3,L3,spec_v1_basic,ACCEPT,CC(=O)NC(C)C(C)N,True,False,3,2,max_steps=3;max_proposals=2;max_verify_calls=1;max_total_verifier_calls=3,corpus/corpus.parquet,,
sgchem_v0.3__tool_forced_l3__spec_v1_basic__00002,train,tool_forced_l3,L3,spec_v1_basic,ACCEPT,CC(=O)NCC(N)CCl,True,False,3,2,max_steps=3;max_proposals=2;max_verify_calls=1;max_total_verifier_calls=3,corpus/corpus.parquet,,
sgchem_v0.3__tool_forced_l3__spec_v1_basic__00003,train,tool_forced_l3,L3,spec_v1_basic,ACCEPT,CC(=O)Nc1cccc(C(N)=O)c1C(N)=O,True,False,3,2,max_steps=3;max_proposals=2;max_verify_calls=1;max_total_verifier_calls=3,corpus/corpus.parquet,,
sgchem_v0.3__tool_forced_l3__spec_v1_basic__00004,train,tool_forced_l3,L3,spec_v1_basic,ACCEPT,CC(C)N(CCO)C(=O)OCCN,True,False,3,2,max_steps=3;max_proposals=2;max_verify_calls=1;max_total_verifier_calls=3,corpus/corpus.parquet,,
sgchem_v0.3__tool_forced_l3__spec_v1_basic__00005,train,tool_forced_l3,L3,spec_v1_basic,ACCEPT,CC(CN)NC(=O)CCl,True,False,3,2,max_steps=3;max_proposals=2;max_verify_calls=1;max_total_verifier_calls=3,corpus/corpus.parquet,,
sgchem_v0.3__tool_forced_l3__spec_v1_basic__00006,train,tool_forced_l3,L3,spec_v1_basic,ACCEPT,CC(CO)NCCF,True,False,3,2,max_steps=3;max_proposals=2;max_verify_calls=1;max_total_verifier_calls=3,corpus/corpus.parquet,,
sgchem_v0.3__tool_forced_l3__spec_v1_basic__00007,train,tool_forced_l3,L3,spec_v1_basic,ACCEPT,CC(N)CC(N)=O,True,False,3,2,max_steps=3;max_proposals=2;max_verify_calls=1;max_total_verifier_calls=3,corpus/corpus.parquet,,
sgchem_v0.3__tool_forced_l3__spec_v1_basic__00008,train,tool_forced_l3,L3,spec_v1_basic,ACCEPT,CC(O)CNC(=O)OCCN,True,False,3,2,max_steps=3;max_proposals=2;max_verify_calls=1;max_total_verifier_calls=3,corpus/corpus.parquet,,
sgchem_v0.3__tool_forced_l3__spec_v1_basic__00009,train,tool_forced_l3,L3,spec_v1_basic,ACCEPT,CCN(CC)CC(O)CN,True,False,3,2,max_steps=3;max_proposals=2;max_verify_calls=1;max_total_verifier_calls=3,corpus/corpus.parquet,,
sgchem_v0.3__tool_forced_l3__spec_v1_basic__00010,train,tool_forced_l3,L3,spec_v1_basic,ACCEPT,CCN(CCO)C(C)CN,True,False,3,2,max_steps=3;max_proposals=2;max_verify_calls=1;max_total_verifier_calls=3,corpus/corpus.parquet,,
sgchem_v0.3__tool_forced_l3__spec_v2_alert_soft_train__00001,train,tool_forced_l3,L3,spec_v2_alert_soft_train,ACCEPT,CC(=O)NC(CN)CO,True,False,3,3,max_steps=3;max_proposals=2;max_verify_calls=1;max_total_verifier_calls=3,corpus/corpus.parquet,,
sgchem_v0.3__tool_forced_l3__spec_v2_alert_soft_train__00002,train,tool_forced_l3,L3,spec_v2_alert_soft_train,ACCEPT,CC(N)CNCCN,True,False,3,3,max_steps=3;max_proposals=2;max_verify_calls=1;max_total_verifier_calls=3,corpus/corpus.parquet,,
sgchem_v0.3__tool_forced_l3__spec_v2_alert_soft_train__00003,train,tool_forced_l3,L3,spec_v2_alert_soft_train,ACCEPT,Fc1ccccn1,True,False,3,3,max_steps=3;max_proposals=2;max_verify_calls=1;max_total_verifier_calls=3,corpus/corpus.parquet,,
sgchem_v0.3__tool_forced_l3__spec_v2_alert_soft_train__00004,train,tool_forced_l3,L3,spec_v2_alert_soft_train,ACCEPT,NC(=O)c1cnc(N)cc1C(N)=O,True,False,3,3,max_steps=3;max_proposals=2;max_verify_calls=1;max_total_verifier_calls=3,corpus/corpus.parquet,,
sgchem_v0.3__tool_forced_l3__spec_v2_alert_soft_train__00005,train,tool_forced_l3,L3,spec_v2_alert_soft_train,ACCEPT,NCCOC(=O)N(CCN)CCN,True,False,3,3,max_steps=3;max_proposals=2;max_verify_calls=1;max_total_verifier_calls=3,corpus/corpus.parquet,,
sgchem_v0.3__tool_forced_l3__spec_v2_alert_soft_train__00006,train,tool_forced_l3,L3,spec_v2_alert_soft_train,ACCEPT,CC(CN)NCCN,True,False,3,3,max_steps=3;max_proposals=2;max_verify_calls=1;max_total_verifier_calls=3,corpus/corpus.parquet,,
sgchem_v0.3__tool_forced_l3__spec_v2_alert_soft_train__00007,train,tool_forced_l3,L3,spec_v2_alert_soft_train,ACCEPT,CCNC(CN)CN,True,False,3,3,max_steps=3;max_proposals=2;max_verify_calls=1;max_total_verifier_calls=3,corpus/corpus.parquet,,
sgchem_v0.3__tool_forced_l3__spec_v2_alert_soft_train__00008,train,tool_forced_l3,L3,spec_v2_alert_soft_train,ACCEPT,NC(=O)c1cc(C(N)=O)c(N)cn1,True,False,3,3,max_steps=3;max_proposals=2;max_verify_calls=1;max_total_verifier_calls=3,corpus/corpus.parquet,,
sgchem_v0.3__tool_forced_l3__spec_v2_alert_soft_train__00009,train,tool_forced_l3,L3,spec_v2_alert_soft_train,ACCEPT,NCC(=O)NCCO,True,False,3,3,max_steps=3;max_proposals=2;max_verify_calls=1;max_total_verifier_calls=3,corpus/corpus.parquet,,
sgchem_v0.3__tool_forced_l3__spec_v2_alert_soft_train__00010,train,tool_forced_l3,L3,spec_v2_alert_soft_train,ACCEPT,NCNC(=O)CF,True,False,3,3,max_steps=3;max_proposals=2;max_verify_calls=1;max_total_verifier_calls=3,corpus/corpus.parquet,,
sgchem_v0.3__tool_forced_l3__spec_v2_alert_strict_dev__00001,dev,tool_forced_l3,L3,spec_v2_alert_strict_dev,ACCEPT,CC(=O)NC(C)N,True,False,6,1,max_steps=3;max_proposals=2;max_verify_calls=1;max_total_verifier_calls=3,corpus/corpus.parquet,,
sgchem_v0.3__tool_forced_l3__spec_v2_alert_strict_dev__00002,dev,tool_forced_l3,L3,spec_v2_alert_strict_dev,ACCEPT,CC(=O)Nc1c(N)cccc1N,True,False,6,1,max_steps=3;max_proposals=2;max_verify_calls=1;max_total_verifier_calls=3,corpus/corpus.parquet,,
sgchem_v0.3__tool_forced_l3__spec_v2_alert_strict_dev__00003,dev,tool_forced_l3,L3,spec_v2_alert_strict_dev,ACCEPT,CC(=O)Nc1ccc(C(N)=O)cc1N,True,False,6,1,max_steps=3;max_proposals=2;max_verify_calls=1;max_total_verifier_calls=3,corpus/corpus.parquet,,
sgchem_v0.3__tool_forced_l3__spec_v2_alert_strict_dev__00004,dev,tool_forced_l3,L3,spec_v2_alert_strict_dev,ACCEPT,CC(=O)Nc1cccc(C(N)=O)c1N,True,False,6,1,max_steps=3;max_proposals=2;max_verify_calls=1;max_total_verifier_calls=3,corpus/corpus.parquet,,
sgchem_v0.3__tool_forced_l3__spec_v2_alert_strict_dev__00005,dev,tool_forced_l3,L3,spec_v2_alert_strict_dev,ACCEPT,CC(=O)Oc1c(Cl)cccc1C(N)=O,True,False,6,1,max_steps=3;max_proposals=2;max_verify_calls=1;max_total_verifier_calls=3,corpus/corpus.parquet,,
sgchem_v0.3__tool_forced_l3__spec_v2_alert_strict_dev__00006,dev,tool_forced_l3,L3,spec_v2_alert_strict_dev,ACCEPT,CC(=O)Oc1cc(C(N)=O)ccc1N,True,False,6,1,max_steps=3;max_proposals=2;max_verify_calls=1;max_total_verifier_calls=3,corpus/corpus.parquet,,
sgchem_v0.3__tool_forced_l3__spec_v2_alert_strict_dev__00007,dev,tool_forced_l3,L3,spec_v2_alert_strict_dev,ACCEPT,CC(=O)Oc1cc(F)ccc1N,True,False,6,1,max_steps=3;max_proposals=2;max_verify_calls=1;max_total_verifier_calls=3,corpus/corpus.parquet,,
sgchem_v0.3__tool_forced_l3__spec_v2_alert_strict_dev__00008,dev,tool_forced_l3,L3,spec_v2_alert_strict_dev,ACCEPT,CC(=O)Oc1ccc(C(N)=O)cc1,True,False,6,1,max_steps=3;max_proposals=2;max_verify_calls=1;max_total_verifier_calls=3,corpus/corpus.parquet,,
sgchem_v0.3__tool_forced_l3__spec_v2_alert_strict_dev__00009,dev,tool_forced_l3,L3,spec_v2_alert_strict_dev,ACCEPT,CC(=O)Oc1ccc(Cl)cc1N,True,False,6,1,max_steps=3;max_proposals=2;max_verify_calls=1;max_total_verifier_calls=3,corpus/corpus.parquet,,
sgchem_v0.3__tool_forced_l3__spec_v2_alert_strict_dev__00010,dev,tool_forced_l3,L3,spec_v2_alert_strict_dev,ACCEPT,CC(=O)Oc1ccc(N)c(N)c1,True,False,6,1,max_steps=3;max_proposals=2;max_verify_calls=1;max_total_verifier_calls=3,corpus/corpus.parquet,,
sgchem_v0.3__tool_forced_l3__spec_v2_amide_friendly_dev__00001,dev,tool_forced_l3,L3,spec_v2_amide_friendly_dev,ACCEPT,CC(=O)NC(CN)CO,True,False,3,2,max_steps=3;max_proposals=2;max_verify_calls=1;max_total_verifier_calls=3,corpus/corpus.parquet,,
sgchem_v0.3__tool_forced_l3__spec_v2_amide_friendly_dev__00002,dev,tool_forced_l3,L3,spec_v2_amide_friendly_dev,ACCEPT,CC(N)C(=O)NCCN,True,False,3,2,max_steps=3;max_proposals=2;max_verify_calls=1;max_total_verifier_calls=3,corpus/corpus.parquet,,
sgchem_v0.3__tool_forced_l3__spec_v2_amide_friendly_dev__00003,dev,tool_forced_l3,L3,spec_v2_amide_friendly_dev,ACCEPT,CCCCCCCCCF,True,False,3,2,max_steps=3;max_proposals=2;max_verify_calls=1;max_total_verifier_calls=3,corpus/corpus.parquet,,
sgchem_v0.3__tool_forced_l3__spec_v2_amide_friendly_dev__00004,dev,tool_forced_l3,L3,spec_v2_amide_friendly_dev,ACCEPT,CCOC(=O)C(C)N,True,False,3,2,max_steps=3;max_proposals=2;max_verify_calls=1;max_total_verifier_calls=3,corpus/corpus.parquet,,
sgchem_v0.3__tool_forced_l3__spec_v2_amide_friendly_dev__00005,dev,tool_forced_l3,L3,spec_v2_amide_friendly_dev,ACCEPT,Fc1cc(F)cc(Cl)c1,True,False,3,2,max_steps=3;max_proposals=2;max_verify_calls=1;max_total_verifier_calls=3,corpus/corpus.parquet,,
sgchem_v0.3__tool_forced_l3__spec_v2_amide_friendly_dev__00006,dev,tool_forced_l3,L3,spec_v2_amide_friendly_dev,ACCEPT,Fc1cccc(F)c1Cl,True,False,3,2,max_steps=3;max_proposals=2;max_verify_calls=1;max_total_verifier_calls=3,corpus/corpus.parquet,,
sgchem_v0.3__tool_forced_l3__spec_v2_amide_friendly_dev__00007,dev,tool_forced_l3,L3,spec_v2_amide_friendly_dev,ACCEPT,NC(=O)c1ccc(C(N)=O)c(C(N)=O)c1,True,False,3,2,max_steps=3;max_proposals=2;max_verify_calls=1;max_total_verifier_calls=3,corpus/corpus.parquet,,
sgchem_v0.3__tool_forced_l3__spec_v2_amide_friendly_dev__00008,dev,tool_forced_l3,L3,spec_v2_amide_friendly_dev,ACCEPT,NCCOC(=O)NCN,True,False,3,2,max_steps=3;max_proposals=2;max_verify_calls=1;max_total_verifier_calls=3,corpus/corpus.parquet,,
sgchem_v0.3__tool_forced_l3__spec_v2_amide_friendly_dev__00009,dev,tool_forced_l3,L3,spec_v2_amide_friendly_dev,ACCEPT,CC(C)OC(=O)CN,True,False,3,2,max_steps=3;max_proposals=2;max_verify_calls=1;max_total_verifier_calls=3,corpus/corpus.parquet,,
sgchem_v0.3__tool_forced_l3__spec_v2_aromatic_pref_test__00001,test,tool_forced_l3,L3,spec_v2_aromatic_pref_test,ACCEPT,CC(CN)NC(=O)CN,True,False,3,1,max_steps=3;max_proposals=2;max_verify_calls=1;max_total_verifier_calls=3,corpus/corpus.parquet,,
sgchem_v0.3__tool_forced_l3__spec_v2_aromatic_pref_test__00002,test,tool_forced_l3,L3,spec_v2_aromatic_pref_test,ACCEPT,CC(O)CNCCN,True,False,3,1,max_steps=3;max_proposals=2;max_verify_calls=1;max_total_verifier_calls=3,corpus/corpus.parquet,,
sgchem_v0.3__tool_forced_l3__spec_v2_aromatic_pref_test__00003,test,tool_forced_l3,L3,spec_v2_aromatic_pref_test,ACCEPT,Fc1ccncc1,True,False,3,1,max_steps=3;max_proposals=2;max_verify_calls=1;max_total_verifier_calls=3,corpus/corpus.parquet,,
sgchem_v0.3__tool_forced_l3__spec_v2_aromatic_pref_test__00004,test,tool_forced_l3,L3,spec_v2_aromatic_pref_test,ACCEPT,NC(=O)c1cncc(N)c1C(N)=O,True,False,3,1,max_steps=3;max_proposals=2;max_verify_calls=1;max_total_verifier_calls=3,corpus/corpus.parquet,,
sgchem_v0.3__tool_forced_l3__spec_v2_aromatic_pref_test__00005,test,tool_forced_l3,L3,spec_v2_aromatic_pref_test,ACCEPT,NCCOC(=O)NCCO,True,False,3,1,max_steps=3;max_proposals=2;max_verify_calls=1;max_total_verifier_calls=3,corpus/corpus.parquet,,
sgchem_v0.3__tool_forced_l3__spec_v2_aromatic_pref_test__00006,test,tool_forced_l3,L3,spec_v2_aromatic_pref_test,ACCEPT,CC(CO)NC(=O)CN,True,False,3,1,max_steps=3;max_proposals=2;max_verify_calls=1;max_total_verifier_calls=3,corpus/corpus.parquet,,
sgchem_v0.3__tool_forced_l3__spec_v2_aromatic_pref_test__00007,test,tool_forced_l3,L3,spec_v2_aromatic_pref_test,ACCEPT,CCNC(CN)CO,True,False,3,1,max_steps=3;max_proposals=2;max_verify_calls=1;max_total_verifier_calls=3,corpus/corpus.parquet,,
sgchem_v0.3__tool_forced_l3__spec_v2_aromatic_pref_test__00008,test,tool_forced_l3,L3,spec_v2_aromatic_pref_test,ACCEPT,NC(=O)c1cc(C(N)=O)cc(C(N)=O)c1,True,False,3,1,max_steps=3;max_proposals=2;max_verify_calls=1;max_total_verifier_calls=3,corpus/corpus.parquet,,
sgchem_v0.3__tool_forced_l3__spec_v2_aromatic_pref_test__00009,test,tool_forced_l3,L3,spec_v2_aromatic_pref_test,ACCEPT,NCC(=O)NCF,True,False,3,1,max_steps=3;max_proposals=2;max_verify_calls=1;max_total_verifier_calls=3,corpus/corpus.parquet,,
sgchem_v0.3__tool_forced_l3__spec_v2_cns_like_test__00001,test,tool_forced_l3,L3,spec_v2_cns_like_test,ACCEPT,CC(=O)Nc1cc(C(N)=O)ccc1F,True,False,4,1,max_steps=3;max_proposals=2;max_verify_calls=1;max_total_verifier_calls=3,corpus/corpus.parquet,,
sgchem_v0.3__tool_forced_l3__spec_v2_cns_like_test__00002,test,tool_forced_l3,L3,spec_v2_cns_like_test,ACCEPT,CC(=O)Oc1c(N)cccc1N,True,False,4,1,max_steps=3;max_proposals=2;max_verify_calls=1;max_total_verifier_calls=3,corpus/corpus.parquet,,
sgchem_v0.3__tool_forced_l3__spec_v2_cns_like_test__00003,test,tool_forced_l3,L3,spec_v2_cns_like_test,ACCEPT,CC(=O)Oc1cccc(C(N)=O)c1,True,False,4,1,max_steps=3;max_proposals=2;max_verify_calls=1;max_total_verifier_calls=3,corpus/corpus.parquet,,
sgchem_v0.3__tool_forced_l3__spec_v2_cns_like_test__00004,test,tool_forced_l3,L3,spec_v2_cns_like_test,ACCEPT,CC(C)OC(=O)N(CCN)CCN,True,False,4,1,max_steps=3;max_proposals=2;max_verify_calls=1;max_total_verifier_calls=3,corpus/corpus.parquet,,
sgchem_v0.3__tool_forced_l3__spec_v2_cns_like_test__00005,test,tool_forced_l3,L3,spec_v2_cns_like_test,ACCEPT,CC(CO)NC(=O)OCCCl,True,False,4,1,max_steps=3;max_proposals=2;max_verify_calls=1;max_total_verifier_calls=3,corpus/corpus.parquet,,
sgchem_v0.3__tool_forced_l3__spec_v2_cns_like_test__00006,test,tool_forced_l3,L3,spec_v2_cns_like_test,ACCEPT,CC(O)CNC(=O)OCCF,True,False,4,1,max_steps=3;max_proposals=2;max_verify_calls=1;max_total_verifier_calls=3,corpus/corpus.parquet,,
sgchem_v0.3__tool_forced_l3__spec_v2_cns_like_test__00007,test,tool_forced_l3,L3,spec_v2_cns_like_test,ACCEPT,CCN(CC(C)O)C(=O)OCCN,True,False,4,1,max_steps=3;max_proposals=2;max_verify_calls=1;max_total_verifier_calls=3,corpus/corpus.parquet,,
sgchem_v0.3__tool_forced_l3__spec_v2_cns_like_test__00008,test,tool_forced_l3,L3,spec_v2_cns_like_test,ACCEPT,CCN(CCN)C(=O)OC(C)CN,True,False,4,1,max_steps=3;max_proposals=2;max_verify_calls=1;max_total_verifier_calls=3,corpus/corpus.parquet,,
sgchem_v0.3__tool_forced_l3__spec_v2_cns_like_test__00009,test,tool_forced_l3,L3,spec_v2_cns_like_test,ACCEPT,CCN(CCO)C(=O)OCC(C)N,True,False,4,1,max_steps=3;max_proposals=2;max_verify_calls=1;max_total_verifier_calls=3,corpus/corpus.parquet,,
sgchem_v0.3__tool_forced_l3__spec_v2_fragment_tight_train__00001,train,tool_forced_l3,L3,spec_v2_fragment_tight_train,ACCEPT,CC(=O)Oc1cc(C(N)=O)ccc1C(N)=O,True,False,3,1,max_steps=3;max_proposals=2;max_verify_calls=1;max_total_verifier_calls=3,corpus/corpus.parquet,,
sgchem_v0.3__tool_forced_l3__spec_v2_fragment_tight_train__00002,train,tool_forced_l3,L3,spec_v2_fragment_tight_train,ACCEPT,CC(CF)Oc1ccccc1,True,False,3,1,max_steps=3;max_proposals=2;max_verify_calls=1;max_total_verifier_calls=3,corpus/corpus.parquet,,
sgchem_v0.3__tool_forced_l3__spec_v2_fragment_tight_train__00003,train,tool_forced_l3,L3,spec_v2_fragment_tight_train,ACCEPT,CC(N)C(=O)NCCO,True,False,3,1,max_steps=3;max_proposals=2;max_verify_calls=1;max_total_verifier_calls=3,corpus/corpus.parquet,,
sgchem_v0.3__tool_forced_l3__spec_v2_fragment_tight_train__00004,train,tool_forced_l3,L3,spec_v2_fragment_tight_train,ACCEPT,CCC(C)OCF,True,False,3,1,max_steps=3;max_proposals=2;max_verify_calls=1;max_total_verifier_calls=3,corpus/corpus.parquet,,
sgchem_v0.3__tool_forced_l3__spec_v2_fragment_tight_train__00005,train,tool_forced_l3,L3,spec_v2_fragment_tight_train,ACCEPT,CCNCF,True,False,3,1,max_steps=3;max_proposals=2;max_verify_calls=1;max_total_verifier_calls=3,corpus/corpus.parquet,,
sgchem_v0.3__tool_forced_l3__spec_v2_fragment_tight_train__00006,train,tool_forced_l3,L3,spec_v2_fragment_tight_train,ACCEPT,CCOc1ccc(Cl)cc1,True,False,3,1,max_steps=3;max_proposals=2;max_verify_calls=1;max_total_verifier_calls=3,corpus/corpus.parquet,,
sgchem_v0.3__tool_forced_l3__spec_v2_fragment_tight_train__00007,train,tool_forced_l3,L3,spec_v2_fragment_tight_train,ACCEPT,CCOc1ccccc1Cl,True,False,3,1,max_steps=3;max_proposals=2;max_verify_calls=1;max_total_verifier_calls=3,corpus/corpus.parquet,,
sgchem_v0.3__tool_forced_l3__spec_v2_fragment_tight_train__00008,train,tool_forced_l3,L3,spec_v2_fragment_tight_train,ACCEPT,COCC(C)Cl,True,False,3,1,max_steps=3;max_proposals=2;max_verify_calls=1;max_total_verifier_calls=3,corpus/corpus.parquet,,
sgchem_v0.3__tool_forced_l3__spec_v2_fragment_tight_train__00009,train,tool_forced_l3,L3,spec_v2_fragment_tight_train,ACCEPT,COc1cc(F)ccc1Cl,True,False,3,1,max_steps=3;max_proposals=2;max_verify_calls=1;max_total_verifier_calls=3,corpus/corpus.parquet,,
sgchem_v0.3__tool_forced_l3__spec_v2_fragment_ultra_dev__00001,dev,tool_forced_l3,L3,spec_v2_fragment_ultra_dev,ACCEPT,CC(=O)NCCN,True,False,3,1,max_steps=3;max_proposals=2;max_verify_calls=1;max_total_verifier_calls=3,corpus/corpus.parquet,,
sgchem_v0.3__tool_forced_l3__spec_v2_fragment_ultra_dev__00002,dev,tool_forced_l3,L3,spec_v2_fragment_ultra_dev,ACCEPT,CC(=O)Nc1ccc(C(N)=O)cc1N,True,False,3,1,max_steps=3;max_proposals=2;max_verify_calls=1;max_total_verifier_calls=3,corpus/corpus.parquet,,
sgchem_v0.3__tool_forced_l3__spec_v2_fragment_ultra_dev__00003,dev,tool_forced_l3,L3,spec_v2_fragment_ultra_dev,ACCEPT,CC(=O)Oc1cc(C(N)=O)cc(C(N)=O)c1,True,False,3,1,max_steps=3;max_proposals=2;max_verify_calls=1;max_total_verifier_calls=3,corpus/corpus.parquet,,
sgchem_v0.3__tool_forced_l3__spec_v2_fragment_ultra_dev__00004,dev,tool_forced_l3,L3,spec_v2_fragment_ultra_dev,ACCEPT,CC(C)C(N)=O,True,False,3,1,max_steps=3;max_proposals=2;max_verify_calls=1;max_total_verifier_calls=3,corpus/corpus.parquet,,
sgchem_v0.3__tool_forced_l3__spec_v2_fragment_ultra_dev__00005,dev,tool_forced_l3,L3,spec_v2_fragment_ultra_dev,ACCEPT,CC(C)N(CCO)C(=O)OCCN,True,False,3,1,max_steps=3;max_proposals=2;max_verify_calls=1;max_total_verifier_calls=3,corpus/corpus.parquet,,
sgchem_v0.3__tool_forced_l3__spec_v2_fragment_ultra_dev__00006,dev,tool_forced_l3,L3,spec_v2_fragment_ultra_dev,ACCEPT,CC(C)Oc1ccc(Cl)cn1,True,False,3,1,max_steps=3;max_proposals=2;max_verify_calls=1;max_total_verifier_calls=3,corpus/corpus.parquet,,
sgchem_v0.3__tool_forced_l3__spec_v2_fragment_ultra_dev__00007,dev,tool_forced_l3,L3,spec_v2_fragment_ultra_dev,ACCEPT,CC(CN)OC(N)=O,True,False,3,1,max_steps=3;max_proposals=2;max_verify_calls=1;max_total_verifier_calls=3,corpus/corpus.parquet,,
sgchem_v0.3__tool_forced_l3__spec_v2_fragment_ultra_dev__00008,dev,tool_forced_l3,L3,spec_v2_fragment_ultra_dev,ACCEPT,CC(O)CCN,True,False,3,1,max_steps=3;max_proposals=2;max_verify_calls=1;max_total_verifier_calls=3,corpus/corpus.parquet,,
sgchem_v0.3__tool_forced_l3__spec_v2_fragment_ultra_dev__00009,dev,tool_forced_l3,L3,spec_v2_fragment_ultra_dev,ACCEPT,CCCCCCCO,True,False,3,1,max_steps=3;max_proposals=2;max_verify_calls=1;max_total_verifier_calls=3,corpus/corpus.parquet,,
sgchem_v0.3__tool_forced_l3__spec_v2_low_rotor_train__00001,train,tool_forced_l3,L3,spec_v2_low_rotor_train,ACCEPT,CC(=O)OC(C)CN,True,False,3,1,max_steps=3;max_proposals=2;max_verify_calls=1;max_total_verifier_calls=3,corpus/corpus.parquet,,
sgchem_v0.3__tool_forced_l3__spec_v2_low_rotor_train__00002,train,tool_forced_l3,L3,spec_v2_low_rotor_train,ACCEPT,CC(C)N(CCO)CCF,True,False,3,1,max_steps=3;max_proposals=2;max_verify_calls=1;max_total_verifier_calls=3,corpus/corpus.parquet,,
sgchem_v0.3__tool_forced_l3__spec_v2_low_rotor_train__00003,train,tool_forced_l3,L3,spec_v2_low_rotor_train,ACCEPT,CC(N)C(=O)NCCN,True,False,3,1,max_steps=3;max_proposals=2;max_verify_calls=1;max_total_verifier_calls=3,corpus/corpus.parquet,,
sgchem_v0.3__tool_forced_l3__spec_v2_low_rotor_train__00004,train,tool_forced_l3,L3,spec_v2_low_rotor_train,ACCEPT,CCCCCCCCCCF,True,False,3,1,max_steps=3;max_proposals=2;max_verify_calls=1;max_total_verifier_calls=3,corpus/corpus.parquet,,
sgchem_v0.3__tool_forced_l3__spec_v2_low_rotor_train__00005,train,tool_forced_l3,L3,spec_v2_low_rotor_train,ACCEPT,CCN(C(=O)OCCCl)C(C)CO,True,False,3,1,max_steps=3;max_proposals=2;max_verify_calls=1;max_total_verifier_calls=3,corpus/corpus.parquet,,
sgchem_v0.3__tool_forced_l3__spec_v2_low_rotor_train__00006,train,tool_forced_l3,L3,spec_v2_low_rotor_train,ACCEPT,CCN(CC)C(CN)CF,True,False,3,1,max_steps=3;max_proposals=2;max_verify_calls=1;max_total_verifier_calls=3,corpus/corpus.parquet,,
sgchem_v0.3__tool_forced_l3__spec_v2_low_rotor_train__00007,train,tool_forced_l3,L3,spec_v2_low_rotor_train,ACCEPT,CCN(CC)CCO,True,False,3,1,max_steps=3;max_proposals=2;max_verify_calls=1;max_total_verifier_calls=3,corpus/corpus.parquet,,
sgchem_v0.3__tool_forced_l3__spec_v2_low_rotor_train__00008,train,tool_forced_l3,L3,spec_v2_low_rotor_train,ACCEPT,CCN(CCN)C(=O)OC(C)CF,True,False,3,1,max_steps=3;max_proposals=2;max_verify_calls=1;max_total_verifier_calls=3,corpus/corpus.parquet,,
sgchem_v0.3__tool_forced_l3__spec_v2_low_rotor_train__00009,train,tool_forced_l3,L3,spec_v2_low_rotor_train,ACCEPT,CCN(CCN)CC(C)F,True,False,3,1,max_steps=3;max_proposals=2;max_verify_calls=1;max_total_verifier_calls=3,corpus/corpus.parquet,,
sgchem_v0.3__tool_forced_l3__spec_v2_polar_bias_train__00001,train,tool_forced_l3,L3,spec_v2_polar_bias_train,ACCEPT,CC(=O)OCC(C)N,True,False,3,1,max_steps=3;max_proposals=2;max_verify_calls=1;max_total_verifier_calls=3,corpus/corpus.parquet,,
sgchem_v0.3__tool_forced_l3__spec_v2_polar_bias_train__00002,train,tool_forced_l3,L3,spec_v2_polar_bias_train,ACCEPT,CC(CN)OC(N)=O,True,False,3,1,max_steps=3;max_proposals=2;max_verify_calls=1;max_total_verifier_calls=3,corpus/corpus.parquet,,
sgchem_v0.3__tool_forced_l3__spec_v2_polar_bias_train__00003,train,tool_forced_l3,L3,spec_v2_polar_bias_train,ACCEPT,CC(N)Oc1ccccc1,True,False,3,1,max_steps=3;max_proposals=2;max_verify_calls=1;max_total_verifier_calls=3,corpus/corpus.parquet,,
sgchem_v0.3__tool_forced_l3__spec_v2_polar_bias_train__00004,train,tool_forced_l3,L3,spec_v2_polar_bias_train,ACCEPT,CCOc1c(N)cccc1F,True,False,3,1,max_steps=3;max_proposals=2;max_verify_calls=1;max_total_verifier_calls=3,corpus/corpus.parquet,,
sgchem_v0.3__tool_forced_l3__spec_v2_polar_bias_train__00005,train,tool_forced_l3,L3,spec_v2_polar_bias_train,ACCEPT,CCOc1ccc(N)cc1,True,False,3,1,max_steps=3;max_proposals=2;max_verify_calls=1;max_total_verifier_calls=3,corpus/corpus.parquet,,
sgchem_v0.3__tool_forced_l3__spec_v2_polar_bias_train__00006,train,tool_forced_l3,L3,spec_v2_polar_bias_train,ACCEPT,CNC(=O)OCCCl,True,False,3,1,max_steps=3;max_proposals=2;max_verify_calls=1;max_total_verifier_calls=3,corpus/corpus.parquet,,
sgchem_v0.3__tool_forced_l3__spec_v2_polar_bias_train__00007,train,tool_forced_l3,L3,spec_v2_polar_bias_train,ACCEPT,COc1ccc(F)c(N)c1,True,False,3,1,max_steps=3;max_proposals=2;max_verify_calls=1;max_total_verifier_calls=3,corpus/corpus.parquet,,
sgchem_v0.3__tool_forced_l3__spec_v2_polar_bias_train__00008,train,tool_forced_l3,L3,spec_v2_polar_bias_train,ACCEPT,NC(=O)c1cc(C(N)=O)c(C(N)=O)cn1,True,False,3,1,max_steps=3;max_proposals=2;max_verify_calls=1;max_total_verifier_calls=3,corpus/corpus.parquet,,
sgchem_v0.3__tool_forced_l3__spec_v2_polar_bias_train__00009,train,tool_forced_l3,L3,spec_v2_polar_bias_train,ACCEPT,NCCCOCCl,True,False,3,1,max_steps=3;max_proposals=2;max_verify_calls=1;max_total_verifier_calls=3,corpus/corpus.parquet,,
sgchem_v0.3__tool_forced_l3__spec_v2_ro5_balanced_test__00001,test,tool_forced_l3,L3,spec_v2_ro5_balanced_test,ACCEPT,CC(=O)NCC(N)CN,True,False,4,1,max_steps=3;max_proposals=2;max_verify_calls=1;max_total_verifier_calls=3,corpus/corpus.parquet,,
sgchem_v0.3__tool_forced_l3__spec_v2_ro5_balanced_test__00002,test,tool_forced_l3,L3,spec_v2_ro5_balanced_test,ACCEPT,CC(=O)Nc1cc(N)cc(N)c1,True,False,4,1,max_steps=3;max_proposals=2;max_verify_calls=1;max_total_verifier_calls=3,corpus/corpus.parquet,,
sgchem_v0.3__tool_forced_l3__spec_v2_ro5_balanced_test__00003,test,tool_forced_l3,L3,spec_v2_ro5_balanced_test,ACCEPT,CC(=O)Nc1ccc(N)c(F)c1,True,False,4,1,max_steps=3;max_proposals=2;max_verify_calls=1;max_total_verifier_calls=3,corpus/corpus.parquet,,
sgchem_v0.3__tool_forced_l3__spec_v2_ro5_balanced_test__00004,test,tool_forced_l3,L3,spec_v2_ro5_balanced_test,ACCEPT,CC(=O)Nc1cccc(N)c1F,True,False,4,1,max_steps=3;max_proposals=2;max_verify_calls=1;max_total_verifier_calls=3,corpus/corpus.parquet,,
sgchem_v0.3__tool_forced_l3__spec_v2_ro5_balanced_test__00005,test,tool_forced_l3,L3,spec_v2_ro5_balanced_test,ACCEPT,CC(=O)Oc1c(F)cccc1F,True,False,4,1,max_steps=3;max_proposals=2;max_verify_calls=1;max_total_verifier_calls=3,corpus/corpus.parquet,,
sgchem_v0.3__tool_forced_l3__spec_v2_ro5_balanced_test__00006,test,tool_forced_l3,L3,spec_v2_ro5_balanced_test,ACCEPT,CC(=O)Oc1cc(Cl)ccc1Cl,True,False,4,1,max_steps=3;max_proposals=2;max_verify_calls=1;max_total_verifier_calls=3,corpus/corpus.parquet,,
sgchem_v0.3__tool_forced_l3__spec_v2_ro5_balanced_test__00007,test,tool_forced_l3,L3,spec_v2_ro5_balanced_test,ACCEPT,CC(=O)Oc1cc(N)cc(N)c1,True,False,4,1,max_steps=3;max_proposals=2;max_verify_calls=1;max_total_verifier_calls=3,corpus/corpus.parquet,,
sgchem_v0.3__tool_forced_l3__spec_v2_ro5_balanced_test__00008,test,tool_forced_l3,L3,spec_v2_ro5_balanced_test,ACCEPT,CC(=O)Oc1ccc(C(N)=O)cc1N,True,False,4,1,max_steps=3;max_proposals=2;max_verify_calls=1;max_total_verifier_calls=3,corpus/corpus.parquet,,
sgchem_v0.3__tool_forced_l3__spec_v2_ro5_balanced_test__00009,test,tool_forced_l3,L3,spec_v2_ro5_balanced_test,ACCEPT,CC(=O)Oc1ccc(F)c(N)c1,True,False,4,1,max_steps=3;max_proposals=2;max_verify_calls=1;max_total_verifier_calls=3,corpus/corpus.parquet,,
sgchem_v0.3__tool_forced_l3__spec_v2_sa_relaxed_dev__00001,dev,tool_forced_l3,L3,spec_v2_sa_relaxed_dev,ACCEPT,CC(N)C(=O)NCCN,True,False,4,1,max_steps=3;max_proposals=2;max_verify_calls=1;max_total_verifier_calls=3,corpus/corpus.parquet,,
sgchem_v0.3__tool_forced_l3__spec_v2_sa_relaxed_dev__00002,dev,tool_forced_l3,L3,spec_v2_sa_relaxed_dev,ACCEPT,ClCCCl,True,False,4,1,max_steps=3;max_proposals=2;max_verify_calls=1;max_total_verifier_calls=3,corpus/corpus.parquet,,
sgchem_v0.3__tool_forced_l3__spec_v2_sa_relaxed_dev__00003,dev,tool_forced_l3,L3,spec_v2_sa_relaxed_dev,ACCEPT,NC(=O)c1cccc(C(N)=O)c1C(N)=O,True,False,4,1,max_steps=3;max_proposals=2;max_verify_calls=1;max_total_verifier_calls=3,corpus/corpus.parquet,,
sgchem_v0.3__tool_forced_l3__spec_v2_sa_relaxed_dev__00004,dev,tool_forced_l3,L3,spec_v2_sa_relaxed_dev,ACCEPT,NCCNC(=O)CN,True,False,4,1,max_steps=3;max_proposals=2;max_verify_calls=1;max_total_verifier_calls=3,corpus/corpus.parquet,,
sgchem_v0.3__tool_forced_l3__spec_v2_sa_relaxed_dev__00005,dev,tool_forced_l3,L3,spec_v2_sa_relaxed_dev,ACCEPT,CC(=O)NC(CN)CO,True,False,4,1,max_steps=3;max_proposals=2;max_verify_calls=1;max_total_verifier_calls=3,corpus/corpus.parquet,,
sgchem_v0.3__tool_forced_l3__spec_v2_sa_relaxed_dev__00006,dev,tool_forced_l3,L3,spec_v2_sa_relaxed_dev,ACCEPT,CC(N)CNCCN,True,False,4,1,max_steps=3;max_proposals=2;max_verify_calls=1;max_total_verifier_calls=3,corpus/corpus.parquet,,
sgchem_v0.3__tool_forced_l3__spec_v2_sa_relaxed_dev__00007,dev,tool_forced_l3,L3,spec_v2_sa_relaxed_dev,ACCEPT,Fc1ccccc1,True,False,4,1,max_steps=3;max_proposals=2;max_verify_calls=1;max_total_verifier_calls=3,corpus/corpus.parquet,,
sgchem_v0.3__tool_forced_l3__spec_v2_sa_relaxed_dev__00008,dev,tool_forced_l3,L3,spec_v2_sa_relaxed_dev,ACCEPT,NC(=O)c1ccnc(N)c1C(N)=O,True,False,4,1,max_steps=3;max_proposals=2;max_verify_calls=1;max_total_verifier_calls=3,corpus/corpus.parquet,,
sgchem_v0.3__tool_forced_l3__spec_v2_sa_relaxed_dev__00009,dev,tool_forced_l3,L3,spec_v2_sa_relaxed_dev,ACCEPT,NCCOC(=O)CN,True,False,4,1,max_steps=3;max_proposals=2;max_verify_calls=1;max_total_verifier_calls=3,corpus/corpus.parquet,,
sgchem_v0.3__tool_forced_l3__spec_v2_sa_strict_test__00001,test,tool_forced_l3,L3,spec_v2_sa_strict_test,ACCEPT,CC(CF)C(N)=O,True,False,4,1,max_steps=3;max_proposals=2;max_verify_calls=1;max_total_verifier_calls=3,corpus/corpus.parquet,,
sgchem_v0.3__tool_forced_l3__spec_v2_sa_strict_test__00002,test,tool_forced_l3,L3,spec_v2_sa_strict_test,ACCEPT,CC(Cl)C(=O)O,True,False,4,1,max_steps=3;max_proposals=2;max_verify_calls=1;max_total_verifier_calls=3,corpus/corpus.parquet,,
sgchem_v0.3__tool_forced_l3__spec_v2_sa_strict_test__00003,test,tool_forced_l3,L3,spec_v2_sa_strict_test,ACCEPT,CC(N)CCCl,True,False,4,1,max_steps=3;max_proposals=2;max_verify_calls=1;max_total_verifier_calls=3,corpus/corpus.parquet,,
sgchem_v0.3__tool_forced_l3__spec_v2_sa_strict_test__00004,test,tool_forced_l3,L3,spec_v2_sa_strict_test,ACCEPT,CCC(N)CCl,True,False,4,1,max_steps=3;max_proposals=2;max_verify_calls=1;max_total_verifier_calls=3,corpus/corpus.parquet,,
sgchem_v0.3__tool_forced_l3__spec_v2_sa_strict_test__00005,test,tool_forced_l3,L3,spec_v2_sa_strict_test,ACCEPT,CCCCCCCCCCO,True,False,4,1,max_steps=3;max_proposals=2;max_verify_calls=1;max_total_verifier_calls=3,corpus/corpus.parquet,,
sgchem_v0.3__tool_forced_l3__spec_v2_sa_strict_test__00006,test,tool_forced_l3,L3,spec_v2_sa_strict_test,ACCEPT,CCOC(=O)CF,True,False,4,1,max_steps=3;max_proposals=2;max_verify_calls=1;max_total_verifier_calls=3,corpus/corpus.parquet,,
sgchem_v0.3__tool_forced_l3__spec_v2_sa_strict_test__00007,test,tool_forced_l3,L3,spec_v2_sa_strict_test,ACCEPT,COCC(C)Cl,True,False,4,1,max_steps=3;max_proposals=2;max_verify_calls=1;max_total_verifier_calls=3,corpus/corpus.parquet,,
sgchem_v0.3__tool_forced_l3__spec_v2_sa_strict_test__00008,test,tool_forced_l3,L3,spec_v2_sa_strict_test,ACCEPT,NC(=O)c1cccc(C(N)=O)c1C(N)=O,True,False,4,1,max_steps=3;max_proposals=2;max_verify_calls=1;max_total_verifier_calls=3,corpus/corpus.parquet,,
sgchem_v0.3__tool_forced_l3__spec_v2_sa_strict_test__00009,test,tool_forced_l3,L3,spec_v2_sa_strict_test,ACCEPT,NCCN(CCN)CCN,True,False,4,1,max_steps=3;max_proposals=2;max_verify_calls=1;max_total_verifier_calls=3,corpus/corpus.parquet,,
